order_id,order_date,customer_id,customer_type,variety_id,crop,method,quantity,unit_price_inr,discount_pct,revenue_inr,payment_mode,channel,fulfilment
O000001,2024-01-01,C0001,Retail farmer,V07,Chilli,Pro-tray,700,1.27,0.0,889.0,UPI,Walk-in,Self pickup
O000002,2024-01-01,C0002,Retail farmer,V11,Capsicum,Pro-tray,1100,3.12,0.0,3432.0,UPI,Phone call,Self pickup
O000003,2024-01-01,C0001,Retail farmer,V12,Tomato,Pro-tray,1500,1.83,0.0,2745.0,Credit,Walk-in,Self pickup
O000004,2024-01-01,C0003,Home gardener,V12,Tomato,Pro-tray,100,1.82,0.0,182.0,Cash,Phone call,Self pickup
O000005,2024-01-01,C0004,Retail farmer,V13,Brinjal,Nursery bed,1000,0.79,0.0,790.0,Cash,Phone call,Self pickup
O000006,2024-01-02,C0005,Wholesale / dealer,V06,Chilli,Pro-tray,3100,1.31,10.2,3646.78,UPI,Walk-in,Self pickup
O000007,2024-01-02,C0005,Wholesale / dealer,V13,Brinjal,Pro-tray,6100,1.22,10.7,6645.71,UPI,Phone call,Van delivery
O000008,2024-01-03,C0005,Wholesale / dealer,V05,Chilli,Pro-tray,8300,1.59,9.2,11982.88,UPI,Walk-in,Van delivery
O000009,2024-01-03,C0002,Retail farmer,V11,Capsicum,Nursery bed,700,2.43,0.0,1701.0,Cash,Walk-in,Self pickup
O000010,2024-01-04,C0004,Retail farmer,V12,Tomato,Pro-tray,1100,1.76,0.0,1936.0,Cash,Walk-in,Self pickup
O000011,2024-01-05,C0006,Retail farmer,V06,Chilli,Pro-tray,2100,1.26,0.0,2646.0,Credit,Walk-in,Self pickup
O000012,2024-01-05,C0007,Retail farmer,V12,Tomato,Pro-tray,1000,1.79,0.0,1790.0,Cash,Phone call,Self pickup
O000013,2024-01-06,C0008,Wholesale / dealer,V12,Tomato,Pro-tray,3300,1.79,11.3,5239.51,Credit,Walk-in,Self pickup
O000014,2024-01-06,C0009,Wholesale / dealer,V14,Marigold,Nursery bed,6900,1.33,11.6,8112.47,UPI,Walk-in,Van delivery
O000015,2024-01-07,C0010,Home gardener,V13,Brinjal,Pro-tray,160,1.21,0.0,193.6,UPI,Walk-in,Self pickup
O000016,2024-01-09,C0011,Home gardener,V12,Tomato,Pro-tray,50,1.83,0.0,91.5,Cash,Walk-in,Self pickup
O000017,2024-01-10,C0012,Retail farmer,V01,Chilli,Nursery bed,1700,1.07,0.0,1819.0,Cash,Walk-in,Self pickup
O000018,2024-01-10,C0013,Home gardener,V13,Brinjal,Pro-tray,100,1.2,0.0,120.0,UPI,WhatsApp,Self pickup
O000019,2024-01-11,C0002,Retail farmer,V02,Chilli,Nursery bed,4100,1.03,0.0,4223.0,Cash,Phone call,Self pickup
O000020,2024-01-11,C0007,Retail farmer,V01,Chilli,Nursery bed,1900,1.09,0.0,2071.0,Cash,Walk-in,Self pickup
O000021,2024-01-12,C0014,Home gardener,V12,Tomato,Pro-tray,30,1.81,0.0,54.3,Cash,Walk-in,Van delivery
O000022,2024-01-12,C0015,Retail farmer,V12,Tomato,Nursery bed,500,1.28,0.0,640.0,Credit,WhatsApp,Self pickup
O000023,2024-01-12,C0006,Retail farmer,V13,Brinjal,Nursery bed,200,0.79,0.0,158.0,UPI,Walk-in,Self pickup
O000024,2024-01-14,C0016,Retail farmer,V11,Capsicum,Pro-tray,2300,3.23,0.0,7429.0,UPI,Walk-in,Self pickup
O000025,2024-01-14,C0014,Home gardener,V13,Brinjal,Pro-tray,110,1.22,0.0,134.2,Cash,WhatsApp,Self pickup
O000026,2024-01-15,C0016,Retail farmer,V01,Chilli,Nursery bed,1000,1.1,0.0,1100.0,UPI,Walk-in,Self pickup
O000027,2024-01-15,C0017,Retail farmer,V05,Chilli,Nursery bed,1100,1.09,0.0,1199.0,Cash,Walk-in,Self pickup
O000028,2024-01-15,C0017,Retail farmer,V03,Chilli,Nursery bed,1700,1.13,0.0,1921.0,Cash,Walk-in,Self pickup
O000029,2024-01-15,C0002,Retail farmer,V13,Brinjal,Nursery bed,900,0.82,0.0,738.0,UPI,WhatsApp,Self pickup
O000030,2024-01-16,C0018,Retail farmer,V12,Tomato,Pro-tray,500,1.79,0.0,895.0,Cash,WhatsApp,Self pickup
O000031,2024-01-16,C0004,Retail farmer,V13,Brinjal,Nursery bed,600,0.81,0.0,486.0,Cash,WhatsApp,Van delivery
O000032,2024-01-16,C0004,Retail farmer,V15,Marigold,Pro-tray,1100,1.65,0.0,1815.0,UPI,Phone call,Self pickup
O000033,2024-01-17,C0019,Retail farmer,V12,Tomato,Pro-tray,2500,1.81,0.0,4525.0,UPI,Walk-in,Self pickup
O000034,2024-01-17,C0020,Retail farmer,V12,Tomato,Nursery bed,1500,1.26,0.0,1890.0,Cash,WhatsApp,Van delivery
O000035,2024-01-17,C0021,Retail farmer,V15,Marigold,Pro-tray,1500,1.75,0.0,2625.0,Cash,Phone call,Self pickup
O000036,2024-01-20,C0002,Retail farmer,V01,Chilli,Nursery bed,800,1.07,0.0,856.0,Cash,Walk-in,Self pickup
O000037,2024-01-21,C0016,Retail farmer,V03,Chilli,Pro-tray,3300,1.69,0.0,5577.0,Credit,Walk-in,Self pickup
O000038,2024-01-21,C0016,Retail farmer,V08,Chilli,Pro-tray,2100,1.51,0.0,3171.0,UPI,Walk-in,Self pickup
O000039,2024-01-21,C0022,Retail farmer,V12,Tomato,Pro-tray,2000,1.81,0.0,3620.0,Cash,Walk-in,Self pickup
O000040,2024-01-22,C0023,Retail farmer,V01,Chilli,Pro-tray,1800,1.52,0.0,2736.0,Cash,Phone call,Self pickup
O000041,2024-01-22,C0012,Retail farmer,V11,Capsicum,Pro-tray,1000,3.19,0.0,3190.0,Cash,Walk-in,Self pickup
O000042,2024-01-23,C0024,Retail farmer,V01,Chilli,Pro-tray,1000,1.56,0.0,1560.0,UPI,Phone call,Self pickup
O000043,2024-01-23,C0022,Retail farmer,V13,Brinjal,Nursery bed,800,0.8,0.0,640.0,UPI,Walk-in,Van delivery
O000044,2024-01-24,C0017,Retail farmer,V01,Chilli,Pro-tray,1000,1.55,0.0,1550.0,Cash,Phone call,Self pickup
O000045,2024-01-24,C0025,Retail farmer,V06,Chilli,Nursery bed,3100,0.9,0.0,2790.0,UPI,WhatsApp,Self pickup
O000046,2024-01-24,C0001,Retail farmer,V13,Brinjal,Nursery bed,500,0.79,0.0,395.0,UPI,Phone call,Van delivery
O000047,2024-01-24,C0026,Retail farmer,V14,Marigold,Nursery bed,1600,1.32,0.0,2112.0,Cash,Walk-in,Self pickup
O000048,2024-01-26,C0027,Retail farmer,V01,Chilli,Pro-tray,3300,1.58,0.0,5214.0,Cash,Walk-in,Self pickup
O000049,2024-01-26,C0028,Retail farmer,V06,Chilli,Pro-tray,400,1.29,0.0,516.0,UPI,Walk-in,Self pickup
O000050,2024-01-26,C0004,Retail farmer,V01,Chilli,Pro-tray,2000,1.57,0.0,3140.0,UPI,WhatsApp,Self pickup
O000051,2024-01-26,C0020,Retail farmer,V13,Brinjal,Nursery bed,2500,0.78,0.0,1950.0,Cash,Walk-in,Self pickup
O000052,2024-01-27,C0029,Retail farmer,V12,Tomato,Pro-tray,500,1.84,0.0,920.0,Cash,Phone call,Self pickup
O000053,2024-01-27,C0001,Retail farmer,V12,Tomato,Pro-tray,4400,1.81,0.0,7964.0,UPI,Phone call,Self pickup
O000054,2024-01-27,C0030,Retail farmer,V13,Brinjal,Nursery bed,700,0.8,0.0,560.0,Cash,Phone call,Self pickup
O000055,2024-01-28,C0009,Wholesale / dealer,V02,Chilli,Pro-tray,4100,1.48,8.2,5570.42,Cash,Walk-in,Self pickup
O000056,2024-01-30,C0031,Retail farmer,V12,Tomato,Pro-tray,500,1.82,0.0,910.0,Cash,Walk-in,Self pickup
O000057,2024-01-30,C0009,Wholesale / dealer,V13,Brinjal,Nursery bed,3500,0.78,8.4,2500.68,UPI,Walk-in,Self pickup
O000058,2024-01-30,C0031,Retail farmer,V15,Marigold,Pro-tray,1000,1.74,0.0,1740.0,Cash,WhatsApp,Self pickup
O000059,2024-01-31,C0022,Retail farmer,V13,Brinjal,Pro-tray,1300,1.17,0.0,1521.0,Cash,Walk-in,Self pickup
O000060,2024-02-01,C0032,Retail farmer,V06,Chilli,Pro-tray,1700,1.32,0.0,2244.0,Cash,Walk-in,Van delivery
O000061,2024-02-01,C0033,Home gardener,V11,Capsicum,Pro-tray,90,3.22,0.0,289.8,Cash,Walk-in,Self pickup
O000062,2024-02-01,C0034,Retail farmer,V12,Tomato,Nursery bed,1200,1.26,0.0,1512.0,UPI,Walk-in,Self pickup
O000063,2024-02-01,C0022,Retail farmer,V13,Brinjal,Nursery bed,1000,0.8,0.0,800.0,Cash,WhatsApp,Self pickup
O000064,2024-02-01,C0035,Home gardener,V13,Brinjal,Pro-tray,140,1.23,0.0,172.2,Credit,Walk-in,Self pickup
O000065,2024-02-02,C0007,Retail farmer,V07,Chilli,Nursery bed,800,0.9,0.0,720.0,UPI,Phone call,Self pickup
O000066,2024-02-02,C0036,Retail farmer,V13,Brinjal,Pro-tray,1100,1.21,0.0,1331.0,UPI,Walk-in,Self pickup
O000067,2024-02-04,C0005,Wholesale / dealer,V11,Capsicum,Pro-tray,2200,3.14,10.1,6210.29,UPI,Walk-in,Self pickup
O000068,2024-02-05,C0037,Retail farmer,V12,Tomato,Nursery bed,600,1.22,0.0,732.0,Cash,Walk-in,Self pickup
O000069,2024-02-06,C0038,Retail farmer,V13,Brinjal,Pro-tray,1100,1.22,0.0,1342.0,UPI,Walk-in,Self pickup
O000070,2024-02-08,C0022,Retail farmer,V12,Tomato,Pro-tray,1000,1.85,0.0,1850.0,Credit,Phone call,Self pickup
O000071,2024-02-08,C0039,Retail farmer,V12,Tomato,Pro-tray,1300,1.76,0.0,2288.0,Credit,Walk-in,Self pickup
O000072,2024-02-09,C0040,Retail farmer,V12,Tomato,Pro-tray,1000,1.77,0.0,1770.0,Credit,Phone call,Self pickup
O000073,2024-02-09,C0009,Wholesale / dealer,V13,Brinjal,Nursery bed,16200,0.81,8.8,11967.26,Credit,Walk-in,Self pickup
O000074,2024-02-11,C0001,Retail farmer,V04,Chilli,Nursery bed,700,1.2,0.0,840.0,Credit,Walk-in,Self pickup
O000075,2024-02-11,C0041,Retail farmer,V01,Chilli,Pro-tray,1800,1.57,0.0,2826.0,Credit,Walk-in,Self pickup
O000076,2024-02-11,C0023,Retail farmer,V12,Tomato,Pro-tray,1300,1.79,0.0,2327.0,UPI,Walk-in,Self pickup
O000077,2024-02-12,C0022,Retail farmer,V01,Chilli,Nursery bed,600,1.08,0.0,648.0,UPI,Walk-in,Van delivery
O000078,2024-02-12,C0042,Retail farmer,V06,Chilli,Nursery bed,1900,0.9,0.0,1710.0,UPI,WhatsApp,Self pickup
O000079,2024-02-12,C0043,Retail farmer,V12,Tomato,Pro-tray,1200,1.81,0.0,2172.0,Cash,WhatsApp,Self pickup
O000080,2024-02-13,C0044,Retail farmer,V12,Tomato,Nursery bed,1300,1.25,0.0,1625.0,Cash,Walk-in,Self pickup
O000081,2024-02-13,C0024,Retail farmer,V12,Tomato,Pro-tray,900,1.84,0.0,1656.0,Cash,Walk-in,Self pickup
O000082,2024-02-13,C0045,Retail farmer,V15,Marigold,Pro-tray,1400,1.69,0.0,2366.0,UPI,WhatsApp,Self pickup
O000083,2024-02-14,C0038,Retail farmer,V06,Chilli,Pro-tray,600,1.27,0.0,762.0,Cash,Walk-in,Self pickup
O000084,2024-02-14,C0046,Wholesale / dealer,V12,Tomato,Nursery bed,10400,1.24,8.2,11838.53,Credit,Walk-in,Self pickup
O000085,2024-02-14,C0047,Retail farmer,V12,Tomato,Nursery bed,1000,1.25,0.0,1250.0,Credit,Walk-in,Self pickup
O000086,2024-02-15,C0048,Retail farmer,V13,Brinjal,Pro-tray,800,1.23,0.0,984.0,UPI,Walk-in,Self pickup
O000087,2024-02-16,C0002,Retail farmer,V13,Brinjal,Pro-tray,900,1.17,0.0,1053.0,Cash,Walk-in,Self pickup
O000088,2024-02-16,C0041,Retail farmer,V14,Marigold,Pro-tray,1200,1.85,0.0,2220.0,UPI,Walk-in,Self pickup
O000089,2024-02-17,C0046,Wholesale / dealer,V14,Marigold,Pro-tray,1600,1.79,11.0,2548.96,Credit,Phone call,Self pickup
O000090,2024-02-19,C0019,Retail farmer,V15,Marigold,Pro-tray,3500,1.71,0.0,5985.0,Cash,Phone call,Van delivery
O000091,2024-02-20,C0049,Retail farmer,V14,Marigold,Pro-tray,1400,1.81,0.0,2534.0,Cash,WhatsApp,Van delivery
O000092,2024-02-21,C0050,Retail farmer,V13,Brinjal,Nursery bed,500,0.8,0.0,400.0,Cash,WhatsApp,Self pickup
O000093,2024-02-21,C0050,Retail farmer,V15,Marigold,Pro-tray,1400,1.71,0.0,2394.0,Cash,Walk-in,Self pickup
O000094,2024-02-22,C0007,Retail farmer,V03,Chilli,Nursery bed,1200,1.18,0.0,1416.0,Cash,Walk-in,Self pickup
O000095,2024-02-24,C0051,Retail farmer,V13,Brinjal,Nursery bed,1200,0.78,0.0,936.0,Credit,Walk-in,Van delivery
O000096,2024-02-25,C0052,Retail farmer,V08,Chilli,Pro-tray,2300,1.5,0.0,3450.0,UPI,Walk-in,Self pickup
O000097,2024-02-25,C0053,Retail farmer,V01,Chilli,Nursery bed,500,1.1,0.0,550.0,Credit,WhatsApp,Self pickup
O000098,2024-02-25,C0054,Retail farmer,V15,Marigold,Pro-tray,2400,1.69,0.0,4056.0,Cash,Walk-in,Self pickup
O000099,2024-02-27,C0034,Retail farmer,V03,Chilli,Nursery bed,1700,1.15,0.0,1955.0,Cash,Walk-in,Self pickup
O000100,2024-02-27,C0017,Retail farmer,V12,Tomato,Pro-tray,1700,1.84,0.0,3128.0,UPI,Walk-in,Van delivery
O000101,2024-02-27,C0001,Retail farmer,V14,Marigold,Nursery bed,1000,1.33,0.0,1330.0,UPI,Walk-in,Self pickup
O000102,2024-02-27,C0047,Retail farmer,V15,Marigold,Pro-tray,1000,1.69,0.0,1690.0,Cash,WhatsApp,Self pickup
O000103,2024-02-28,C0055,Retail farmer,V11,Capsicum,Pro-tray,1400,3.27,0.0,4578.0,Credit,Walk-in,Self pickup
O000104,2024-02-28,C0056,Retail farmer,V12,Tomato,Pro-tray,500,1.79,0.0,895.0,Cash,Walk-in,Self pickup
O000105,2024-02-28,C0057,Retail farmer,V12,Tomato,Pro-tray,400,1.85,0.0,740.0,Cash,Walk-in,Self pickup
O000106,2024-02-29,C0030,Retail farmer,V13,Brinjal,Nursery bed,3100,0.82,0.0,2542.0,Credit,Walk-in,Self pickup
O000107,2024-02-29,C0019,Retail farmer,V14,Marigold,Pro-tray,2600,1.82,0.0,4732.0,UPI,Walk-in,Self pickup
O000108,2024-03-02,C0044,Retail farmer,V10,Chilli,Pro-tray,2800,1.34,0.0,3752.0,Cash,Phone call,Van delivery
O000109,2024-03-02,C0058,Retail farmer,V11,Capsicum,Pro-tray,1200,3.23,0.0,3876.0,UPI,Walk-in,Self pickup
O000110,2024-03-02,C0040,Retail farmer,V13,Brinjal,Pro-tray,1600,1.2,0.0,1920.0,UPI,Walk-in,Self pickup
O000111,2024-03-03,C0059,Retail farmer,V12,Tomato,Nursery bed,1000,1.23,0.0,1230.0,Cash,Walk-in,Self pickup
O000112,2024-03-04,C0060,Retail farmer,V02,Chilli,Pro-tray,1100,1.52,0.0,1672.0,Cash,Walk-in,Self pickup
O000113,2024-03-04,C0026,Retail farmer,V12,Tomato,Pro-tray,1600,1.77,0.0,2832.0,UPI,Walk-in,Self pickup
O000114,2024-03-05,C0015,Retail farmer,V12,Tomato,Nursery bed,300,1.28,0.0,384.0,Credit,Phone call,Van delivery
O000115,2024-03-06,C0061,Retail farmer,V05,Chilli,Nursery bed,4500,1.1,0.0,4950.0,UPI,Phone call,Self pickup
O000116,2024-03-07,C0062,Retail farmer,V01,Chilli,Pro-tray,1000,1.59,0.0,1590.0,Cash,Phone call,Self pickup
O000117,2024-03-07,C0026,Retail farmer,V02,Chilli,Nursery bed,1600,1.06,0.0,1696.0,UPI,Walk-in,Self pickup
O000118,2024-03-08,C0061,Retail farmer,V01,Chilli,Pro-tray,2600,1.6,0.0,4160.0,Cash,Walk-in,Self pickup
O000119,2024-03-08,C0063,Retail farmer,V13,Brinjal,Pro-tray,400,1.23,0.0,492.0,UPI,Phone call,Self pickup
O000120,2024-03-08,C0018,Retail farmer,V15,Marigold,Pro-tray,2400,1.67,0.0,4008.0,Cash,Walk-in,Self pickup
O000121,2024-03-09,C0053,Retail farmer,V02,Chilli,Pro-tray,1000,1.49,0.0,1490.0,Cash,Phone call,Van delivery
O000122,2024-03-09,C0064,Retail farmer,V13,Brinjal,Nursery bed,2200,0.78,0.0,1716.0,UPI,Walk-in,Van delivery
O000123,2024-03-10,C0037,Retail farmer,V08,Chilli,Nursery bed,1200,1.07,0.0,1284.0,Cash,Walk-in,Self pickup
O000124,2024-03-10,C0065,Retail farmer,V09,Chilli,Pro-tray,2000,1.72,0.0,3440.0,Cash,Walk-in,Self pickup
O000125,2024-03-10,C0042,Retail farmer,V10,Chilli,Pro-tray,1400,1.35,0.0,1890.0,Credit,Walk-in,Self pickup
O000126,2024-03-10,C0021,Retail farmer,V07,Chilli,Pro-tray,600,1.28,0.0,768.0,Cash,Phone call,Self pickup
O000127,2024-03-11,C0066,Wholesale / dealer,V03,Chilli,Nursery bed,7200,1.18,8.2,7799.33,Credit,Walk-in,Self pickup
O000128,2024-03-11,C0043,Retail farmer,V13,Brinjal,Nursery bed,700,0.81,0.0,567.0,UPI,Walk-in,Self pickup
O000129,2024-03-12,C0016,Retail farmer,V12,Tomato,Nursery bed,1300,1.28,0.0,1664.0,Cash,Walk-in,Self pickup
O000130,2024-03-12,C0005,Wholesale / dealer,V15,Marigold,Pro-tray,6100,1.74,10.6,9488.92,UPI,Phone call,Van delivery
O000131,2024-03-13,C0067,Retail farmer,V02,Chilli,Pro-tray,3400,1.53,0.0,5202.0,Cash,Phone call,Self pickup
O000132,2024-03-13,C0027,Retail farmer,V13,Brinjal,Pro-tray,1300,1.21,0.0,1573.0,UPI,Phone call,Self pickup
O000133,2024-03-15,C0050,Retail farmer,V05,Chilli,Nursery bed,700,1.12,0.0,784.0,UPI,WhatsApp,Self pickup
O000134,2024-03-15,C0065,Retail farmer,V07,Chilli,Pro-tray,1600,1.25,0.0,2000.0,Credit,Walk-in,Self pickup
O000135,2024-03-16,C0068,Wholesale / dealer,V05,Chilli,Pro-tray,3900,1.61,9.3,5695.05,UPI,Walk-in,Self pickup
O000136,2024-03-16,C0064,Retail farmer,V07,Chilli,Nursery bed,500,0.87,0.0,435.0,Cash,Walk-in,Self pickup
O000137,2024-03-16,C0022,Retail farmer,V11,Capsicum,Nursery bed,1800,2.4,0.0,4320.0,UPI,Walk-in,Self pickup
O000138,2024-03-16,C0069,Retail farmer,V11,Capsicum,Pro-tray,500,3.21,0.0,1605.0,UPI,Walk-in,Self pickup
O000139,2024-03-18,C0069,Retail farmer,V01,Chilli,Nursery bed,1300,1.07,0.0,1391.0,Cash,Phone call,Self pickup
O000140,2024-03-19,C0070,Home gardener,V12,Tomato,Pro-tray,140,1.77,0.0,247.8,UPI,Phone call,Self pickup
O000141,2024-03-20,C0005,Wholesale / dealer,V03,Chilli,Nursery bed,6800,1.16,10.4,7067.65,Credit,Phone call,Van delivery
O000142,2024-03-22,C0071,Retail farmer,V01,Chilli,Nursery bed,800,1.07,0.0,856.0,UPI,WhatsApp,Self pickup
O000143,2024-03-22,C0072,Retail farmer,V12,Tomato,Pro-tray,1000,1.83,0.0,1830.0,Cash,Phone call,Self pickup
O000144,2024-03-22,C0073,Retail farmer,V14,Marigold,Pro-tray,1000,1.85,0.0,1850.0,UPI,Walk-in,Self pickup
O000145,2024-03-23,C0056,Retail farmer,V12,Tomato,Pro-tray,400,1.82,0.0,728.0,Cash,Walk-in,Self pickup
O000146,2024-03-23,C0056,Retail farmer,V14,Marigold,Nursery bed,1000,1.27,0.0,1270.0,Credit,Walk-in,Self pickup
O000147,2024-03-24,C0074,Retail farmer,V01,Chilli,Pro-tray,2300,1.55,0.0,3565.0,Cash,Walk-in,Self pickup
O000148,2024-03-25,C0075,Retail farmer,V06,Chilli,Pro-tray,1700,1.29,0.0,2193.0,Cash,Walk-in,Van delivery
O000149,2024-03-25,C0031,Retail farmer,V07,Chilli,Pro-tray,1800,1.26,0.0,2268.0,Credit,WhatsApp,Self pickup
O000150,2024-03-25,C0038,Retail farmer,V13,Brinjal,Pro-tray,400,1.23,0.0,492.0,Cash,Walk-in,Self pickup
O000151,2024-03-26,C0016,Retail farmer,V10,Chilli,Pro-tray,1000,1.33,0.0,1330.0,Cash,Phone call,Self pickup
O000152,2024-03-26,C0026,Retail farmer,V13,Brinjal,Pro-tray,1300,1.21,0.0,1573.0,Cash,Phone call,Self pickup
O000153,2024-03-27,C0073,Retail farmer,V06,Chilli,Pro-tray,1600,1.29,0.0,2064.0,Cash,Walk-in,Self pickup
O000154,2024-03-27,C0008,Wholesale / dealer,V07,Chilli,Nursery bed,2800,0.89,12.0,2192.96,UPI,Walk-in,Self pickup
O000155,2024-03-27,C0009,Wholesale / dealer,V14,Marigold,Pro-tray,3200,1.78,8.8,5194.75,UPI,Walk-in,Van delivery
O000156,2024-03-28,C0029,Retail farmer,V12,Tomato,Pro-tray,1600,1.83,0.0,2928.0,UPI,WhatsApp,Self pickup
O000157,2024-03-28,C0076,Retail farmer,V12,Tomato,Nursery bed,400,1.29,0.0,516.0,UPI,Walk-in,Self pickup
O000158,2024-03-28,C0064,Retail farmer,V13,Brinjal,Pro-tray,1100,1.17,0.0,1287.0,Cash,Walk-in,Self pickup
O000159,2024-03-29,C0037,Retail farmer,V03,Chilli,Pro-tray,1500,1.62,0.0,2430.0,Cash,Phone call,Self pickup
O000160,2024-03-29,C0023,Retail farmer,V10,Chilli,Nursery bed,1800,0.97,0.0,1746.0,Cash,Walk-in,Self pickup
O000161,2024-03-29,C0062,Retail farmer,V12,Tomato,Pro-tray,700,1.83,0.0,1281.0,Cash,Walk-in,Self pickup
O000162,2024-03-29,C0028,Retail farmer,V14,Marigold,Nursery bed,800,1.27,0.0,1016.0,Cash,WhatsApp,Self pickup
O000163,2024-03-29,C0067,Retail farmer,V14,Marigold,Pro-tray,500,1.85,0.0,925.0,Cash,Walk-in,Self pickup
O000164,2024-03-30,C0068,Wholesale / dealer,V13,Brinjal,Pro-tray,3400,1.23,11.0,3721.98,Credit,Walk-in,Self pickup
O000165,2024-04-01,C0031,Retail farmer,V03,Chilli,Pro-tray,1400,1.64,0.0,2296.0,UPI,WhatsApp,Self pickup
O000166,2024-04-02,C0077,Retail farmer,V01,Chilli,Nursery bed,1400,1.11,0.0,1554.0,UPI,Phone call,Self pickup
O000167,2024-04-02,C0071,Retail farmer,V01,Chilli,Nursery bed,2100,1.12,0.0,2352.0,UPI,Walk-in,Self pickup
O000168,2024-04-02,C0030,Retail farmer,V13,Brinjal,Nursery bed,600,0.81,0.0,486.0,Cash,Walk-in,Self pickup
O000169,2024-04-03,C0078,Retail farmer,V12,Tomato,Pro-tray,600,1.8,0.0,1080.0,Cash,Phone call,Van delivery
O000170,2024-04-04,C0079,Wholesale / dealer,V07,Chilli,Pro-tray,3600,1.22,9.6,3970.37,Cash,Walk-in,Self pickup
O000171,2024-04-05,C0080,Retail farmer,V06,Chilli,Nursery bed,5200,0.9,0.3,4665.96,Cash,Walk-in,Self pickup
O000172,2024-04-05,C0079,Wholesale / dealer,V12,Tomato,Pro-tray,2700,1.81,9.7,4412.96,Credit,Walk-in,Self pickup
O000173,2024-04-05,C0080,Retail farmer,V13,Brinjal,Nursery bed,1100,0.79,0.0,869.0,Cash,Walk-in,Self pickup
O000174,2024-04-06,C0039,Retail farmer,V01,Chilli,Nursery bed,3400,1.08,0.0,3672.0,UPI,Phone call,Van delivery
O000175,2024-04-06,C0081,Retail farmer,V13,Brinjal,Nursery bed,800,0.79,0.0,632.0,Cash,Phone call,Self pickup
O000176,2024-04-07,C0082,Retail farmer,V02,Chilli,Nursery bed,1800,1.04,0.0,1872.0,Credit,Phone call,Self pickup
O000177,2024-04-07,C0019,Retail farmer,V01,Chilli,Pro-tray,1200,1.51,0.0,1812.0,Credit,Walk-in,Self pickup
O000178,2024-04-07,C0046,Wholesale / dealer,V09,Chilli,Nursery bed,10000,1.21,11.0,10769.0,Credit,Phone call,Van delivery
O000179,2024-04-07,C0030,Retail farmer,V06,Chilli,Nursery bed,2800,0.91,0.0,2548.0,Credit,Walk-in,Self pickup
O000180,2024-04-08,C0081,Retail farmer,V07,Chilli,Nursery bed,2100,0.89,0.0,1869.0,Cash,Walk-in,Self pickup
O000181,2024-04-08,C0083,Wholesale / dealer,V06,Chilli,Pro-tray,3700,1.31,10.4,4342.91,UPI,Walk-in,Self pickup
O000182,2024-04-08,C0073,Retail farmer,V01,Chilli,Pro-tray,2800,1.54,0.0,4312.0,Credit,Walk-in,Van delivery
O000183,2024-04-09,C0084,Retail farmer,V10,Chilli,Pro-tray,2600,1.38,0.0,3588.0,Credit,Walk-in,Self pickup
O000184,2024-04-09,C0074,Retail farmer,V14,Marigold,Nursery bed,800,1.3,0.0,1040.0,UPI,Walk-in,Van delivery
O000185,2024-04-10,C0005,Wholesale / dealer,V02,Chilli,Pro-tray,3400,1.51,9.5,4646.27,UPI,WhatsApp,Self pickup
O000186,2024-04-10,C0031,Retail farmer,V12,Tomato,Nursery bed,1000,1.28,0.0,1280.0,UPI,Phone call,Self pickup
O000187,2024-04-11,C0001,Retail farmer,V03,Chilli,Nursery bed,1000,1.14,0.0,1140.0,Cash,Walk-in,Self pickup
O000188,2024-04-11,C0085,Retail farmer,V11,Capsicum,Pro-tray,1600,3.11,0.0,4976.0,UPI,Phone call,Self pickup
O000189,2024-04-12,C0018,Retail farmer,V07,Chilli,Nursery bed,2000,0.89,0.0,1780.0,UPI,Phone call,Van delivery
O000190,2024-04-12,C0078,Retail farmer,V01,Chilli,Pro-tray,1400,1.54,0.0,2156.0,Cash,Walk-in,Self pickup
O000191,2024-04-12,C0086,Home gardener,V12,Tomato,Pro-tray,110,1.79,0.0,196.9,Credit,WhatsApp,Self pickup
O000192,2024-04-12,C0087,Home gardener,V13,Brinjal,Pro-tray,30,1.21,0.0,36.3,Cash,WhatsApp,Self pickup
O000193,2024-04-13,C0088,Retail farmer,V08,Chilli,Nursery bed,1500,1.13,0.0,1695.0,Cash,WhatsApp,Self pickup
O000194,2024-04-14,C0089,Retail farmer,V04,Chilli,Pro-tray,3200,1.67,0.0,5344.0,UPI,Phone call,Self pickup
O000195,2024-04-14,C0090,Retail farmer,V07,Chilli,Nursery bed,2100,0.9,0.0,1890.0,Credit,Walk-in,Self pickup
O000196,2024-04-14,C0052,Retail farmer,V03,Chilli,Nursery bed,2700,1.13,0.0,3051.0,UPI,Walk-in,Self pickup
O000197,2024-04-14,C0026,Retail farmer,V12,Tomato,Nursery bed,900,1.24,0.0,1116.0,Cash,Phone call,Self pickup
O000198,2024-04-14,C0065,Retail farmer,V13,Brinjal,Nursery bed,1000,0.8,0.0,800.0,Cash,Phone call,Self pickup
O000199,2024-04-15,C0091,Retail farmer,V01,Chilli,Pro-tray,2200,1.57,0.0,3454.0,Cash,Walk-in,Self pickup
O000200,2024-04-15,C0061,Retail farmer,V02,Chilli,Pro-tray,1800,1.54,0.0,2772.0,Cash,Walk-in,Self pickup
O000201,2024-04-15,C0092,Home gardener,V05,Chilli,Pro-tray,90,1.61,0.0,144.9,Cash,Phone call,Self pickup
O000202,2024-04-15,C0093,Retail farmer,V07,Chilli,Pro-tray,1200,1.28,0.0,1536.0,Cash,Walk-in,Self pickup
O000203,2024-04-15,C0001,Retail farmer,V01,Chilli,Pro-tray,3500,1.56,0.0,5460.0,Cash,Phone call,Self pickup
O000204,2024-04-16,C0094,Home gardener,V07,Chilli,Pro-tray,40,1.28,0.0,51.2,UPI,WhatsApp,Self pickup
O000205,2024-04-16,C0012,Retail farmer,V12,Tomato,Nursery bed,1300,1.26,0.0,1638.0,UPI,WhatsApp,Self pickup
O000206,2024-04-16,C0015,Retail farmer,V13,Brinjal,Nursery bed,900,0.79,0.0,711.0,Cash,Walk-in,Self pickup
O000207,2024-04-17,C0059,Retail farmer,V01,Chilli,Nursery bed,700,1.12,0.0,784.0,UPI,Phone call,Self pickup
O000208,2024-04-17,C0054,Retail farmer,V10,Chilli,Pro-tray,900,1.36,0.0,1224.0,Cash,Walk-in,Self pickup
O000209,2024-04-17,C0068,Wholesale / dealer,V01,Chilli,Nursery bed,2600,1.07,10.2,2498.24,Cash,Phone call,Self pickup
O000210,2024-04-17,C0076,Retail farmer,V06,Chilli,Pro-tray,1000,1.34,0.0,1340.0,UPI,Walk-in,Self pickup
O000211,2024-04-18,C0095,Retail farmer,V01,Chilli,Nursery bed,1900,1.1,0.0,2090.0,Cash,Walk-in,Van delivery
O000212,2024-04-18,C0096,Retail farmer,V03,Chilli,Pro-tray,1100,1.68,0.0,1848.0,Cash,Phone call,Self pickup
O000213,2024-04-18,C0076,Retail farmer,V03,Chilli,Pro-tray,1300,1.63,0.0,2119.0,Cash,Walk-in,Self pickup
O000214,2024-04-18,C0052,Retail farmer,V12,Tomato,Pro-tray,600,1.77,0.0,1062.0,Cash,Walk-in,Self pickup
O000215,2024-04-19,C0097,Home gardener,V01,Chilli,Pro-tray,20,1.51,0.0,30.2,Cash,Walk-in,Self pickup
O000216,2024-04-19,C0098,Retail farmer,V11,Capsicum,Pro-tray,1200,3.18,0.0,3816.0,Credit,Walk-in,Self pickup
O000217,2024-04-19,C0078,Retail farmer,V12,Tomato,Nursery bed,900,1.25,0.0,1125.0,UPI,Walk-in,Self pickup
O000218,2024-04-20,C0008,Wholesale / dealer,V06,Chilli,Pro-tray,3400,1.31,9.5,4030.87,Credit,Phone call,Self pickup
O000219,2024-04-21,C0099,Retail farmer,V13,Brinjal,Pro-tray,1100,1.19,0.0,1309.0,UPI,WhatsApp,Self pickup
O000220,2024-04-22,C0009,Wholesale / dealer,V01,Chilli,Pro-tray,5700,1.59,8.4,8301.71,UPI,Walk-in,Van delivery
O000221,2024-04-22,C0100,Retail farmer,V01,Chilli,Pro-tray,1200,1.52,0.0,1824.0,Credit,Walk-in,Self pickup
O000222,2024-04-22,C0036,Retail farmer,V12,Tomato,Nursery bed,3300,1.23,0.0,4059.0,Cash,Walk-in,Self pickup
O000223,2024-04-22,C0060,Retail farmer,V13,Brinjal,Nursery bed,400,0.81,0.0,324.0,Cash,WhatsApp,Self pickup
O000224,2024-04-23,C0101,Retail farmer,V06,Chilli,Pro-tray,3000,1.32,0.0,3960.0,Cash,WhatsApp,Self pickup
O000225,2024-04-23,C0082,Retail farmer,V12,Tomato,Pro-tray,300,1.8,0.0,540.0,UPI,Walk-in,Self pickup
O000226,2024-04-23,C0102,Retail farmer,V13,Brinjal,Pro-tray,900,1.18,0.0,1062.0,Credit,Phone call,Self pickup
O000227,2024-04-24,C0082,Retail farmer,V10,Chilli,Pro-tray,1400,1.38,0.0,1932.0,Cash,WhatsApp,Self pickup
O000228,2024-04-24,C0064,Retail farmer,V05,Chilli,Nursery bed,1700,1.1,0.0,1870.0,Cash,Phone call,Self pickup
O000229,2024-04-24,C0055,Retail farmer,V03,Chilli,Pro-tray,1000,1.62,0.0,1620.0,UPI,Walk-in,Self pickup
O000230,2024-04-24,C0103,Retail farmer,V12,Tomato,Nursery bed,1000,1.23,0.0,1230.0,Cash,Phone call,Self pickup
O000231,2024-04-25,C0083,Wholesale / dealer,V01,Chilli,Pro-tray,8900,1.52,11.8,11931.7,Credit,Phone call,Van delivery
O000232,2024-04-25,C0050,Retail farmer,V01,Chilli,Nursery bed,1600,1.08,0.0,1728.0,UPI,Phone call,Self pickup
O000233,2024-04-25,C0063,Retail farmer,V02,Chilli,Pro-tray,2000,1.48,0.0,2960.0,Cash,Walk-in,Self pickup
O000234,2024-04-25,C0031,Retail farmer,V01,Chilli,Nursery bed,800,1.1,0.0,880.0,Credit,Walk-in,Self pickup
O000235,2024-04-25,C0074,Retail farmer,V01,Chilli,Nursery bed,1500,1.09,0.0,1635.0,Cash,WhatsApp,Self pickup
O000236,2024-04-25,C0082,Retail farmer,V07,Chilli,Nursery bed,3000,0.86,0.0,2580.0,Cash,Phone call,Self pickup
O000237,2024-04-25,C0019,Retail farmer,V15,Marigold,Pro-tray,2000,1.71,0.0,3420.0,UPI,Walk-in,Van delivery
O000238,2024-04-26,C0083,Wholesale / dealer,V08,Chilli,Pro-tray,6500,1.59,9.0,9404.85,UPI,Walk-in,Van delivery
O000239,2024-04-26,C0104,Retail farmer,V01,Chilli,Pro-tray,1000,1.51,0.0,1510.0,UPI,Phone call,Self pickup
O000240,2024-04-26,C0005,Wholesale / dealer,V01,Chilli,Nursery bed,8500,1.13,10.6,8586.87,Credit,Walk-in,Van delivery
O000241,2024-04-26,C0079,Wholesale / dealer,V01,Chilli,Pro-tray,14500,1.56,8.6,20674.68,Credit,Walk-in,Van delivery
O000242,2024-04-26,C0032,Retail farmer,V07,Chilli,Nursery bed,4000,0.86,0.0,3440.0,UPI,Phone call,Self pickup
O000243,2024-04-27,C0105,Retail farmer,V13,Brinjal,Nursery bed,600,0.82,0.0,492.0,Cash,Walk-in,Self pickup
O000244,2024-04-27,C0032,Retail farmer,V14,Marigold,Pro-tray,1700,1.75,0.0,2975.0,UPI,Walk-in,Van delivery
O000245,2024-04-29,C0106,Retail farmer,V10,Chilli,Pro-tray,2700,1.36,0.0,3672.0,UPI,Phone call,Self pickup
O000246,2024-05-01,C0107,Retail farmer,V03,Chilli,Nursery bed,2900,1.15,0.0,3335.0,Cash,WhatsApp,Self pickup
O000247,2024-05-01,C0066,Wholesale / dealer,V10,Chilli,Pro-tray,8700,1.37,8.2,10941.64,Cash,Walk-in,Van delivery
O000248,2024-05-01,C0039,Retail farmer,V11,Capsicum,Pro-tray,1500,3.25,0.0,4875.0,Cash,Walk-in,Self pickup
O000249,2024-05-01,C0002,Retail farmer,V13,Brinjal,Nursery bed,900,0.79,0.0,711.0,Credit,Walk-in,Self pickup
O000250,2024-05-02,C0108,Retail farmer,V03,Chilli,Nursery bed,1900,1.12,0.0,2128.0,Cash,Phone call,Self pickup
O000251,2024-05-02,C0109,Retail farmer,V01,Chilli,Pro-tray,800,1.53,0.0,1224.0,Cash,Walk-in,Self pickup
O000252,2024-05-02,C0110,Retail farmer,V02,Chilli,Pro-tray,2600,1.51,0.0,3926.0,Cash,Walk-in,Van delivery
O000253,2024-05-02,C0111,Retail farmer,V12,Tomato,Pro-tray,900,1.75,0.0,1575.0,Credit,Walk-in,Self pickup
O000254,2024-05-02,C0112,Retail farmer,V13,Brinjal,Nursery bed,700,0.8,0.0,560.0,Cash,Walk-in,Van delivery
O000255,2024-05-03,C0113,Retail farmer,V06,Chilli,Pro-tray,2500,1.3,0.0,3250.0,Credit,WhatsApp,Self pickup
O000256,2024-05-03,C0052,Retail farmer,V01,Chilli,Nursery bed,1500,1.1,0.0,1650.0,Cash,Walk-in,Self pickup
O000257,2024-05-03,C0114,Retail farmer,V12,Tomato,Pro-tray,1300,1.8,0.0,2340.0,Cash,WhatsApp,Self pickup
O000258,2024-05-03,C0066,Wholesale / dealer,V14,Marigold,Pro-tray,4000,1.81,9.1,6581.16,Cash,Walk-in,Self pickup
O000259,2024-05-04,C0115,Retail farmer,V07,Chilli,Nursery bed,1500,0.86,0.0,1290.0,Credit,Phone call,Van delivery
O000260,2024-05-04,C0116,Retail farmer,V03,Chilli,Nursery bed,1400,1.14,0.0,1596.0,UPI,Phone call,Self pickup
O000261,2024-05-04,C0117,Retail farmer,V03,Chilli,Pro-tray,2100,1.64,0.0,3444.0,UPI,Walk-in,Self pickup
O000262,2024-05-04,C0118,Retail farmer,V13,Brinjal,Nursery bed,700,0.81,0.0,567.0,Cash,Walk-in,Self pickup
O000263,2024-05-05,C0053,Retail farmer,V03,Chilli,Nursery bed,1500,1.16,0.0,1740.0,UPI,Phone call,Self pickup
O000264,2024-05-05,C0119,Retail farmer,V10,Chilli,Nursery bed,600,0.98,0.0,588.0,Credit,Phone call,Self pickup
O000265,2024-05-05,C0101,Retail farmer,V05,Chilli,Nursery bed,4500,1.11,0.0,4995.0,Cash,Walk-in,Self pickup
O000266,2024-05-05,C0120,Retail farmer,V05,Chilli,Pro-tray,1500,1.6,0.0,2400.0,Cash,Phone call,Self pickup
O000267,2024-05-05,C0121,Retail farmer,V13,Brinjal,Pro-tray,400,1.2,0.0,480.0,Credit,Walk-in,Self pickup
O000268,2024-05-06,C0122,Retail farmer,V06,Chilli,Pro-tray,2800,1.3,0.0,3640.0,Credit,Walk-in,Self pickup
O000269,2024-05-06,C0075,Retail farmer,V08,Chilli,Pro-tray,1600,1.52,0.0,2432.0,Cash,Walk-in,Self pickup
O000270,2024-05-06,C0123,Retail farmer,V07,Chilli,Pro-tray,1300,1.27,0.0,1651.0,Cash,Phone call,Self pickup
O000271,2024-05-06,C0124,Retail farmer,V12,Tomato,Nursery bed,600,1.22,0.0,732.0,Credit,WhatsApp,Self pickup
O000272,2024-05-07,C0046,Wholesale / dealer,V02,Chilli,Pro-tray,17700,1.48,10.5,23445.42,Credit,Phone call,Van delivery
O000273,2024-05-07,C0125,Wholesale / dealer,V03,Chilli,Nursery bed,9600,1.15,11.3,9792.48,Credit,Phone call,Van delivery
O000274,2024-05-07,C0126,Home gardener,V01,Chilli,Pro-tray,110,1.54,0.0,169.4,UPI,Walk-in,Self pickup
O000275,2024-05-07,C0068,Wholesale / dealer,V15,Marigold,Pro-tray,4100,1.74,9.2,6477.67,Cash,Walk-in,Self pickup
O000276,2024-05-08,C0036,Retail farmer,V08,Chilli,Pro-tray,500,1.59,0.0,795.0,Credit,Phone call,Self pickup
O000277,2024-05-09,C0055,Retail farmer,V08,Chilli,Pro-tray,4000,1.53,0.0,6120.0,Cash,Phone call,Self pickup
O000278,2024-05-09,C0127,Retail farmer,V01,Chilli,Pro-tray,5700,1.59,2.5,8836.42,Cash,Walk-in,Van delivery
O000279,2024-05-10,C0128,Retail farmer,V12,Tomato,Pro-tray,1500,1.78,0.0,2670.0,UPI,Walk-in,Self pickup
O000280,2024-05-10,C0129,Retail farmer,V13,Brinjal,Nursery bed,1700,0.8,0.0,1360.0,UPI,Walk-in,Self pickup
O000281,2024-05-10,C0130,Retail farmer,V13,Brinjal,Pro-tray,2200,1.22,0.0,2684.0,Credit,WhatsApp,Self pickup
O000282,2024-05-10,C0020,Retail farmer,V15,Marigold,Pro-tray,1800,1.67,0.0,3006.0,UPI,Walk-in,Self pickup
O000283,2024-05-11,C0079,Wholesale / dealer,V05,Chilli,Pro-tray,6600,1.59,9.0,9549.54,Cash,WhatsApp,Self pickup
O000284,2024-05-11,C0131,Retail farmer,V01,Chilli,Pro-tray,2100,1.58,0.0,3318.0,Cash,Walk-in,Self pickup
O000285,2024-05-11,C0065,Retail farmer,V11,Capsicum,Pro-tray,1900,3.12,0.0,5928.0,UPI,WhatsApp,Self pickup
O000286,2024-05-11,C0132,Retail farmer,V15,Marigold,Pro-tray,1600,1.65,0.0,2640.0,Cash,Phone call,Self pickup
O000287,2024-05-11,C0113,Retail farmer,V14,Marigold,Pro-tray,800,1.78,0.0,1424.0,Cash,Walk-in,Self pickup
O000288,2024-05-12,C0133,Retail farmer,V01,Chilli,Pro-tray,1800,1.54,0.0,2772.0,Cash,Phone call,Self pickup
O000289,2024-05-12,C0134,Retail farmer,V01,Chilli,Nursery bed,1000,1.08,0.0,1080.0,Cash,WhatsApp,Self pickup
O000290,2024-05-12,C0051,Retail farmer,V04,Chilli,Pro-tray,1000,1.72,0.0,1720.0,Cash,Phone call,Self pickup
O000291,2024-05-12,C0096,Retail farmer,V06,Chilli,Nursery bed,1300,0.91,0.0,1183.0,UPI,Walk-in,Self pickup
O000292,2024-05-13,C0079,Wholesale / dealer,V04,Chilli,Pro-tray,8200,1.75,9.3,13015.45,UPI,Walk-in,Van delivery
O000293,2024-05-13,C0135,Home gardener,V01,Chilli,Pro-tray,100,1.6,0.0,160.0,Cash,Walk-in,Self pickup
O000294,2024-05-13,C0136,Retail farmer,V09,Chilli,Nursery bed,700,1.23,0.0,861.0,Cash,WhatsApp,Self pickup
O000295,2024-05-14,C0137,Home gardener,V01,Chilli,Pro-tray,160,1.55,0.0,248.0,Cash,Phone call,Self pickup
O000296,2024-05-14,C0100,Retail farmer,V05,Chilli,Pro-tray,3000,1.59,0.0,4770.0,Cash,Walk-in,Self pickup
O000297,2024-05-14,C0138,Retail farmer,V03,Chilli,Pro-tray,900,1.63,0.0,1467.0,Credit,Walk-in,Self pickup
O000298,2024-05-14,C0046,Wholesale / dealer,V09,Chilli,Pro-tray,3200,1.65,10.0,4752.0,Cash,Walk-in,Van delivery
O000299,2024-05-15,C0139,Wholesale / dealer,V08,Chilli,Pro-tray,11000,1.59,10.9,15583.59,Cash,Phone call,Van delivery
O000300,2024-05-15,C0071,Retail farmer,V02,Chilli,Pro-tray,900,1.48,0.0,1332.0,Cash,Walk-in,Self pickup
O000301,2024-05-15,C0140,Retail farmer,V13,Brinjal,Pro-tray,1800,1.17,0.0,2106.0,Cash,Walk-in,Self pickup
O000302,2024-05-16,C0141,Home gardener,V04,Chilli,Pro-tray,100,1.75,0.0,175.0,Cash,Walk-in,Van delivery
O000303,2024-05-16,C0139,Wholesale / dealer,V03,Chilli,Pro-tray,4300,1.64,11.4,6248.07,Cash,Walk-in,Self pickup
O000304,2024-05-17,C0059,Retail farmer,V05,Chilli,Pro-tray,2400,1.56,0.0,3744.0,UPI,Walk-in,Self pickup
O000305,2024-05-17,C0047,Retail farmer,V10,Chilli,Nursery bed,1700,0.95,0.0,1615.0,Credit,Walk-in,Self pickup
O000306,2024-05-18,C0142,Retail farmer,V05,Chilli,Pro-tray,1200,1.58,0.0,1896.0,Cash,Phone call,Self pickup
O000307,2024-05-18,C0143,Retail farmer,V08,Chilli,Nursery bed,2000,1.13,0.0,2260.0,Cash,Phone call,Self pickup
O000308,2024-05-18,C0058,Retail farmer,V01,Chilli,Nursery bed,1700,1.11,0.0,1887.0,Credit,Walk-in,Self pickup
O000309,2024-05-18,C0079,Wholesale / dealer,V01,Chilli,Pro-tray,5800,1.52,9.8,7952.03,UPI,Walk-in,Van delivery
O000310,2024-05-18,C0144,Retail farmer,V09,Chilli,Pro-tray,1000,1.66,0.0,1660.0,Cash,Walk-in,Self pickup
O000311,2024-05-19,C0145,Retail farmer,V01,Chilli,Nursery bed,3900,1.13,0.0,4407.0,Cash,Walk-in,Self pickup
O000312,2024-05-19,C0146,Retail farmer,V02,Chilli,Nursery bed,600,1.04,0.0,624.0,Cash,WhatsApp,Self pickup
O000313,2024-05-19,C0147,Retail farmer,V01,Chilli,Pro-tray,2100,1.58,0.0,3318.0,Credit,Phone call,Self pickup
O000314,2024-05-19,C0117,Retail farmer,V01,Chilli,Pro-tray,700,1.57,0.0,1099.0,UPI,Walk-in,Self pickup
O000315,2024-05-19,C0007,Retail farmer,V02,Chilli,Pro-tray,1100,1.49,0.0,1639.0,Cash,Walk-in,Self pickup
O000316,2024-05-19,C0107,Retail farmer,V14,Marigold,Pro-tray,1500,1.84,0.0,2760.0,Cash,Phone call,Self pickup
O000317,2024-05-20,C0004,Retail farmer,V05,Chilli,Nursery bed,2400,1.13,0.0,2712.0,Credit,Phone call,Self pickup
O000318,2024-05-20,C0148,Retail farmer,V09,Chilli,Nursery bed,5200,1.17,0.3,6065.75,Cash,Walk-in,Self pickup
O000319,2024-05-20,C0149,Retail farmer,V05,Chilli,Pro-tray,1600,1.57,0.0,2512.0,Cash,Walk-in,Self pickup
O000320,2024-05-20,C0017,Retail farmer,V07,Chilli,Pro-tray,2000,1.25,0.0,2500.0,Cash,Phone call,Van delivery
O000321,2024-05-20,C0067,Retail farmer,V01,Chilli,Nursery bed,2200,1.13,0.0,2486.0,UPI,Walk-in,Self pickup
O000322,2024-05-20,C0141,Home gardener,V13,Brinjal,Pro-tray,160,1.17,0.0,187.2,UPI,Phone call,Self pickup
O000323,2024-05-21,C0027,Retail farmer,V02,Chilli,Nursery bed,1200,1.03,0.0,1236.0,UPI,Walk-in,Self pickup
O000324,2024-05-21,C0150,Retail farmer,V01,Chilli,Pro-tray,700,1.59,0.0,1113.0,Cash,WhatsApp,Self pickup
O000325,2024-05-21,C0031,Retail farmer,V05,Chilli,Pro-tray,2700,1.63,0.0,4401.0,UPI,WhatsApp,Self pickup
O000326,2024-05-21,C0148,Retail farmer,V01,Chilli,Pro-tray,1800,1.58,0.0,2844.0,Cash,Phone call,Self pickup
O000327,2024-05-21,C0046,Wholesale / dealer,V09,Chilli,Pro-tray,4500,1.75,10.4,7056.0,Cash,Walk-in,Self pickup
O000328,2024-05-21,C0151,Retail farmer,V03,Chilli,Pro-tray,500,1.65,0.0,825.0,UPI,Walk-in,Self pickup
O000329,2024-05-22,C0152,Retail farmer,V01,Chilli,Nursery bed,2900,1.12,0.0,3248.0,UPI,Walk-in,Self pickup
O000330,2024-05-22,C0125,Wholesale / dealer,V01,Chilli,Nursery bed,9800,1.12,11.7,9691.81,Cash,WhatsApp,Self pickup
O000331,2024-05-22,C0066,Wholesale / dealer,V01,Chilli,Pro-tray,7800,1.52,8.5,10848.24,UPI,Walk-in,Self pickup
O000332,2024-05-22,C0076,Retail farmer,V08,Chilli,Pro-tray,2000,1.52,0.0,3040.0,Cash,Phone call,Self pickup
O000333,2024-05-22,C0136,Retail farmer,V11,Capsicum,Pro-tray,700,3.23,0.0,2261.0,Credit,Phone call,Self pickup
O000334,2024-05-23,C0147,Retail farmer,V01,Chilli,Nursery bed,1900,1.11,0.0,2109.0,Cash,WhatsApp,Self pickup
O000335,2024-05-23,C0153,Home gardener,V13,Brinjal,Pro-tray,110,1.18,0.0,129.8,UPI,Walk-in,Self pickup
O000336,2024-05-23,C0118,Retail farmer,V13,Brinjal,Pro-tray,800,1.22,0.0,976.0,UPI,Walk-in,Self pickup
O000337,2024-05-23,C0154,Retail farmer,V14,Marigold,Pro-tray,1400,1.83,0.0,2562.0,Cash,Walk-in,Van delivery
O000338,2024-05-25,C0155,Home gardener,V01,Chilli,Pro-tray,100,1.51,0.0,151.0,Cash,WhatsApp,Self pickup
O000339,2024-05-25,C0156,Retail farmer,V08,Chilli,Pro-tray,2100,1.53,0.0,3213.0,Cash,Walk-in,Van delivery
O000340,2024-05-26,C0104,Retail farmer,V12,Tomato,Pro-tray,1300,1.81,0.0,2353.0,Cash,Phone call,Self pickup
O000341,2024-05-26,C0157,Home gardener,V13,Brinjal,Pro-tray,90,1.24,0.0,111.6,Cash,WhatsApp,Van delivery
O000342,2024-05-27,C0119,Retail farmer,V06,Chilli,Nursery bed,700,0.92,0.0,644.0,Cash,Phone call,Self pickup
O000343,2024-05-27,C0048,Retail farmer,V08,Chilli,Nursery bed,3600,1.08,0.0,3888.0,Cash,Walk-in,Self pickup
O000344,2024-05-27,C0133,Retail farmer,V01,Chilli,Pro-tray,900,1.55,0.0,1395.0,Cash,Walk-in,Self pickup
O000345,2024-05-27,C0032,Retail farmer,V06,Chilli,Pro-tray,1500,1.27,0.0,1905.0,Cash,Walk-in,Self pickup
O000346,2024-05-28,C0158,Retail farmer,V07,Chilli,Pro-tray,1400,1.25,0.0,1750.0,Cash,Walk-in,Van delivery
O000347,2024-05-28,C0159,Retail farmer,V01,Chilli,Pro-tray,2400,1.55,0.0,3720.0,Cash,Walk-in,Self pickup
O000348,2024-05-28,C0160,Retail farmer,V01,Chilli,Nursery bed,1500,1.11,0.0,1665.0,Cash,Phone call,Van delivery
O000349,2024-05-28,C0161,Retail farmer,V10,Chilli,Pro-tray,1300,1.38,0.0,1794.0,Cash,Phone call,Self pickup
O000350,2024-05-28,C0162,Retail farmer,V02,Chilli,Nursery bed,1300,1.04,0.0,1352.0,UPI,Walk-in,Self pickup
O000351,2024-05-28,C0008,Wholesale / dealer,V06,Chilli,Nursery bed,6700,0.91,11.1,5420.23,UPI,WhatsApp,Van delivery
O000352,2024-05-29,C0163,Retail farmer,V06,Chilli,Nursery bed,500,0.91,0.0,455.0,UPI,Walk-in,Van delivery
O000353,2024-05-29,C0145,Retail farmer,V08,Chilli,Pro-tray,900,1.55,0.0,1395.0,Cash,Walk-in,Self pickup
O000354,2024-05-29,C0164,Retail farmer,V05,Chilli,Pro-tray,2300,1.61,0.0,3703.0,Credit,Walk-in,Self pickup
O000355,2024-05-30,C0068,Wholesale / dealer,V03,Chilli,Nursery bed,6400,1.13,8.0,6653.44,UPI,Walk-in,Self pickup
O000356,2024-05-30,C0126,Home gardener,V02,Chilli,Pro-tray,200,1.53,0.0,306.0,UPI,Walk-in,Self pickup
O000357,2024-05-31,C0069,Retail farmer,V03,Chilli,Nursery bed,800,1.18,0.0,944.0,Cash,Walk-in,Van delivery
O000358,2024-05-31,C0165,Retail farmer,V06,Chilli,Pro-tray,300,1.27,0.0,381.0,Cash,WhatsApp,Self pickup
O000359,2024-05-31,C0120,Retail farmer,V10,Chilli,Pro-tray,1800,1.35,0.0,2430.0,UPI,Phone call,Self pickup
O000360,2024-05-31,C0044,Retail farmer,V13,Brinjal,Nursery bed,1200,0.8,0.0,960.0,Cash,Walk-in,Self pickup
O000361,2024-06-01,C0166,Retail farmer,V06,Chilli,Pro-tray,1500,1.3,0.0,1950.0,Cash,Walk-in,Self pickup
O000362,2024-06-01,C0148,Retail farmer,V02,Chilli,Nursery bed,1200,1.04,0.0,1248.0,Credit,Walk-in,Self pickup
O000363,2024-06-01,C0151,Retail farmer,V01,Chilli,Pro-tray,1600,1.52,0.0,2432.0,Cash,Phone call,Van delivery
O000364,2024-06-01,C0167,Wholesale / dealer,V03,Chilli,Nursery bed,2100,1.13,10.1,2133.33,UPI,Walk-in,Self pickup
O000365,2024-06-01,C0113,Retail farmer,V01,Chilli,Nursery bed,1500,1.1,0.0,1650.0,Credit,Walk-in,Self pickup
O000366,2024-06-01,C0049,Retail farmer,V01,Chilli,Nursery bed,1200,1.09,0.0,1308.0,Cash,Walk-in,Van delivery
O000367,2024-06-01,C0168,Retail farmer,V01,Chilli,Pro-tray,2000,1.53,0.0,3060.0,Credit,WhatsApp,Self pickup
O000368,2024-06-01,C0169,Retail farmer,V07,Chilli,Pro-tray,1200,1.25,0.0,1500.0,Cash,Walk-in,Self pickup
O000369,2024-06-01,C0071,Retail farmer,V13,Brinjal,Nursery bed,400,0.81,0.0,324.0,Cash,Phone call,Self pickup
O000370,2024-06-01,C0101,Retail farmer,V13,Brinjal,Nursery bed,1300,0.78,0.0,1014.0,Cash,Walk-in,Self pickup
O000371,2024-06-01,C0170,Retail farmer,V15,Marigold,Pro-tray,1000,1.67,0.0,1670.0,Cash,Phone call,Self pickup
O000372,2024-06-02,C0066,Wholesale / dealer,V01,Chilli,Nursery bed,4700,1.1,9.6,4673.68,Cash,Walk-in,Self pickup
O000373,2024-06-02,C0171,Home gardener,V07,Chilli,Pro-tray,40,1.22,0.0,48.8,Cash,WhatsApp,Van delivery
O000374,2024-06-02,C0069,Retail farmer,V05,Chilli,Nursery bed,1400,1.14,0.0,1596.0,UPI,Walk-in,Self pickup
O000375,2024-06-02,C0044,Retail farmer,V03,Chilli,Pro-tray,4000,1.66,0.0,6640.0,Cash,Walk-in,Self pickup
O000376,2024-06-02,C0169,Retail farmer,V15,Marigold,Nursery bed,500,1.26,0.0,630.0,Cash,WhatsApp,Self pickup
O000377,2024-06-03,C0050,Retail farmer,V07,Chilli,Nursery bed,1500,0.86,0.0,1290.0,UPI,Walk-in,Self pickup
O000378,2024-06-03,C0169,Retail farmer,V10,Chilli,Pro-tray,1800,1.37,0.0,2466.0,UPI,WhatsApp,Self pickup
O000379,2024-06-03,C0067,Retail farmer,V08,Chilli,Pro-tray,1200,1.52,0.0,1824.0,Cash,Phone call,Self pickup
O000380,2024-06-03,C0172,Retail farmer,V07,Chilli,Pro-tray,1500,1.22,0.0,1830.0,Cash,Phone call,Self pickup
O000381,2024-06-03,C0046,Wholesale / dealer,V06,Chilli,Nursery bed,5900,0.91,11.1,4773.04,Credit,Phone call,Van delivery
O000382,2024-06-03,C0127,Retail farmer,V02,Chilli,Pro-tray,1000,1.48,0.0,1480.0,Cash,Phone call,Self pickup
O000383,2024-06-03,C0173,Retail farmer,V02,Chilli,Pro-tray,1500,1.49,0.0,2235.0,Cash,Walk-in,Van delivery
O000384,2024-06-03,C0174,Retail farmer,V08,Chilli,Nursery bed,1300,1.1,0.0,1430.0,Cash,Phone call,Self pickup
O000385,2024-06-04,C0102,Retail farmer,V07,Chilli,Pro-tray,800,1.23,0.0,984.0,Cash,Walk-in,Self pickup
O000386,2024-06-04,C0175,Retail farmer,V07,Chilli,Pro-tray,1300,1.25,0.0,1625.0,UPI,Phone call,Self pickup
O000387,2024-06-04,C0176,Retail farmer,V01,Chilli,Nursery bed,900,1.09,0.0,981.0,Cash,Walk-in,Self pickup
O000388,2024-06-04,C0110,Retail farmer,V11,Capsicum,Pro-tray,1800,3.17,0.0,5706.0,UPI,Walk-in,Self pickup
O000389,2024-06-04,C0075,Retail farmer,V14,Marigold,Nursery bed,1400,1.28,0.0,1792.0,Cash,Walk-in,Self pickup
O000390,2024-06-05,C0047,Retail farmer,V02,Chilli,Pro-tray,1700,1.51,0.0,2567.0,Cash,Walk-in,Self pickup
O000391,2024-06-05,C0167,Wholesale / dealer,V09,Chilli,Pro-tray,17300,1.68,10.0,26157.6,Cash,Walk-in,Self pickup
O000392,2024-06-05,C0177,Home gardener,V05,Chilli,Pro-tray,110,1.59,0.0,174.9,UPI,Walk-in,Van delivery
O000393,2024-06-05,C0178,Retail farmer,V03,Chilli,Nursery bed,1200,1.18,0.0,1416.0,Cash,Walk-in,Self pickup
O000394,2024-06-05,C0119,Retail farmer,V05,Chilli,Nursery bed,1600,1.14,0.0,1824.0,UPI,Phone call,Self pickup
O000395,2024-06-05,C0179,Retail farmer,V03,Chilli,Pro-tray,1900,1.65,0.0,3135.0,UPI,Walk-in,Self pickup
O000396,2024-06-05,C0005,Wholesale / dealer,V12,Tomato,Nursery bed,4500,1.25,10.2,5051.25,Cash,Walk-in,Self pickup
O000397,2024-06-05,C0045,Retail farmer,V12,Tomato,Pro-tray,600,1.8,0.0,1080.0,UPI,Walk-in,Self pickup
O000398,2024-06-05,C0180,Retail farmer,V13,Brinjal,Nursery bed,700,0.82,0.0,574.0,Credit,Walk-in,Self pickup
O000399,2024-06-06,C0012,Retail farmer,V06,Chilli,Pro-tray,1000,1.34,0.0,1340.0,Credit,Walk-in,Self pickup
O000400,2024-06-06,C0133,Retail farmer,V03,Chilli,Nursery bed,2500,1.16,0.0,2900.0,UPI,Phone call,Van delivery
O000401,2024-06-06,C0181,Retail farmer,V14,Marigold,Nursery bed,1900,1.33,0.0,2527.0,Cash,Walk-in,Self pickup
O000402,2024-06-07,C0008,Wholesale / dealer,V01,Chilli,Pro-tray,3200,1.51,11.7,4266.66,Cash,Walk-in,Self pickup
O000403,2024-06-07,C0093,Retail farmer,V09,Chilli,Pro-tray,700,1.69,0.0,1183.0,Cash,Walk-in,Self pickup
O000404,2024-06-07,C0182,Wholesale / dealer,V01,Chilli,Pro-tray,9100,1.5,8.8,12448.8,Cash,Phone call,Van delivery
O000405,2024-06-07,C0024,Retail farmer,V06,Chilli,Pro-tray,3700,1.3,0.0,4810.0,UPI,Walk-in,Self pickup
O000406,2024-06-07,C0118,Retail farmer,V04,Chilli,Nursery bed,1400,1.18,0.0,1652.0,Cash,Phone call,Self pickup
O000407,2024-06-07,C0183,Retail farmer,V07,Chilli,Nursery bed,700,0.88,0.0,616.0,Cash,Walk-in,Self pickup
O000408,2024-06-07,C0184,Retail farmer,V03,Chilli,Pro-tray,2700,1.69,0.0,4563.0,Credit,Walk-in,Self pickup
O000409,2024-06-07,C0185,Retail farmer,V03,Chilli,Nursery bed,3200,1.17,0.0,3744.0,Cash,Phone call,Self pickup
O000410,2024-06-07,C0186,Retail farmer,V15,Marigold,Pro-tray,2100,1.74,0.0,3654.0,UPI,Phone call,Self pickup
O000411,2024-06-08,C0018,Retail farmer,V10,Chilli,Pro-tray,800,1.33,0.0,1064.0,Cash,Walk-in,Self pickup
O000412,2024-06-08,C0187,Retail farmer,V03,Chilli,Pro-tray,1800,1.64,0.0,2952.0,Cash,Walk-in,Van delivery
O000413,2024-06-08,C0066,Wholesale / dealer,V01,Chilli,Nursery bed,3900,1.09,11.1,3779.14,Credit,Walk-in,Self pickup
O000414,2024-06-08,C0188,Retail farmer,V06,Chilli,Nursery bed,2000,0.89,0.0,1780.0,Cash,WhatsApp,Van delivery
O000415,2024-06-08,C0189,Retail farmer,V07,Chilli,Nursery bed,2600,0.9,0.0,2340.0,UPI,Phone call,Self pickup
O000416,2024-06-08,C0190,Home gardener,V15,Marigold,Pro-tray,80,1.75,0.0,140.0,Cash,Phone call,Self pickup
O000417,2024-06-08,C0112,Retail farmer,V14,Marigold,Pro-tray,1400,1.82,0.0,2548.0,Cash,Phone call,Self pickup
O000418,2024-06-09,C0159,Retail farmer,V10,Chilli,Nursery bed,1400,0.98,0.0,1372.0,Cash,Walk-in,Self pickup
O000419,2024-06-09,C0191,Retail farmer,V06,Chilli,Pro-tray,1000,1.28,0.0,1280.0,Cash,Walk-in,Self pickup
O000420,2024-06-09,C0008,Wholesale / dealer,V02,Chilli,Nursery bed,9400,1.04,8.8,8915.71,Credit,Walk-in,Van delivery
O000421,2024-06-09,C0192,Retail farmer,V03,Chilli,Pro-tray,1000,1.6,0.0,1600.0,Credit,Phone call,Self pickup
O000422,2024-06-09,C0193,Retail farmer,V03,Chilli,Pro-tray,1600,1.64,0.0,2624.0,UPI,Walk-in,Self pickup
O000423,2024-06-09,C0194,Retail farmer,V13,Brinjal,Pro-tray,600,1.2,0.0,720.0,Cash,Phone call,Self pickup
O000424,2024-06-09,C0187,Retail farmer,V13,Brinjal,Nursery bed,1100,0.78,0.0,858.0,UPI,Walk-in,Self pickup
O000425,2024-06-09,C0167,Wholesale / dealer,V13,Brinjal,Nursery bed,4600,0.78,10.5,3211.26,Cash,WhatsApp,Self pickup
O000426,2024-06-10,C0195,Retail farmer,V03,Chilli,Nursery bed,1200,1.18,0.0,1416.0,Cash,Walk-in,Self pickup
O000427,2024-06-10,C0133,Retail farmer,V03,Chilli,Nursery bed,1500,1.18,0.0,1770.0,Cash,Walk-in,Self pickup
O000428,2024-06-10,C0130,Retail farmer,V01,Chilli,Nursery bed,1300,1.09,0.0,1417.0,UPI,Phone call,Self pickup
O000429,2024-06-10,C0107,Retail farmer,V13,Brinjal,Nursery bed,400,0.79,0.0,316.0,Cash,Phone call,Self pickup
O000430,2024-06-11,C0196,Retail farmer,V05,Chilli,Nursery bed,3000,1.12,0.0,3360.0,Cash,WhatsApp,Self pickup
O000431,2024-06-11,C0069,Retail farmer,V01,Chilli,Pro-tray,800,1.57,0.0,1256.0,UPI,Walk-in,Self pickup
O000432,2024-06-11,C0131,Retail farmer,V03,Chilli,Pro-tray,1800,1.69,0.0,3042.0,Cash,Phone call,Self pickup
O000433,2024-06-11,C0197,Retail farmer,V01,Chilli,Pro-tray,1500,1.58,0.0,2370.0,Cash,Walk-in,Self pickup
O000434,2024-06-11,C0198,Retail farmer,V07,Chilli,Pro-tray,1300,1.27,0.0,1651.0,UPI,WhatsApp,Self pickup
O000435,2024-06-11,C0199,Retail farmer,V03,Chilli,Nursery bed,2000,1.12,0.0,2240.0,UPI,Phone call,Self pickup
O000436,2024-06-11,C0100,Retail farmer,V05,Chilli,Pro-tray,1300,1.64,0.0,2132.0,Cash,Walk-in,Self pickup
O000437,2024-06-11,C0120,Retail farmer,V01,Chilli,Nursery bed,2200,1.11,0.0,2442.0,UPI,Walk-in,Self pickup
O000438,2024-06-11,C0200,Retail farmer,V01,Chilli,Pro-tray,1000,1.56,0.0,1560.0,UPI,Walk-in,Self pickup
O000439,2024-06-11,C0068,Wholesale / dealer,V02,Chilli,Pro-tray,4200,1.46,8.5,5610.78,Credit,Walk-in,Self pickup
O000440,2024-06-11,C0016,Retail farmer,V07,Chilli,Nursery bed,1500,0.89,0.0,1335.0,Cash,Phone call,Self pickup
O000441,2024-06-11,C0201,Retail farmer,V12,Tomato,Pro-tray,1700,1.84,0.0,3128.0,UPI,Walk-in,Van delivery
O000442,2024-06-12,C0170,Retail farmer,V07,Chilli,Pro-tray,3900,1.24,0.0,4836.0,Cash,Phone call,Van delivery
O000443,2024-06-12,C0202,Home gardener,V07,Chilli,Pro-tray,20,1.25,0.0,25.0,Cash,Walk-in,Self pickup
O000444,2024-06-12,C0139,Wholesale / dealer,V09,Chilli,Nursery bed,5400,1.17,8.3,5793.61,Credit,Walk-in,Self pickup
O000445,2024-06-12,C0203,Wholesale / dealer,V06,Chilli,Nursery bed,11200,0.91,8.4,9335.87,Cash,Phone call,Van delivery
O000446,2024-06-12,C0185,Retail farmer,V01,Chilli,Pro-tray,1400,1.58,0.0,2212.0,Credit,Phone call,Self pickup
O000447,2024-06-12,C0204,Retail farmer,V02,Chilli,Nursery bed,1000,1.07,0.0,1070.0,Cash,WhatsApp,Self pickup
O000448,2024-06-12,C0192,Retail farmer,V07,Chilli,Nursery bed,1600,0.9,0.0,1440.0,UPI,Walk-in,Self pickup
O000449,2024-06-12,C0195,Retail farmer,V01,Chilli,Pro-tray,1400,1.57,0.0,2198.0,Cash,Phone call,Self pickup
O000450,2024-06-12,C0193,Retail farmer,V01,Chilli,Pro-tray,1900,1.57,0.0,2983.0,Credit,Walk-in,Self pickup
O000451,2024-06-12,C0074,Retail farmer,V07,Chilli,Nursery bed,1500,0.87,0.0,1305.0,Cash,Walk-in,Self pickup
O000452,2024-06-12,C0024,Retail farmer,V07,Chilli,Pro-tray,3900,1.29,0.0,5031.0,Cash,WhatsApp,Self pickup
O000453,2024-06-12,C0151,Retail farmer,V11,Capsicum,Pro-tray,800,3.13,0.0,2504.0,UPI,Phone call,Self pickup
O000454,2024-06-12,C0205,Retail farmer,V12,Tomato,Nursery bed,1400,1.25,0.0,1750.0,UPI,Phone call,Self pickup
O000455,2024-06-13,C0066,Wholesale / dealer,V03,Chilli,Pro-tray,3400,1.65,11.2,4981.68,Credit,Walk-in,Self pickup
O000456,2024-06-13,C0125,Wholesale / dealer,V08,Chilli,Pro-tray,10100,1.54,9.3,14107.48,Cash,Phone call,Self pickup
O000457,2024-06-13,C0090,Retail farmer,V01,Chilli,Pro-tray,1900,1.6,0.0,3040.0,UPI,Walk-in,Self pickup
O000458,2024-06-13,C0206,Retail farmer,V05,Chilli,Nursery bed,1500,1.13,0.0,1695.0,Cash,Phone call,Self pickup
O000459,2024-06-13,C0016,Retail farmer,V07,Chilli,Pro-tray,3200,1.26,0.0,4032.0,Cash,Walk-in,Self pickup
O000460,2024-06-13,C0207,Retail farmer,V06,Chilli,Pro-tray,2800,1.28,0.0,3584.0,Cash,Walk-in,Self pickup
O000461,2024-06-13,C0139,Wholesale / dealer,V02,Chilli,Pro-tray,5800,1.54,10.4,8003.07,UPI,Phone call,Van delivery
O000462,2024-06-13,C0163,Retail farmer,V05,Chilli,Pro-tray,4300,1.55,0.0,6665.0,Cash,Phone call,Self pickup
O000463,2024-06-13,C0130,Retail farmer,V06,Chilli,Pro-tray,1500,1.34,0.0,2010.0,Cash,Walk-in,Self pickup
O000464,2024-06-13,C0056,Retail farmer,V11,Capsicum,Pro-tray,900,3.25,0.0,2925.0,Cash,Phone call,Self pickup
O000465,2024-06-13,C0208,Retail farmer,V12,Tomato,Pro-tray,4200,1.81,0.0,7602.0,Cash,Walk-in,Self pickup
O000466,2024-06-13,C0162,Retail farmer,V12,Tomato,Nursery bed,700,1.23,0.0,861.0,Cash,Phone call,Self pickup
O000467,2024-06-14,C0125,Wholesale / dealer,V05,Chilli,Pro-tray,9500,1.63,9.1,14075.86,UPI,Phone call,Van delivery
O000468,2024-06-14,C0209,Retail farmer,V10,Chilli,Nursery bed,1000,0.96,0.0,960.0,Cash,Walk-in,Self pickup
O000469,2024-06-14,C0136,Retail farmer,V03,Chilli,Nursery bed,3300,1.12,0.0,3696.0,Cash,WhatsApp,Self pickup
O000470,2024-06-14,C0210,Retail farmer,V09,Chilli,Nursery bed,1500,1.21,0.0,1815.0,UPI,WhatsApp,Van delivery
O000471,2024-06-14,C0211,Retail farmer,V01,Chilli,Pro-tray,600,1.56,0.0,936.0,UPI,Phone call,Self pickup
O000472,2024-06-14,C0212,Wholesale / dealer,V06,Chilli,Pro-tray,9600,1.33,11.0,11363.52,Credit,WhatsApp,Self pickup
O000473,2024-06-14,C0035,Home gardener,V11,Capsicum,Pro-tray,40,3.14,0.0,125.6,Cash,Walk-in,Self pickup
O000474,2024-06-14,C0006,Retail farmer,V12,Tomato,Pro-tray,1200,1.83,0.0,2196.0,Credit,Walk-in,Self pickup
O000475,2024-06-14,C0139,Wholesale / dealer,V12,Tomato,Pro-tray,3500,1.84,8.9,5866.84,Cash,Walk-in,Self pickup
O000476,2024-06-14,C0213,Home gardener,V13,Brinjal,Pro-tray,120,1.23,0.0,147.6,Cash,Walk-in,Self pickup
O000477,2024-06-14,C0009,Wholesale / dealer,V13,Brinjal,Pro-tray,2800,1.21,9.4,3069.53,Cash,Phone call,Self pickup
O000478,2024-06-15,C0214,Retail farmer,V06,Chilli,Nursery bed,600,0.9,0.0,540.0,UPI,Walk-in,Self pickup
O000479,2024-06-15,C0012,Retail farmer,V03,Chilli,Nursery bed,3600,1.12,0.0,4032.0,Cash,Phone call,Self pickup
O000480,2024-06-15,C0052,Retail farmer,V10,Chilli,Pro-tray,1700,1.34,0.0,2278.0,Cash,WhatsApp,Self pickup
O000481,2024-06-15,C0018,Retail farmer,V03,Chilli,Pro-tray,3400,1.62,0.0,5508.0,Cash,Walk-in,Self pickup
O000482,2024-06-15,C0039,Retail farmer,V07,Chilli,Pro-tray,1100,1.23,0.0,1353.0,Credit,Walk-in,Self pickup
O000483,2024-06-15,C0215,Wholesale / dealer,V01,Chilli,Nursery bed,3500,1.12,9.3,3555.44,Credit,Phone call,Self pickup
O000484,2024-06-16,C0216,Retail farmer,V09,Chilli,Nursery bed,600,1.2,0.0,720.0,Cash,Phone call,Self pickup
O000485,2024-06-16,C0100,Retail farmer,V03,Chilli,Nursery bed,1800,1.14,0.0,2052.0,Cash,Walk-in,Self pickup
O000486,2024-06-16,C0217,Retail farmer,V06,Chilli,Pro-tray,2300,1.32,0.0,3036.0,Cash,Phone call,Van delivery
O000487,2024-06-16,C0218,Home gardener,V05,Chilli,Pro-tray,40,1.63,0.0,65.2,Cash,Walk-in,Self pickup
O000488,2024-06-16,C0093,Retail farmer,V14,Marigold,Nursery bed,1300,1.32,0.0,1716.0,Cash,Phone call,Self pickup
O000489,2024-06-17,C0208,Retail farmer,V01,Chilli,Pro-tray,900,1.55,0.0,1395.0,Cash,WhatsApp,Self pickup
O000490,2024-06-17,C0178,Retail farmer,V01,Chilli,Pro-tray,2200,1.58,0.0,3476.0,UPI,Phone call,Van delivery
O000491,2024-06-17,C0219,Retail farmer,V01,Chilli,Pro-tray,2600,1.59,0.0,4134.0,UPI,Walk-in,Self pickup
O000492,2024-06-17,C0220,Retail farmer,V09,Chilli,Nursery bed,1300,1.17,0.0,1521.0,Cash,Walk-in,Van delivery
O000493,2024-06-17,C0021,Retail farmer,V03,Chilli,Nursery bed,700,1.17,0.0,819.0,Cash,Walk-in,Self pickup
O000494,2024-06-17,C0046,Wholesale / dealer,V01,Chilli,Nursery bed,11500,1.12,8.2,11823.84,Credit,Walk-in,Van delivery
O000495,2024-06-17,C0221,Retail farmer,V11,Capsicum,Pro-tray,800,3.24,0.0,2592.0,Credit,WhatsApp,Self pickup
O000496,2024-06-17,C0222,Retail farmer,V12,Tomato,Pro-tray,800,1.82,0.0,1456.0,Cash,Phone call,Self pickup
O000497,2024-06-17,C0164,Retail farmer,V14,Marigold,Pro-tray,2900,1.8,0.0,5220.0,UPI,Walk-in,Van delivery
O000498,2024-06-17,C0223,Retail farmer,V14,Marigold,Nursery bed,3100,1.29,0.0,3999.0,Cash,Walk-in,Self pickup
O000499,2024-06-18,C0193,Retail farmer,V10,Chilli,Nursery bed,1300,0.97,0.0,1261.0,UPI,Walk-in,Self pickup
O000500,2024-06-18,C0209,Retail farmer,V10,Chilli,Pro-tray,3400,1.34,0.0,4556.0,UPI,Walk-in,Self pickup
O000501,2024-06-18,C0194,Retail farmer,V01,Chilli,Nursery bed,1100,1.13,0.0,1243.0,UPI,Walk-in,Self pickup
O000502,2024-06-18,C0045,Retail farmer,V02,Chilli,Pro-tray,1000,1.53,0.0,1530.0,UPI,Phone call,Self pickup
O000503,2024-06-18,C0224,Wholesale / dealer,V10,Chilli,Pro-tray,6800,1.34,8.5,8337.48,UPI,Phone call,Van delivery
O000504,2024-06-18,C0225,Retail farmer,V01,Chilli,Pro-tray,1500,1.55,0.0,2325.0,Cash,Phone call,Self pickup
O000505,2024-06-18,C0011,Home gardener,V01,Chilli,Pro-tray,180,1.54,0.0,277.2,Credit,Walk-in,Self pickup
O000506,2024-06-18,C0104,Retail farmer,V07,Chilli,Pro-tray,1100,1.26,0.0,1386.0,UPI,Walk-in,Van delivery
O000507,2024-06-18,C0226,Retail farmer,V04,Chilli,Pro-tray,1300,1.69,0.0,2197.0,Cash,WhatsApp,Self pickup
O000508,2024-06-18,C0002,Retail farmer,V12,Tomato,Nursery bed,1700,1.23,0.0,2091.0,Cash,Phone call,Self pickup
O000509,2024-06-19,C0227,Retail farmer,V08,Chilli,Pro-tray,600,1.59,0.0,954.0,UPI,Walk-in,Self pickup
O000510,2024-06-19,C0167,Wholesale / dealer,V01,Chilli,Nursery bed,7600,1.09,11.0,7372.76,UPI,WhatsApp,Self pickup
O000511,2024-06-19,C0228,Retail farmer,V02,Chilli,Nursery bed,1700,1.08,0.0,1836.0,Cash,Phone call,Self pickup
O000512,2024-06-19,C0229,Wholesale / dealer,V03,Chilli,Pro-tray,2900,1.69,9.3,4445.21,UPI,WhatsApp,Self pickup
O000513,2024-06-19,C0224,Wholesale / dealer,V06,Chilli,Nursery bed,6300,0.88,11.0,4934.16,Cash,Walk-in,Van delivery
O000514,2024-06-19,C0149,Retail farmer,V10,Chilli,Pro-tray,2800,1.33,0.0,3724.0,Cash,WhatsApp,Van delivery
O000515,2024-06-19,C0108,Retail farmer,V01,Chilli,Pro-tray,3800,1.57,0.0,5966.0,Cash,Walk-in,Self pickup
O000516,2024-06-19,C0230,Retail farmer,V07,Chilli,Nursery bed,600,0.9,0.0,540.0,Cash,Walk-in,Self pickup
O000517,2024-06-19,C0031,Retail farmer,V02,Chilli,Nursery bed,3400,1.07,0.0,3638.0,Cash,Walk-in,Self pickup
O000518,2024-06-19,C0203,Wholesale / dealer,V08,Chilli,Pro-tray,5300,1.51,11.8,7058.65,UPI,Phone call,Van delivery
O000519,2024-06-19,C0231,Retail farmer,V11,Capsicum,Pro-tray,600,3.22,0.0,1932.0,Cash,Phone call,Self pickup
O000520,2024-06-19,C0232,Home gardener,V12,Tomato,Pro-tray,110,1.75,0.0,192.5,Credit,WhatsApp,Self pickup
O000521,2024-06-19,C0092,Home gardener,V14,Marigold,Pro-tray,30,1.75,0.0,52.5,Cash,Walk-in,Self pickup
O000522,2024-06-19,C0233,Wholesale / dealer,V15,Marigold,Pro-tray,5100,1.72,9.0,7982.52,UPI,Walk-in,Van delivery
O000523,2024-06-19,C0079,Wholesale / dealer,V16,Tobacco,Nursery bed,33900,0.12,11.6,3596.11,UPI,Phone call,Self pickup
O000524,2024-06-20,C0234,Retail farmer,V07,Chilli,Pro-tray,1600,1.27,0.0,2032.0,Cash,Walk-in,Van delivery
O000525,2024-06-20,C0203,Wholesale / dealer,V09,Chilli,Pro-tray,7400,1.72,10.1,11442.47,UPI,Walk-in,Self pickup
O000526,2024-06-20,C0235,Retail farmer,V03,Chilli,Pro-tray,1500,1.61,0.0,2415.0,UPI,Walk-in,Self pickup
O000527,2024-06-20,C0086,Home gardener,V08,Chilli,Pro-tray,60,1.55,0.0,93.0,Cash,Phone call,Self pickup
O000528,2024-06-20,C0075,Retail farmer,V01,Chilli,Pro-tray,1900,1.59,0.0,3021.0,UPI,Phone call,Self pickup
O000529,2024-06-20,C0084,Retail farmer,V11,Capsicum,Pro-tray,1000,3.26,0.0,3260.0,Cash,Walk-in,Self pickup
O000530,2024-06-20,C0134,Retail farmer,V12,Tomato,Nursery bed,2600,1.25,0.0,3250.0,Cash,Walk-in,Self pickup
O000531,2024-06-20,C0143,Retail farmer,V15,Marigold,Nursery bed,300,1.28,0.0,384.0,UPI,Walk-in,Self pickup
O000532,2024-06-21,C0144,Retail farmer,V07,Chilli,Nursery bed,1900,0.88,0.0,1672.0,UPI,Phone call,Van delivery
O000533,2024-06-21,C0228,Retail farmer,V07,Chilli,Pro-tray,3400,1.24,0.0,4216.0,Cash,Walk-in,Van delivery
O000534,2024-06-21,C0236,Retail farmer,V05,Chilli,Pro-tray,1200,1.55,0.0,1860.0,Cash,Phone call,Van delivery
O000535,2024-06-21,C0237,Retail farmer,V11,Capsicum,Pro-tray,1800,3.28,0.0,5904.0,UPI,Walk-in,Self pickup
O000536,2024-06-21,C0050,Retail farmer,V12,Tomato,Pro-tray,600,1.8,0.0,1080.0,Cash,Walk-in,Self pickup
O000537,2024-06-22,C0085,Retail farmer,V06,Chilli,Nursery bed,2000,0.91,0.0,1820.0,Cash,Walk-in,Self pickup
O000538,2024-06-22,C0199,Retail farmer,V05,Chilli,Pro-tray,1400,1.63,0.0,2282.0,Cash,WhatsApp,Self pickup
O000539,2024-06-22,C0186,Retail farmer,V03,Chilli,Pro-tray,1500,1.62,0.0,2430.0,UPI,Walk-in,Self pickup
O000540,2024-06-22,C0238,Retail farmer,V10,Chilli,Pro-tray,1900,1.36,0.0,2584.0,UPI,Walk-in,Self pickup
O000541,2024-06-22,C0239,Retail farmer,V06,Chilli,Pro-tray,1000,1.29,0.0,1290.0,Cash,Walk-in,Self pickup
O000542,2024-06-22,C0138,Retail farmer,V10,Chilli,Nursery bed,4500,0.96,0.0,4320.0,Cash,Walk-in,Self pickup
O000543,2024-06-22,C0051,Retail farmer,V03,Chilli,Nursery bed,1200,1.13,0.0,1356.0,Cash,Walk-in,Self pickup
O000544,2024-06-22,C0203,Wholesale / dealer,V01,Chilli,Nursery bed,3000,1.1,9.4,2989.8,UPI,Walk-in,Self pickup
O000545,2024-06-23,C0240,Retail farmer,V03,Chilli,Nursery bed,900,1.18,0.0,1062.0,Cash,Walk-in,Self pickup
O000546,2024-06-23,C0241,Retail farmer,V01,Chilli,Pro-tray,1900,1.52,0.0,2888.0,Credit,Walk-in,Self pickup
O000547,2024-06-23,C0242,Retail farmer,V07,Chilli,Pro-tray,2100,1.27,0.0,2667.0,UPI,Phone call,Self pickup
O000548,2024-06-23,C0243,Retail farmer,V06,Chilli,Nursery bed,2000,0.91,0.0,1820.0,Cash,Phone call,Self pickup
O000549,2024-06-23,C0244,Retail farmer,V16,Tobacco,Nursery bed,13000,0.12,2.6,1519.44,UPI,WhatsApp,Van delivery
O000550,2024-06-24,C0138,Retail farmer,V07,Chilli,Pro-tray,1200,1.25,0.0,1500.0,Cash,WhatsApp,Self pickup
O000551,2024-06-24,C0245,Retail farmer,V03,Chilli,Pro-tray,1000,1.65,0.0,1650.0,Cash,Phone call,Self pickup
O000552,2024-06-24,C0246,Retail farmer,V10,Chilli,Nursery bed,1400,0.97,0.0,1358.0,Cash,Phone call,Self pickup
O000553,2024-06-24,C0231,Retail farmer,V07,Chilli,Pro-tray,1500,1.26,0.0,1890.0,Cash,Walk-in,Self pickup
O000554,2024-06-24,C0247,Retail farmer,V05,Chilli,Nursery bed,5500,1.14,1.6,6169.68,UPI,Phone call,Van delivery
O000555,2024-06-24,C0036,Retail farmer,V09,Chilli,Pro-tray,800,1.65,0.0,1320.0,Cash,Walk-in,Self pickup
O000556,2024-06-24,C0248,Wholesale / dealer,V07,Chilli,Pro-tray,9400,1.21,8.1,10452.71,UPI,WhatsApp,Van delivery
O000557,2024-06-24,C0167,Wholesale / dealer,V05,Chilli,Nursery bed,7200,1.15,8.0,7617.6,Cash,Walk-in,Van delivery
O000558,2024-06-24,C0249,Wholesale / dealer,V07,Chilli,Nursery bed,6400,0.86,8.3,5047.17,Cash,WhatsApp,Van delivery
O000559,2024-06-24,C0044,Retail farmer,V02,Chilli,Nursery bed,2300,1.04,0.0,2392.0,Cash,Walk-in,Self pickup
O000560,2024-06-24,C0167,Wholesale / dealer,V06,Chilli,Pro-tray,4000,1.28,8.2,4700.16,UPI,Phone call,Self pickup
O000561,2024-06-24,C0250,Retail farmer,V06,Chilli,Pro-tray,1600,1.32,0.0,2112.0,Cash,Walk-in,Self pickup
O000562,2024-06-24,C0238,Retail farmer,V11,Capsicum,Pro-tray,900,3.25,0.0,2925.0,Cash,Walk-in,Self pickup
O000563,2024-06-24,C0199,Retail farmer,V12,Tomato,Pro-tray,600,1.78,0.0,1068.0,Cash,Walk-in,Self pickup
O000564,2024-06-25,C0063,Retail farmer,V02,Chilli,Nursery bed,1800,1.02,0.0,1836.0,Credit,WhatsApp,Self pickup
O000565,2024-06-25,C0012,Retail farmer,V03,Chilli,Nursery bed,2500,1.15,0.0,2875.0,UPI,Walk-in,Self pickup
O000566,2024-06-25,C0079,Wholesale / dealer,V02,Chilli,Nursery bed,5700,1.06,11.1,5371.34,Cash,Phone call,Van delivery
O000567,2024-06-25,C0251,Retail farmer,V07,Chilli,Nursery bed,1300,0.89,0.0,1157.0,Credit,Phone call,Self pickup
O000568,2024-06-25,C0252,Retail farmer,V01,Chilli,Pro-tray,800,1.55,0.0,1240.0,UPI,Phone call,Self pickup
O000569,2024-06-25,C0253,Home gardener,V05,Chilli,Pro-tray,50,1.6,0.0,80.0,UPI,Phone call,Van delivery
O000570,2024-06-25,C0127,Retail farmer,V09,Chilli,Pro-tray,1300,1.69,0.0,2197.0,UPI,Walk-in,Self pickup
O000571,2024-06-25,C0101,Retail farmer,V03,Chilli,Pro-tray,1200,1.65,0.0,1980.0,Cash,Walk-in,Self pickup
O000572,2024-06-25,C0224,Wholesale / dealer,V08,Chilli,Nursery bed,4400,1.09,8.0,4412.32,Credit,Phone call,Self pickup
O000573,2024-06-25,C0233,Wholesale / dealer,V01,Chilli,Nursery bed,8400,1.11,10.4,8354.3,Credit,Walk-in,Van delivery
O000574,2024-06-25,C0180,Retail farmer,V14,Marigold,Pro-tray,2100,1.77,0.0,3717.0,Credit,Walk-in,Self pickup
O000575,2024-06-26,C0080,Retail farmer,V06,Chilli,Pro-tray,1500,1.33,0.0,1995.0,UPI,Walk-in,Self pickup
O000576,2024-06-26,C0113,Retail farmer,V01,Chilli,Nursery bed,2400,1.1,0.0,2640.0,Cash,Phone call,Self pickup
O000577,2024-06-26,C0254,Retail farmer,V09,Chilli,Pro-tray,2400,1.74,0.0,4176.0,Cash,Walk-in,Self pickup
O000578,2024-06-26,C0255,Retail farmer,V06,Chilli,Nursery bed,2100,0.88,0.0,1848.0,Cash,Walk-in,Self pickup
O000579,2024-06-26,C0005,Wholesale / dealer,V06,Chilli,Pro-tray,10800,1.33,8.6,13128.7,UPI,WhatsApp,Self pickup
O000580,2024-06-26,C0025,Retail farmer,V03,Chilli,Nursery bed,1500,1.15,0.0,1725.0,Cash,Walk-in,Self pickup
O000581,2024-06-26,C0256,Wholesale / dealer,V03,Chilli,Pro-tray,5000,1.66,9.2,7536.4,Cash,WhatsApp,Van delivery
O000582,2024-06-26,C0203,Wholesale / dealer,V01,Chilli,Pro-tray,6100,1.54,11.9,8276.11,UPI,Walk-in,Self pickup
O000583,2024-06-26,C0257,Retail farmer,V06,Chilli,Pro-tray,1700,1.31,0.0,2227.0,Cash,Walk-in,Self pickup
O000584,2024-06-26,C0056,Retail farmer,V01,Chilli,Pro-tray,1600,1.54,0.0,2464.0,Cash,Walk-in,Van delivery
O000585,2024-06-26,C0224,Wholesale / dealer,V10,Chilli,Nursery bed,8000,0.96,8.6,7019.52,Cash,Phone call,Self pickup
O000586,2024-06-26,C0196,Retail farmer,V01,Chilli,Pro-tray,900,1.58,0.0,1422.0,Credit,WhatsApp,Self pickup
O000587,2024-06-26,C0140,Retail farmer,V08,Chilli,Pro-tray,1400,1.51,0.0,2114.0,Credit,Walk-in,Self pickup
O000588,2024-06-26,C0083,Wholesale / dealer,V11,Capsicum,Pro-tray,2900,3.15,9.0,8312.85,Cash,Walk-in,Self pickup
O000589,2024-06-26,C0206,Retail farmer,V12,Tomato,Nursery bed,1700,1.23,0.0,2091.0,Cash,Walk-in,Self pickup
O000590,2024-06-26,C0004,Retail farmer,V13,Brinjal,Nursery bed,500,0.8,0.0,400.0,UPI,Phone call,Self pickup
O000591,2024-06-27,C0225,Retail farmer,V01,Chilli,Nursery bed,1100,1.12,0.0,1232.0,UPI,Phone call,Self pickup
O000592,2024-06-27,C0005,Wholesale / dealer,V03,Chilli,Pro-tray,4800,1.68,10.9,7185.02,Cash,Walk-in,Self pickup
O000593,2024-06-27,C0258,Retail farmer,V04,Chilli,Pro-tray,4200,1.68,0.0,7056.0,Cash,Phone call,Self pickup
O000594,2024-06-27,C0259,Retail farmer,V01,Chilli,Nursery bed,1000,1.1,0.0,1100.0,Cash,WhatsApp,Self pickup
O000595,2024-06-27,C0260,Home gardener,V07,Chilli,Pro-tray,80,1.27,0.0,101.6,Cash,Walk-in,Self pickup
O000596,2024-06-27,C0049,Retail farmer,V13,Brinjal,Nursery bed,600,0.81,0.0,486.0,Cash,Walk-in,Van delivery
O000597,2024-06-27,C0261,Retail farmer,V15,Marigold,Pro-tray,1200,1.72,0.0,2064.0,Cash,Walk-in,Self pickup
O000598,2024-06-27,C0081,Retail farmer,V15,Marigold,Nursery bed,2700,1.26,0.0,3402.0,UPI,Phone call,Self pickup
O000599,2024-06-27,C0021,Retail farmer,V14,Marigold,Nursery bed,1000,1.29,0.0,1290.0,Cash,Walk-in,Self pickup
O000600,2024-06-28,C0262,Wholesale / dealer,V03,Chilli,Pro-tray,12400,1.65,11.3,18148.02,Cash,Walk-in,Van delivery
O000601,2024-06-28,C0263,Retail farmer,V05,Chilli,Pro-tray,1200,1.56,0.0,1872.0,Cash,Walk-in,Self pickup
O000602,2024-06-28,C0264,Home gardener,V06,Chilli,Pro-tray,20,1.29,0.0,25.8,UPI,WhatsApp,Self pickup
O000603,2024-06-28,C0265,Retail farmer,V02,Chilli,Nursery bed,1000,1.06,0.0,1060.0,Credit,WhatsApp,Van delivery
O000604,2024-06-28,C0078,Retail farmer,V01,Chilli,Nursery bed,1400,1.07,0.0,1498.0,Cash,Walk-in,Self pickup
O000605,2024-06-28,C0266,Wholesale / dealer,V07,Chilli,Nursery bed,5200,0.91,10.5,4235.14,UPI,Walk-in,Self pickup
O000606,2024-06-28,C0267,Retail farmer,V12,Tomato,Pro-tray,500,1.85,0.0,925.0,Cash,Phone call,Self pickup
O000607,2024-06-28,C0268,Retail farmer,V16,Tobacco,Nursery bed,7300,0.12,1.2,865.49,UPI,Phone call,Self pickup
O000608,2024-06-29,C0269,Retail farmer,V09,Chilli,Pro-tray,800,1.7,0.0,1360.0,UPI,WhatsApp,Van delivery
O000609,2024-06-29,C0270,Retail farmer,V10,Chilli,Nursery bed,600,0.92,0.0,552.0,Credit,Walk-in,Self pickup
O000610,2024-06-29,C0271,Wholesale / dealer,V03,Chilli,Pro-tray,5300,1.62,10.1,7718.81,Cash,Walk-in,Van delivery
O000611,2024-06-29,C0272,Retail farmer,V12,Tomato,Nursery bed,1300,1.25,0.0,1625.0,UPI,Walk-in,Self pickup
O000612,2024-06-29,C0273,Retail farmer,V14,Marigold,Pro-tray,600,1.84,0.0,1104.0,Credit,WhatsApp,Self pickup
O000613,2024-06-30,C0087,Home gardener,V02,Chilli,Pro-tray,70,1.53,0.0,107.1,Cash,Phone call,Self pickup
O000614,2024-06-30,C0274,Retail farmer,V06,Chilli,Pro-tray,1400,1.28,0.0,1792.0,Cash,Walk-in,Self pickup
O000615,2024-06-30,C0115,Retail farmer,V02,Chilli,Pro-tray,1900,1.5,0.0,2850.0,UPI,Phone call,Self pickup
O000616,2024-06-30,C0066,Wholesale / dealer,V03,Chilli,Nursery bed,6000,1.13,10.4,6074.88,Cash,Phone call,Van delivery
O000617,2024-06-30,C0210,Retail farmer,V08,Chilli,Pro-tray,2300,1.54,0.0,3542.0,Cash,Walk-in,Self pickup
O000618,2024-06-30,C0275,Retail farmer,V07,Chilli,Nursery bed,1200,0.89,0.0,1068.0,Cash,Phone call,Self pickup
O000619,2024-06-30,C0123,Retail farmer,V03,Chilli,Nursery bed,3000,1.12,0.0,3360.0,Cash,Phone call,Self pickup
O000620,2024-06-30,C0276,Retail farmer,V13,Brinjal,Nursery bed,1500,0.78,0.0,1170.0,Cash,Walk-in,Self pickup
O000621,2024-06-30,C0277,Retail farmer,V16,Tobacco,Nursery bed,7800,0.12,1.5,921.96,Credit,Phone call,Van delivery
O000622,2024-07-01,C0278,Retail farmer,V03,Chilli,Pro-tray,3100,1.67,0.0,5177.0,UPI,Walk-in,Self pickup
O000623,2024-07-01,C0279,Retail farmer,V07,Chilli,Pro-tray,1800,1.24,0.0,2232.0,UPI,Phone call,Self pickup
O000624,2024-07-01,C0280,Retail farmer,V02,Chilli,Pro-tray,4000,1.47,0.0,5880.0,UPI,Walk-in,Self pickup
O000625,2024-07-01,C0281,Retail farmer,V01,Chilli,Nursery bed,400,1.09,0.0,436.0,Cash,Phone call,Self pickup
O000626,2024-07-01,C0018,Retail farmer,V01,Chilli,Nursery bed,800,1.09,0.0,872.0,Cash,Walk-in,Self pickup
O000627,2024-07-01,C0282,Retail farmer,V06,Chilli,Pro-tray,1400,1.32,0.0,1848.0,Cash,Walk-in,Self pickup
O000628,2024-07-01,C0229,Wholesale / dealer,V01,Chilli,Pro-tray,38800,1.51,8.7,53490.84,UPI,Phone call,Van delivery
O000629,2024-07-01,C0283,Retail farmer,V01,Chilli,Pro-tray,700,1.56,0.0,1092.0,UPI,WhatsApp,Van delivery
O000630,2024-07-01,C0284,Retail farmer,V07,Chilli,Pro-tray,2500,1.23,0.0,3075.0,Cash,Phone call,Self pickup
O000631,2024-07-01,C0249,Wholesale / dealer,V01,Chilli,Pro-tray,5700,1.51,11.8,7591.37,Cash,Walk-in,Self pickup
O000632,2024-07-01,C0285,Retail farmer,V11,Capsicum,Pro-tray,400,3.29,0.0,1316.0,Cash,Walk-in,Self pickup
O000633,2024-07-01,C0273,Retail farmer,V12,Tomato,Nursery bed,1100,1.27,0.0,1397.0,UPI,Phone call,Self pickup
O000634,2024-07-01,C0029,Retail farmer,V16,Tobacco,Nursery bed,2100,0.12,0.0,252.0,Cash,Walk-in,Self pickup
O000635,2024-07-02,C0176,Retail farmer,V06,Chilli,Pro-tray,1500,1.27,0.0,1905.0,Credit,Walk-in,Self pickup
O000636,2024-07-02,C0286,Retail farmer,V01,Chilli,Nursery bed,1400,1.12,0.0,1568.0,Cash,Walk-in,Self pickup
O000637,2024-07-02,C0287,Wholesale / dealer,V07,Chilli,Nursery bed,4800,0.9,9.8,3896.64,UPI,WhatsApp,Self pickup
O000638,2024-07-02,C0157,Home gardener,V10,Chilli,Pro-tray,180,1.38,0.0,248.4,UPI,WhatsApp,Self pickup
O000639,2024-07-02,C0256,Wholesale / dealer,V03,Chilli,Pro-tray,2600,1.69,10.2,3945.81,Credit,Walk-in,Self pickup
O000640,2024-07-02,C0221,Retail farmer,V07,Chilli,Nursery bed,300,0.9,0.0,270.0,UPI,Phone call,Van delivery
O000641,2024-07-02,C0288,Retail farmer,V07,Chilli,Nursery bed,800,0.89,0.0,712.0,Cash,Walk-in,Self pickup
O000642,2024-07-02,C0289,Retail farmer,V03,Chilli,Nursery bed,2900,1.16,0.0,3364.0,UPI,Walk-in,Van delivery
O000643,2024-07-02,C0290,Retail farmer,V03,Chilli,Pro-tray,2500,1.68,0.0,4200.0,Cash,Walk-in,Self pickup
O000644,2024-07-02,C0291,Home gardener,V07,Chilli,Pro-tray,70,1.26,0.0,88.2,Cash,Phone call,Self pickup
O000645,2024-07-02,C0160,Retail farmer,V06,Chilli,Pro-tray,800,1.33,0.0,1064.0,UPI,Walk-in,Self pickup
O000646,2024-07-02,C0283,Retail farmer,V01,Chilli,Pro-tray,1100,1.52,0.0,1672.0,Credit,Walk-in,Self pickup
O000647,2024-07-02,C0292,Wholesale / dealer,V11,Capsicum,Nursery bed,1500,2.42,8.3,3328.71,UPI,Walk-in,Self pickup
O000648,2024-07-02,C0065,Retail farmer,V12,Tomato,Pro-tray,3700,1.75,0.0,6475.0,UPI,Walk-in,Self pickup
O000649,2024-07-02,C0293,Home gardener,V13,Brinjal,Pro-tray,60,1.17,0.0,70.2,Cash,Phone call,Self pickup
O000650,2024-07-02,C0248,Wholesale / dealer,V15,Marigold,Pro-tray,2000,1.72,9.5,3113.2,UPI,Phone call,Self pickup
O000651,2024-07-02,C0294,Retail farmer,V14,Marigold,Nursery bed,2200,1.3,0.0,2860.0,UPI,WhatsApp,Self pickup
O000652,2024-07-02,C0292,Wholesale / dealer,V16,Tobacco,Nursery bed,42000,0.12,9.4,4566.24,UPI,Phone call,Self pickup
O000653,2024-07-03,C0295,Retail farmer,V05,Chilli,Pro-tray,3600,1.59,0.0,5724.0,UPI,Phone call,Self pickup
O000654,2024-07-03,C0296,Retail farmer,V07,Chilli,Nursery bed,2000,0.86,0.0,1720.0,Credit,Phone call,Self pickup
O000655,2024-07-03,C0061,Retail farmer,V07,Chilli,Pro-tray,1200,1.24,0.0,1488.0,Credit,Walk-in,Self pickup
O000656,2024-07-03,C0297,Retail farmer,V06,Chilli,Nursery bed,700,0.92,0.0,644.0,Credit,Walk-in,Self pickup
O000657,2024-07-03,C0298,Home gardener,V01,Chilli,Pro-tray,180,1.56,0.0,280.8,Cash,Walk-in,Self pickup
O000658,2024-07-03,C0299,Retail farmer,V03,Chilli,Nursery bed,2100,1.16,0.0,2436.0,Cash,Walk-in,Self pickup
O000659,2024-07-03,C0300,Retail farmer,V02,Chilli,Nursery bed,2500,1.08,0.0,2700.0,Cash,Walk-in,Self pickup
O000660,2024-07-03,C0301,Retail farmer,V02,Chilli,Pro-tray,1400,1.51,0.0,2114.0,Credit,Walk-in,Self pickup
O000661,2024-07-03,C0077,Retail farmer,V01,Chilli,Nursery bed,300,1.09,0.0,327.0,Credit,Walk-in,Van delivery
O000662,2024-07-03,C0160,Retail farmer,V01,Chilli,Pro-tray,1600,1.57,0.0,2512.0,UPI,Phone call,Self pickup
O000663,2024-07-03,C0228,Retail farmer,V11,Capsicum,Pro-tray,600,3.23,0.0,1938.0,Credit,WhatsApp,Self pickup
O000664,2024-07-03,C0302,Home gardener,V12,Tomato,Pro-tray,190,1.79,0.0,340.1,Cash,Phone call,Self pickup
O000665,2024-07-03,C0303,Retail farmer,V13,Brinjal,Pro-tray,1200,1.23,0.0,1476.0,Cash,Walk-in,Self pickup
O000666,2024-07-03,C0304,Retail farmer,V16,Tobacco,Nursery bed,21300,0.12,1.6,2515.1,Cash,Walk-in,Self pickup
O000667,2024-07-04,C0081,Retail farmer,V09,Chilli,Nursery bed,700,1.19,0.0,833.0,Cash,Walk-in,Self pickup
O000668,2024-07-04,C0305,Retail farmer,V01,Chilli,Nursery bed,3100,1.12,0.0,3472.0,Cash,Walk-in,Self pickup
O000669,2024-07-04,C0306,Home gardener,V06,Chilli,Pro-tray,90,1.29,0.0,116.1,UPI,Walk-in,Self pickup
O000670,2024-07-04,C0307,Retail farmer,V05,Chilli,Nursery bed,1300,1.09,0.0,1417.0,Cash,WhatsApp,Self pickup
O000671,2024-07-04,C0308,Retail farmer,V07,Chilli,Nursery bed,600,0.9,0.0,540.0,Cash,Walk-in,Self pickup
O000672,2024-07-04,C0038,Retail farmer,V10,Chilli,Pro-tray,1500,1.34,0.0,2010.0,Cash,Walk-in,Self pickup
O000673,2024-07-04,C0042,Retail farmer,V06,Chilli,Nursery bed,800,0.92,0.0,736.0,Cash,Walk-in,Van delivery
O000674,2024-07-04,C0309,Retail farmer,V14,Marigold,Pro-tray,1600,1.75,0.0,2800.0,Cash,Walk-in,Self pickup
O000675,2024-07-04,C0310,Retail farmer,V14,Marigold,Pro-tray,1600,1.85,0.0,2960.0,UPI,Walk-in,Self pickup
O000676,2024-07-04,C0311,Retail farmer,V14,Marigold,Pro-tray,1700,1.76,0.0,2992.0,UPI,WhatsApp,Van delivery
O000677,2024-07-05,C0312,Wholesale / dealer,V08,Chilli,Nursery bed,8400,1.09,11.2,8130.53,Credit,Walk-in,Van delivery
O000678,2024-07-05,C0313,Retail farmer,V08,Chilli,Pro-tray,1200,1.57,0.0,1884.0,Cash,Phone call,Self pickup
O000679,2024-07-05,C0314,Retail farmer,V01,Chilli,Pro-tray,3100,1.59,0.0,4929.0,UPI,Walk-in,Self pickup
O000680,2024-07-05,C0175,Retail farmer,V06,Chilli,Pro-tray,1600,1.3,0.0,2080.0,Cash,Walk-in,Self pickup
O000681,2024-07-05,C0259,Retail farmer,V01,Chilli,Pro-tray,6800,1.58,1.8,10550.61,Cash,Phone call,Self pickup
O000682,2024-07-05,C0055,Retail farmer,V07,Chilli,Nursery bed,1400,0.86,0.0,1204.0,UPI,Phone call,Self pickup
O000683,2024-07-05,C0286,Retail farmer,V08,Chilli,Nursery bed,1200,1.08,0.0,1296.0,Credit,Walk-in,Self pickup
O000684,2024-07-05,C0005,Wholesale / dealer,V06,Chilli,Nursery bed,9600,0.89,11.8,7535.81,Credit,Walk-in,Van delivery
O000685,2024-07-05,C0315,Retail farmer,V03,Chilli,Nursery bed,1000,1.13,0.0,1130.0,UPI,Walk-in,Self pickup
O000686,2024-07-05,C0077,Retail farmer,V13,Brinjal,Pro-tray,600,1.23,0.0,738.0,UPI,Walk-in,Van delivery
O000687,2024-07-05,C0316,Retail farmer,V13,Brinjal,Pro-tray,400,1.23,0.0,492.0,Cash,Walk-in,Self pickup
O000688,2024-07-05,C0317,Retail farmer,V13,Brinjal,Nursery bed,600,0.81,0.0,486.0,UPI,Walk-in,Self pickup
O000689,2024-07-05,C0318,Retail farmer,V14,Marigold,Pro-tray,800,1.84,0.0,1472.0,Cash,Phone call,Self pickup
O000690,2024-07-05,C0303,Retail farmer,V14,Marigold,Nursery bed,1500,1.26,0.0,1890.0,Cash,Phone call,Self pickup
O000691,2024-07-05,C0319,Wholesale / dealer,V16,Tobacco,Nursery bed,32700,0.12,10.5,3511.98,UPI,Walk-in,Van delivery
O000692,2024-07-06,C0033,Home gardener,V07,Chilli,Pro-tray,180,1.22,0.0,219.6,UPI,Phone call,Van delivery
O000693,2024-07-06,C0200,Retail farmer,V06,Chilli,Nursery bed,1000,0.91,0.0,910.0,Credit,Phone call,Self pickup
O000694,2024-07-06,C0249,Wholesale / dealer,V02,Chilli,Nursery bed,9500,1.05,10.1,8967.52,Cash,Phone call,Van delivery
O000695,2024-07-06,C0064,Retail farmer,V03,Chilli,Pro-tray,1400,1.63,0.0,2282.0,Credit,Walk-in,Self pickup
O000696,2024-07-06,C0104,Retail farmer,V02,Chilli,Pro-tray,1700,1.48,0.0,2516.0,Credit,WhatsApp,Self pickup
O000697,2024-07-06,C0320,Home gardener,V01,Chilli,Pro-tray,20,1.54,0.0,30.8,Cash,Walk-in,Van delivery
O000698,2024-07-06,C0321,Retail farmer,V03,Chilli,Nursery bed,700,1.18,0.0,826.0,Cash,Walk-in,Self pickup
O000699,2024-07-06,C0322,Retail farmer,V07,Chilli,Nursery bed,1800,0.89,0.0,1602.0,Cash,Phone call,Self pickup
O000700,2024-07-06,C0323,Wholesale / dealer,V07,Chilli,Pro-tray,9100,1.25,9.3,10317.12,Cash,Walk-in,Van delivery
O000701,2024-07-06,C0179,Retail farmer,V01,Chilli,Pro-tray,1200,1.55,0.0,1860.0,Cash,Walk-in,Self pickup
O000702,2024-07-06,C0146,Retail farmer,V15,Marigold,Pro-tray,1000,1.67,0.0,1670.0,Cash,Walk-in,Self pickup
O000703,2024-07-06,C0257,Retail farmer,V15,Marigold,Pro-tray,1500,1.75,0.0,2625.0,Cash,Walk-in,Self pickup
O000704,2024-07-06,C0324,Retail farmer,V16,Tobacco,Nursery bed,11400,0.12,3.1,1325.59,UPI,Walk-in,Self pickup
O000705,2024-07-07,C0039,Retail farmer,V01,Chilli,Nursery bed,800,1.08,0.0,864.0,UPI,Walk-in,Self pickup
O000706,2024-07-07,C0255,Retail farmer,V01,Chilli,Pro-tray,900,1.57,0.0,1413.0,UPI,Phone call,Self pickup
O000707,2024-07-07,C0325,Retail farmer,V08,Chilli,Pro-tray,500,1.52,0.0,760.0,Credit,Walk-in,Self pickup
O000708,2024-07-07,C0326,Retail farmer,V03,Chilli,Nursery bed,1400,1.17,0.0,1638.0,Cash,Phone call,Self pickup
O000709,2024-07-07,C0327,Retail farmer,V01,Chilli,Pro-tray,1400,1.53,0.0,2142.0,Cash,Walk-in,Van delivery
O000710,2024-07-07,C0328,Retail farmer,V09,Chilli,Nursery bed,2800,1.24,0.0,3472.0,UPI,WhatsApp,Self pickup
O000711,2024-07-07,C0329,Retail farmer,V07,Chilli,Nursery bed,1600,0.87,0.0,1392.0,UPI,Phone call,Self pickup
O000712,2024-07-07,C0113,Retail farmer,V01,Chilli,Nursery bed,800,1.1,0.0,880.0,Cash,Phone call,Self pickup
O000713,2024-07-07,C0330,Retail farmer,V01,Chilli,Nursery bed,1000,1.08,0.0,1080.0,Cash,Phone call,Self pickup
O000714,2024-07-07,C0030,Retail farmer,V07,Chilli,Nursery bed,2000,0.86,0.0,1720.0,Cash,Phone call,Self pickup
O000715,2024-07-07,C0331,Retail farmer,V10,Chilli,Pro-tray,800,1.33,0.0,1064.0,Cash,Phone call,Self pickup
O000716,2024-07-07,C0323,Wholesale / dealer,V03,Chilli,Pro-tray,9700,1.69,8.1,15065.17,Credit,Walk-in,Self pickup
O000717,2024-07-07,C0292,Wholesale / dealer,V05,Chilli,Nursery bed,13700,1.09,10.0,13439.7,Cash,Walk-in,Van delivery
O000718,2024-07-07,C0332,Retail farmer,V12,Tomato,Pro-tray,1000,1.78,0.0,1780.0,Cash,Walk-in,Self pickup
O000719,2024-07-07,C0090,Retail farmer,V12,Tomato,Pro-tray,2300,1.79,0.0,4117.0,Cash,Walk-in,Self pickup
O000720,2024-07-07,C0333,Retail farmer,V12,Tomato,Pro-tray,900,1.84,0.0,1656.0,UPI,Walk-in,Self pickup
O000721,2024-07-07,C0334,Retail farmer,V13,Brinjal,Pro-tray,400,1.21,0.0,484.0,Cash,Walk-in,Self pickup
O000722,2024-07-07,C0335,Retail farmer,V15,Marigold,Pro-tray,2000,1.66,0.0,3320.0,UPI,Phone call,Self pickup
O000723,2024-07-07,C0233,Wholesale / dealer,V16,Tobacco,Nursery bed,17300,0.12,10.7,1853.87,Credit,Walk-in,Van delivery
O000724,2024-07-08,C0319,Wholesale / dealer,V02,Chilli,Pro-tray,11000,1.52,10.5,14964.4,UPI,Phone call,Van delivery
O000725,2024-07-08,C0278,Retail farmer,V02,Chilli,Nursery bed,1800,1.04,0.0,1872.0,Credit,Walk-in,Self pickup
O000726,2024-07-08,C0019,Retail farmer,V10,Chilli,Nursery bed,3800,0.98,0.0,3724.0,UPI,WhatsApp,Van delivery
O000727,2024-07-08,C0215,Wholesale / dealer,V07,Chilli,Pro-tray,14400,1.21,9.8,15716.45,Credit,WhatsApp,Self pickup
O000728,2024-07-08,C0336,Retail farmer,V06,Chilli,Pro-tray,1800,1.32,0.0,2376.0,Cash,WhatsApp,Self pickup
O000729,2024-07-08,C0036,Retail farmer,V07,Chilli,Nursery bed,1400,0.86,0.0,1204.0,Cash,WhatsApp,Self pickup
O000730,2024-07-08,C0300,Retail farmer,V09,Chilli,Nursery bed,600,1.17,0.0,702.0,Cash,Walk-in,Self pickup
O000731,2024-07-08,C0337,Retail farmer,V01,Chilli,Pro-tray,1200,1.6,0.0,1920.0,Cash,Walk-in,Self pickup
O000732,2024-07-08,C0338,Retail farmer,V09,Chilli,Nursery bed,400,1.17,0.0,468.0,UPI,Phone call,Self pickup
O000733,2024-07-08,C0339,Home gardener,V06,Chilli,Pro-tray,80,1.31,0.0,104.8,Cash,Walk-in,Self pickup
O000734,2024-07-08,C0198,Retail farmer,V01,Chilli,Nursery bed,2500,1.07,0.0,2675.0,Cash,Walk-in,Van delivery
O000735,2024-07-08,C0042,Retail farmer,V14,Marigold,Nursery bed,1200,1.28,0.0,1536.0,Cash,Phone call,Self pickup
O000736,2024-07-08,C0129,Retail farmer,V16,Tobacco,Nursery bed,11800,0.12,0.8,1404.67,Cash,Phone call,Self pickup
O000737,2024-07-09,C0044,Retail farmer,V02,Chilli,Nursery bed,2000,1.06,0.0,2120.0,Cash,Phone call,Van delivery
O000738,2024-07-09,C0196,Retail farmer,V05,Chilli,Nursery bed,1200,1.1,0.0,1320.0,Cash,WhatsApp,Self pickup
O000739,2024-07-09,C0340,Wholesale / dealer,V07,Chilli,Pro-tray,2500,1.22,9.4,2763.3,UPI,Walk-in,Self pickup
O000740,2024-07-09,C0341,Retail farmer,V01,Chilli,Pro-tray,1200,1.53,0.0,1836.0,UPI,Phone call,Self pickup
O000741,2024-07-09,C0134,Retail farmer,V01,Chilli,Pro-tray,2700,1.52,0.0,4104.0,UPI,Walk-in,Self pickup
O000742,2024-07-09,C0342,Retail farmer,V05,Chilli,Nursery bed,1300,1.12,0.0,1456.0,Cash,Walk-in,Self pickup
O000743,2024-07-09,C0310,Retail farmer,V06,Chilli,Nursery bed,1700,0.9,0.0,1530.0,Cash,Walk-in,Self pickup
O000744,2024-07-09,C0271,Wholesale / dealer,V05,Chilli,Pro-tray,4700,1.57,11.8,6508.28,UPI,Walk-in,Self pickup
O000745,2024-07-09,C0286,Retail farmer,V02,Chilli,Nursery bed,3300,1.04,0.0,3432.0,Cash,Walk-in,Self pickup
O000746,2024-07-09,C0343,Retail farmer,V10,Chilli,Nursery bed,1100,0.98,0.0,1078.0,Cash,Walk-in,Self pickup
O000747,2024-07-09,C0344,Retail farmer,V07,Chilli,Nursery bed,1600,0.86,0.0,1376.0,UPI,Phone call,Self pickup
O000748,2024-07-09,C0332,Retail farmer,V06,Chilli,Nursery bed,1000,0.89,0.0,890.0,Cash,Walk-in,Self pickup
O000749,2024-07-09,C0345,Retail farmer,V03,Chilli,Nursery bed,700,1.13,0.0,791.0,Cash,Phone call,Self pickup
O000750,2024-07-09,C0346,Retail farmer,V12,Tomato,Nursery bed,600,1.22,0.0,732.0,UPI,Walk-in,Self pickup
O000751,2024-07-09,C0347,Wholesale / dealer,V12,Tomato,Nursery bed,9400,1.22,11.4,10160.65,Cash,Walk-in,Self pickup
O000752,2024-07-09,C0348,Retail farmer,V13,Brinjal,Nursery bed,700,0.8,0.0,560.0,Cash,Walk-in,Van delivery
O000753,2024-07-09,C0128,Retail farmer,V16,Tobacco,Nursery bed,5800,0.12,1.0,689.04,UPI,Walk-in,Self pickup
O000754,2024-07-10,C0161,Retail farmer,V01,Chilli,Nursery bed,1700,1.08,0.0,1836.0,UPI,Walk-in,Van delivery
O000755,2024-07-10,C0229,Wholesale / dealer,V06,Chilli,Nursery bed,7800,0.91,10.6,6345.61,Credit,Walk-in,Van delivery
O000756,2024-07-10,C0107,Retail farmer,V01,Chilli,Pro-tray,2100,1.52,0.0,3192.0,UPI,Phone call,Self pickup
O000757,2024-07-10,C0292,Wholesale / dealer,V07,Chilli,Pro-tray,4500,1.26,9.2,5148.36,Credit,Phone call,Van delivery
O000758,2024-07-10,C0349,Retail farmer,V03,Chilli,Nursery bed,1700,1.17,0.0,1989.0,Cash,Phone call,Self pickup
O000759,2024-07-10,C0053,Retail farmer,V01,Chilli,Nursery bed,3000,1.1,0.0,3300.0,Cash,WhatsApp,Self pickup
O000760,2024-07-10,C0350,Retail farmer,V03,Chilli,Pro-tray,2500,1.65,0.0,4125.0,Cash,WhatsApp,Van delivery
O000761,2024-07-10,C0351,Retail farmer,V08,Chilli,Nursery bed,2600,1.12,0.0,2912.0,UPI,Phone call,Self pickup
O000762,2024-07-10,C0116,Retail farmer,V06,Chilli,Pro-tray,2400,1.32,0.0,3168.0,UPI,Walk-in,Self pickup
O000763,2024-07-10,C0154,Retail farmer,V03,Chilli,Pro-tray,4900,1.7,0.0,8330.0,UPI,Phone call,Self pickup
O000764,2024-07-10,C0266,Wholesale / dealer,V11,Capsicum,Pro-tray,800,3.13,9.8,2258.61,Credit,Phone call,Self pickup
O000765,2024-07-10,C0352,Retail farmer,V12,Tomato,Pro-tray,1200,1.8,0.0,2160.0,Cash,Phone call,Self pickup
O000766,2024-07-10,C0353,Retail farmer,V13,Brinjal,Pro-tray,300,1.23,0.0,369.0,Cash,Phone call,Self pickup
O000767,2024-07-11,C0086,Home gardener,V06,Chilli,Pro-tray,130,1.31,0.0,170.3,Cash,Walk-in,Self pickup
O000768,2024-07-11,C0354,Retail farmer,V05,Chilli,Nursery bed,3300,1.13,0.0,3729.0,Credit,Walk-in,Self pickup
O000769,2024-07-11,C0355,Retail farmer,V06,Chilli,Pro-tray,900,1.33,0.0,1197.0,Cash,WhatsApp,Van delivery
O000770,2024-07-11,C0312,Wholesale / dealer,V01,Chilli,Pro-tray,7300,1.57,10.5,10257.59,UPI,Walk-in,Van delivery
O000771,2024-07-11,C0356,Home gardener,V07,Chilli,Pro-tray,130,1.26,0.0,163.8,Cash,Walk-in,Self pickup
O000772,2024-07-11,C0343,Retail farmer,V03,Chilli,Pro-tray,1400,1.69,0.0,2366.0,UPI,Walk-in,Self pickup
O000773,2024-07-11,C0034,Retail farmer,V01,Chilli,Nursery bed,1300,1.1,0.0,1430.0,UPI,WhatsApp,Self pickup
O000774,2024-07-11,C0105,Retail farmer,V12,Tomato,Nursery bed,3000,1.25,0.0,3750.0,Cash,Phone call,Self pickup
O000775,2024-07-11,C0357,Retail farmer,V13,Brinjal,Nursery bed,600,0.78,0.0,468.0,Cash,Walk-in,Self pickup
O000776,2024-07-11,C0256,Wholesale / dealer,V15,Marigold,Nursery bed,3200,1.27,8.3,3726.69,UPI,Walk-in,Self pickup
O000777,2024-07-11,C0358,Retail farmer,V16,Tobacco,Nursery bed,40700,0.12,2.9,4742.36,Cash,Walk-in,Self pickup
O000778,2024-07-12,C0359,Home gardener,V03,Chilli,Pro-tray,120,1.65,0.0,198.0,Cash,Phone call,Self pickup
O000779,2024-07-12,C0192,Retail farmer,V05,Chilli,Nursery bed,600,1.15,0.0,690.0,UPI,Phone call,Van delivery
O000780,2024-07-12,C0360,Retail farmer,V01,Chilli,Pro-tray,900,1.57,0.0,1413.0,Cash,Phone call,Self pickup
O000781,2024-07-12,C0261,Retail farmer,V02,Chilli,Pro-tray,800,1.51,0.0,1208.0,UPI,WhatsApp,Self pickup
O000782,2024-07-12,C0361,Wholesale / dealer,V06,Chilli,Nursery bed,8600,0.91,8.6,7152.96,Credit,Walk-in,Van delivery
O000783,2024-07-12,C0362,Retail farmer,V01,Chilli,Pro-tray,900,1.58,0.0,1422.0,Cash,Phone call,Self pickup
O000784,2024-07-12,C0363,Wholesale / dealer,V10,Chilli,Pro-tray,13700,1.33,11.3,16162.03,Cash,Phone call,Self pickup
O000785,2024-07-12,C0364,Retail farmer,V02,Chilli,Nursery bed,900,1.05,0.0,945.0,Cash,Walk-in,Self pickup
O000786,2024-07-12,C0365,Retail farmer,V06,Chilli,Pro-tray,3700,1.28,0.0,4736.0,Cash,Walk-in,Van delivery
O000787,2024-07-12,C0116,Retail farmer,V12,Tomato,Pro-tray,1300,1.8,0.0,2340.0,Cash,Walk-in,Van delivery
O000788,2024-07-12,C0262,Wholesale / dealer,V15,Marigold,Nursery bed,7800,1.27,9.6,8955.02,Credit,Phone call,Van delivery
O000789,2024-07-12,C0229,Wholesale / dealer,V15,Marigold,Pro-tray,19800,1.7,9.5,30462.3,UPI,Phone call,Van delivery
O000790,2024-07-12,C0366,Retail farmer,V16,Tobacco,Nursery bed,4500,0.12,0.0,540.0,Cash,Walk-in,Self pickup
O000791,2024-07-12,C0089,Retail farmer,V16,Tobacco,Nursery bed,6500,0.12,2.7,758.94,Credit,Phone call,Self pickup
O000792,2024-07-13,C0367,Retail farmer,V08,Chilli,Pro-tray,5500,1.53,1.8,8263.53,Cash,Walk-in,Van delivery
O000793,2024-07-13,C0368,Retail farmer,V07,Chilli,Nursery bed,1200,0.89,0.0,1068.0,Cash,Walk-in,Self pickup
O000794,2024-07-13,C0202,Home gardener,V05,Chilli,Pro-tray,200,1.57,0.0,314.0,Cash,Phone call,Self pickup
O000795,2024-07-13,C0136,Retail farmer,V02,Chilli,Pro-tray,2100,1.46,0.0,3066.0,Cash,Phone call,Self pickup
O000796,2024-07-13,C0008,Wholesale / dealer,V03,Chilli,Pro-tray,17700,1.67,8.9,26928.25,Credit,Phone call,Self pickup
O000797,2024-07-13,C0161,Retail farmer,V03,Chilli,Nursery bed,2000,1.18,0.0,2360.0,Cash,Walk-in,Self pickup
O000798,2024-07-13,C0369,Retail farmer,V11,Capsicum,Pro-tray,1400,3.2,0.0,4480.0,Cash,Walk-in,Self pickup
O000799,2024-07-13,C0370,Retail farmer,V11,Capsicum,Pro-tray,400,3.19,0.0,1276.0,UPI,WhatsApp,Self pickup
O000800,2024-07-13,C0150,Retail farmer,V11,Capsicum,Pro-tray,700,3.18,0.0,2226.0,Cash,Walk-in,Self pickup
O000801,2024-07-13,C0371,Retail farmer,V16,Tobacco,Nursery bed,5200,0.12,0.2,622.75,Cash,Walk-in,Self pickup
O000802,2024-07-13,C0271,Wholesale / dealer,V16,Tobacco,Nursery bed,17500,0.12,11.4,1860.6,Cash,Walk-in,Van delivery
O000803,2024-07-14,C0127,Retail farmer,V05,Chilli,Nursery bed,1700,1.14,0.0,1938.0,UPI,WhatsApp,Self pickup
O000804,2024-07-14,C0075,Retail farmer,V06,Chilli,Nursery bed,1100,0.92,0.0,1012.0,Cash,Phone call,Self pickup
O000805,2024-07-14,C0372,Retail farmer,V02,Chilli,Pro-tray,1000,1.51,0.0,1510.0,Cash,Walk-in,Self pickup
O000806,2024-07-14,C0280,Retail farmer,V01,Chilli,Pro-tray,1100,1.57,0.0,1727.0,Cash,Phone call,Self pickup
O000807,2024-07-14,C0373,Retail farmer,V01,Chilli,Nursery bed,2000,1.09,0.0,2180.0,Cash,Phone call,Self pickup
O000808,2024-07-14,C0031,Retail farmer,V06,Chilli,Pro-tray,2100,1.32,0.0,2772.0,Cash,Phone call,Van delivery
O000809,2024-07-14,C0048,Retail farmer,V07,Chilli,Pro-tray,2300,1.25,0.0,2875.0,UPI,Walk-in,Self pickup
O000810,2024-07-14,C0122,Retail farmer,V01,Chilli,Nursery bed,1500,1.07,0.0,1605.0,Cash,Phone call,Self pickup
O000811,2024-07-14,C0374,Retail farmer,V01,Chilli,Nursery bed,800,1.11,0.0,888.0,Cash,Phone call,Self pickup
O000812,2024-07-14,C0375,Retail farmer,V01,Chilli,Nursery bed,2200,1.11,0.0,2442.0,Credit,Phone call,Self pickup
O000813,2024-07-14,C0376,Home gardener,V12,Tomato,Pro-tray,20,1.76,0.0,35.2,Cash,Walk-in,Self pickup
O000814,2024-07-14,C0115,Retail farmer,V15,Marigold,Pro-tray,500,1.72,0.0,860.0,Cash,Walk-in,Self pickup
O000815,2024-07-15,C0245,Retail farmer,V01,Chilli,Nursery bed,2100,1.11,0.0,2331.0,UPI,Phone call,Self pickup
O000816,2024-07-15,C0377,Retail farmer,V06,Chilli,Pro-tray,2500,1.26,0.0,3150.0,Cash,Phone call,Self pickup
O000817,2024-07-15,C0377,Retail farmer,V03,Chilli,Nursery bed,2100,1.12,0.0,2352.0,Cash,Phone call,Self pickup
O000818,2024-07-15,C0262,Wholesale / dealer,V01,Chilli,Pro-tray,47900,1.59,9.9,68621.06,Credit,Walk-in,Van delivery
O000819,2024-07-15,C0349,Retail farmer,V02,Chilli,Pro-tray,1200,1.54,0.0,1848.0,Cash,Phone call,Self pickup
O000820,2024-07-15,C0378,Retail farmer,V01,Chilli,Nursery bed,3100,1.1,0.0,3410.0,Cash,Walk-in,Self pickup
O000821,2024-07-15,C0379,Retail farmer,V08,Chilli,Pro-tray,600,1.57,0.0,942.0,Cash,Walk-in,Self pickup
O000822,2024-07-15,C0292,Wholesale / dealer,V10,Chilli,Pro-tray,3000,1.37,11.7,3629.13,Credit,Phone call,Self pickup
O000823,2024-07-15,C0122,Retail farmer,V03,Chilli,Pro-tray,900,1.63,0.0,1467.0,UPI,Walk-in,Self pickup
O000824,2024-07-15,C0340,Wholesale / dealer,V12,Tomato,Pro-tray,4200,1.78,8.0,6877.92,Credit,Walk-in,Van delivery
O000825,2024-07-15,C0335,Retail farmer,V13,Brinjal,Nursery bed,900,0.78,0.0,702.0,Cash,Phone call,Self pickup
O000826,2024-07-15,C0009,Wholesale / dealer,V14,Marigold,Nursery bed,2800,1.26,9.4,3196.37,UPI,Walk-in,Self pickup
O000827,2024-07-15,C0380,Retail farmer,V14,Marigold,Pro-tray,1200,1.8,0.0,2160.0,Cash,WhatsApp,Self pickup
O000828,2024-07-16,C0381,Retail farmer,V08,Chilli,Nursery bed,2900,1.07,0.0,3103.0,Cash,Walk-in,Self pickup
O000829,2024-07-16,C0382,Home gardener,V10,Chilli,Pro-tray,170,1.33,0.0,226.1,Cash,Walk-in,Self pickup
O000830,2024-07-16,C0383,Retail farmer,V07,Chilli,Nursery bed,1300,0.88,0.0,1144.0,Cash,Phone call,Self pickup
O000831,2024-07-16,C0384,Retail farmer,V03,Chilli,Pro-tray,1000,1.6,0.0,1600.0,UPI,Phone call,Van delivery
O000832,2024-07-16,C0215,Wholesale / dealer,V07,Chilli,Nursery bed,8800,0.89,11.0,6970.48,Credit,Phone call,Van delivery
O000833,2024-07-16,C0028,Retail farmer,V07,Chilli,Pro-tray,1400,1.27,0.0,1778.0,Cash,Phone call,Self pickup
O000834,2024-07-16,C0326,Retail farmer,V02,Chilli,Pro-tray,3400,1.49,0.0,5066.0,Cash,Phone call,Van delivery
O000835,2024-07-16,C0385,Retail farmer,V07,Chilli,Nursery bed,1700,0.87,0.0,1479.0,UPI,Walk-in,Self pickup
O000836,2024-07-16,C0386,Retail farmer,V11,Capsicum,Pro-tray,1100,3.16,0.0,3476.0,UPI,Walk-in,Self pickup
O000837,2024-07-16,C0387,Retail farmer,V11,Capsicum,Pro-tray,1800,3.19,0.0,5742.0,Cash,WhatsApp,Self pickup
O000838,2024-07-16,C0149,Retail farmer,V11,Capsicum,Pro-tray,900,3.28,0.0,2952.0,Cash,Walk-in,Self pickup
O000839,2024-07-16,C0182,Wholesale / dealer,V12,Tomato,Nursery bed,7600,1.29,9.0,8921.64,UPI,Phone call,Van delivery
O000840,2024-07-16,C0388,Retail farmer,V13,Brinjal,Pro-tray,300,1.21,0.0,363.0,Credit,Phone call,Self pickup
O000841,2024-07-16,C0389,Home gardener,V14,Marigold,Pro-tray,180,1.75,0.0,315.0,Cash,Walk-in,Self pickup
O000842,2024-07-16,C0106,Retail farmer,V14,Marigold,Pro-tray,2200,1.85,0.0,4070.0,UPI,WhatsApp,Self pickup
O000843,2024-07-16,C0280,Retail farmer,V14,Marigold,Nursery bed,1300,1.33,0.0,1729.0,Cash,Phone call,Self pickup
O000844,2024-07-17,C0171,Home gardener,V07,Chilli,Pro-tray,20,1.29,0.0,25.8,Cash,Walk-in,Self pickup
O000845,2024-07-17,C0390,Retail farmer,V07,Chilli,Nursery bed,1400,0.88,0.0,1232.0,Cash,Phone call,Self pickup
O000846,2024-07-17,C0391,Retail farmer,V02,Chilli,Nursery bed,6300,1.03,0.8,6437.09,UPI,WhatsApp,Van delivery
O000847,2024-07-17,C0381,Retail farmer,V01,Chilli,Pro-tray,1400,1.58,0.0,2212.0,Credit,Walk-in,Self pickup
O000848,2024-07-17,C0035,Home gardener,V07,Chilli,Pro-tray,130,1.26,0.0,163.8,Cash,Walk-in,Self pickup
O000849,2024-07-17,C0053,Retail farmer,V10,Chilli,Pro-tray,500,1.31,0.0,655.0,UPI,Walk-in,Self pickup
O000850,2024-07-17,C0326,Retail farmer,V06,Chilli,Pro-tray,800,1.32,0.0,1056.0,Cash,Phone call,Self pickup
O000851,2024-07-17,C0243,Retail farmer,V02,Chilli,Nursery bed,500,1.08,0.0,540.0,Credit,Walk-in,Self pickup
O000852,2024-07-17,C0205,Retail farmer,V06,Chilli,Pro-tray,1100,1.33,0.0,1463.0,Cash,Walk-in,Self pickup
O000853,2024-07-17,C0392,Retail farmer,V01,Chilli,Pro-tray,1400,1.55,0.0,2170.0,Cash,Walk-in,Self pickup
O000854,2024-07-17,C0224,Wholesale / dealer,V07,Chilli,Pro-tray,3700,1.23,9.9,4100.45,Cash,Walk-in,Self pickup
O000855,2024-07-17,C0393,Retail farmer,V03,Chilli,Pro-tray,2600,1.64,0.0,4264.0,Cash,WhatsApp,Self pickup
O000856,2024-07-17,C0276,Retail farmer,V02,Chilli,Nursery bed,1500,1.02,0.0,1530.0,Credit,Phone call,Self pickup
O000857,2024-07-17,C0394,Retail farmer,V12,Tomato,Nursery bed,3600,1.22,0.0,4392.0,Cash,Phone call,Self pickup
O000858,2024-07-17,C0215,Wholesale / dealer,V12,Tomato,Nursery bed,8200,1.22,9.6,9043.62,Credit,Walk-in,Van delivery
O000859,2024-07-17,C0319,Wholesale / dealer,V13,Brinjal,Nursery bed,3300,0.81,8.4,2448.47,UPI,Phone call,Self pickup
O000860,2024-07-17,C0395,Home gardener,V13,Brinjal,Pro-tray,80,1.22,0.0,97.6,Cash,WhatsApp,Self pickup
O000861,2024-07-17,C0396,Retail farmer,V13,Brinjal,Nursery bed,400,0.79,0.0,316.0,UPI,Walk-in,Self pickup
O000862,2024-07-17,C0271,Wholesale / dealer,V16,Tobacco,Nursery bed,72600,0.12,8.8,7945.34,UPI,Walk-in,Van delivery
O000863,2024-07-17,C0332,Retail farmer,V16,Tobacco,Nursery bed,5300,0.12,3.3,615.01,UPI,Phone call,Van delivery
O000864,2024-07-18,C0119,Retail farmer,V01,Chilli,Nursery bed,4000,1.1,0.0,4400.0,UPI,Walk-in,Van delivery
O000865,2024-07-18,C0397,Retail farmer,V07,Chilli,Nursery bed,2600,0.86,0.0,2236.0,Cash,WhatsApp,Self pickup
O000866,2024-07-18,C0398,Home gardener,V08,Chilli,Pro-tray,100,1.56,0.0,156.0,Cash,Walk-in,Self pickup
O000867,2024-07-18,C0124,Retail farmer,V03,Chilli,Nursery bed,900,1.15,0.0,1035.0,UPI,Walk-in,Self pickup
O000868,2024-07-18,C0323,Wholesale / dealer,V02,Chilli,Nursery bed,7700,1.02,11.9,6919.37,Credit,Walk-in,Self pickup
O000869,2024-07-18,C0004,Retail farmer,V07,Chilli,Nursery bed,1600,0.87,0.0,1392.0,Cash,Phone call,Self pickup
O000870,2024-07-18,C0095,Retail farmer,V07,Chilli,Pro-tray,2600,1.23,0.0,3198.0,UPI,Phone call,Self pickup
O000871,2024-07-18,C0312,Wholesale / dealer,V07,Chilli,Nursery bed,4600,0.89,9.2,3717.35,Cash,Walk-in,Self pickup
O000872,2024-07-18,C0077,Retail farmer,V07,Chilli,Nursery bed,2900,0.88,0.0,2552.0,UPI,Walk-in,Self pickup
O000873,2024-07-18,C0020,Retail farmer,V11,Capsicum,Pro-tray,2300,3.2,0.0,7360.0,Credit,WhatsApp,Self pickup
O000874,2024-07-18,C0031,Retail farmer,V11,Capsicum,Pro-tray,1500,3.27,0.0,4905.0,UPI,Phone call,Self pickup
O000875,2024-07-18,C0328,Retail farmer,V12,Tomato,Pro-tray,1500,1.82,0.0,2730.0,UPI,Walk-in,Self pickup
O000876,2024-07-18,C0399,Retail farmer,V14,Marigold,Pro-tray,900,1.76,0.0,1584.0,Credit,WhatsApp,Self pickup
O000877,2024-07-18,C0071,Retail farmer,V14,Marigold,Pro-tray,700,1.85,0.0,1295.0,Cash,Walk-in,Self pickup
O000878,2024-07-18,C0154,Retail farmer,V16,Tobacco,Nursery bed,6100,0.12,2.1,716.63,Cash,Phone call,Van delivery
O000879,2024-07-19,C0063,Retail farmer,V06,Chilli,Pro-tray,800,1.29,0.0,1032.0,UPI,Phone call,Self pickup
O000880,2024-07-19,C0341,Retail farmer,V06,Chilli,Pro-tray,700,1.33,0.0,931.0,Cash,Phone call,Self pickup
O000881,2024-07-19,C0184,Retail farmer,V02,Chilli,Nursery bed,3300,1.06,0.0,3498.0,Cash,Walk-in,Self pickup
O000882,2024-07-19,C0400,Retail farmer,V05,Chilli,Nursery bed,1300,1.12,0.0,1456.0,Cash,Walk-in,Van delivery
O000883,2024-07-19,C0252,Retail farmer,V06,Chilli,Pro-tray,1700,1.31,0.0,2227.0,Cash,Walk-in,Self pickup
O000884,2024-07-19,C0375,Retail farmer,V02,Chilli,Nursery bed,1000,1.02,0.0,1020.0,UPI,Phone call,Self pickup
O000885,2024-07-19,C0372,Retail farmer,V01,Chilli,Pro-tray,1000,1.53,0.0,1530.0,UPI,Phone call,Self pickup
O000886,2024-07-19,C0401,Retail farmer,V01,Chilli,Pro-tray,2300,1.53,0.0,3519.0,Cash,Walk-in,Self pickup
O000887,2024-07-19,C0244,Retail farmer,V06,Chilli,Pro-tray,2000,1.28,0.0,2560.0,Credit,Phone call,Self pickup
O000888,2024-07-19,C0402,Retail farmer,V03,Chilli,Pro-tray,2700,1.67,0.0,4509.0,Credit,Walk-in,Self pickup
O000889,2024-07-19,C0041,Retail farmer,V03,Chilli,Nursery bed,1300,1.13,0.0,1469.0,Cash,Walk-in,Self pickup
O000890,2024-07-19,C0403,Home gardener,V11,Capsicum,Pro-tray,20,3.3,0.0,66.0,UPI,Walk-in,Self pickup
O000891,2024-07-19,C0081,Retail farmer,V13,Brinjal,Pro-tray,600,1.18,0.0,708.0,Cash,WhatsApp,Self pickup
O000892,2024-07-19,C0277,Retail farmer,V13,Brinjal,Pro-tray,1900,1.18,0.0,2242.0,Cash,Walk-in,Self pickup
O000893,2024-07-19,C0404,Wholesale / dealer,V13,Brinjal,Pro-tray,8200,1.22,10.4,8963.58,Credit,Phone call,Van delivery
O000894,2024-07-19,C0247,Retail farmer,V13,Brinjal,Pro-tray,600,1.21,0.0,726.0,UPI,Walk-in,Self pickup
O000895,2024-07-19,C0074,Retail farmer,V15,Marigold,Pro-tray,1000,1.66,0.0,1660.0,UPI,Phone call,Self pickup
O000896,2024-07-19,C0405,Retail farmer,V15,Marigold,Pro-tray,900,1.74,0.0,1566.0,Credit,WhatsApp,Self pickup
O000897,2024-07-19,C0406,Retail farmer,V15,Marigold,Pro-tray,1300,1.74,0.0,2262.0,Credit,WhatsApp,Self pickup
O000898,2024-07-20,C0136,Retail farmer,V02,Chilli,Pro-tray,2800,1.5,0.0,4200.0,UPI,Walk-in,Van delivery
O000899,2024-07-20,C0407,Retail farmer,V02,Chilli,Pro-tray,300,1.54,0.0,462.0,UPI,Phone call,Self pickup
O000900,2024-07-20,C0408,Retail farmer,V03,Chilli,Nursery bed,1400,1.18,0.0,1652.0,UPI,Walk-in,Self pickup
O000901,2024-07-20,C0409,Wholesale / dealer,V07,Chilli,Nursery bed,3000,0.88,11.4,2339.04,Credit,Walk-in,Self pickup
O000902,2024-07-20,C0061,Retail farmer,V01,Chilli,Nursery bed,700,1.13,0.0,791.0,Credit,Phone call,Self pickup
O000903,2024-07-20,C0410,Wholesale / dealer,V08,Chilli,Pro-tray,14100,1.53,12.0,18984.24,UPI,WhatsApp,Van delivery
O000904,2024-07-20,C0411,Retail farmer,V08,Chilli,Nursery bed,2600,1.12,0.0,2912.0,Cash,Phone call,Self pickup
O000905,2024-07-20,C0412,Retail farmer,V02,Chilli,Pro-tray,4200,1.53,0.0,6426.0,Cash,Walk-in,Self pickup
O000906,2024-07-20,C0133,Retail farmer,V01,Chilli,Pro-tray,1200,1.52,0.0,1824.0,Cash,Walk-in,Self pickup
O000907,2024-07-20,C0370,Retail farmer,V03,Chilli,Nursery bed,4800,1.18,0.0,5664.0,Cash,WhatsApp,Van delivery
O000908,2024-07-20,C0365,Retail farmer,V02,Chilli,Nursery bed,2200,1.06,0.0,2332.0,Cash,Phone call,Self pickup
O000909,2024-07-20,C0412,Retail farmer,V08,Chilli,Nursery bed,1200,1.08,0.0,1296.0,UPI,Walk-in,Self pickup
O000910,2024-07-20,C0413,Retail farmer,V12,Tomato,Pro-tray,800,1.81,0.0,1448.0,UPI,Walk-in,Self pickup
O000911,2024-07-20,C0347,Wholesale / dealer,V14,Marigold,Nursery bed,7000,1.3,10.7,8126.3,Credit,Walk-in,Self pickup
O000912,2024-07-21,C0036,Retail farmer,V09,Chilli,Nursery bed,1900,1.2,0.0,2280.0,Cash,Walk-in,Self pickup
O000913,2024-07-21,C0312,Wholesale / dealer,V01,Chilli,Nursery bed,1800,1.07,10.8,1717.99,Cash,Walk-in,Self pickup
O000914,2024-07-21,C0414,Wholesale / dealer,V09,Chilli,Nursery bed,3700,1.18,10.9,3890.11,Cash,WhatsApp,Van delivery
O000915,2024-07-21,C0415,Retail farmer,V07,Chilli,Nursery bed,1800,0.89,0.0,1602.0,UPI,WhatsApp,Self pickup
O000916,2024-07-21,C0313,Retail farmer,V09,Chilli,Nursery bed,1700,1.17,0.0,1989.0,UPI,WhatsApp,Self pickup
O000917,2024-07-21,C0416,Retail farmer,V05,Chilli,Pro-tray,3200,1.59,0.0,5088.0,Cash,Phone call,Self pickup
O000918,2024-07-21,C0005,Wholesale / dealer,V01,Chilli,Pro-tray,23200,1.51,10.7,31283.58,Cash,Walk-in,Van delivery
O000919,2024-07-21,C0207,Retail farmer,V11,Capsicum,Pro-tray,1700,3.13,0.0,5321.0,Cash,WhatsApp,Self pickup
O000920,2024-07-21,C0417,Wholesale / dealer,V12,Tomato,Pro-tray,7400,1.82,10.7,12026.92,Credit,Walk-in,Self pickup
O000921,2024-07-21,C0240,Retail farmer,V12,Tomato,Pro-tray,1200,1.83,0.0,2196.0,Cash,Phone call,Self pickup
O000922,2024-07-21,C0205,Retail farmer,V13,Brinjal,Pro-tray,1100,1.2,0.0,1320.0,UPI,Walk-in,Self pickup
O000923,2024-07-22,C0409,Wholesale / dealer,V05,Chilli,Nursery bed,4200,1.11,9.3,4228.43,Credit,Walk-in,Self pickup
O000924,2024-07-22,C0418,Wholesale / dealer,V03,Chilli,Pro-tray,13800,1.65,8.3,20880.09,Credit,Walk-in,Van delivery
O000925,2024-07-22,C0419,Home gardener,V08,Chilli,Pro-tray,80,1.52,0.0,121.6,UPI,Walk-in,Self pickup
O000926,2024-07-22,C0420,Retail farmer,V06,Chilli,Pro-tray,800,1.34,0.0,1072.0,UPI,Phone call,Self pickup
O000927,2024-07-22,C0083,Wholesale / dealer,V02,Chilli,Pro-tray,3200,1.47,8.4,4308.86,Cash,Walk-in,Self pickup
O000928,2024-07-22,C0421,Retail farmer,V03,Chilli,Pro-tray,7900,1.62,1.4,12618.83,UPI,Walk-in,Van delivery
O000929,2024-07-22,C0288,Retail farmer,V03,Chilli,Pro-tray,3500,1.6,0.0,5600.0,Cash,Walk-in,Self pickup
O000930,2024-07-22,C0248,Wholesale / dealer,V16,Tobacco,Nursery bed,26500,0.12,8.6,2906.52,UPI,Walk-in,Van delivery
O000931,2024-07-22,C0410,Wholesale / dealer,V16,Tobacco,Nursery bed,28900,0.12,11.7,3062.24,Cash,Phone call,Self pickup
O000932,2024-07-23,C0133,Retail farmer,V02,Chilli,Nursery bed,1100,1.06,0.0,1166.0,Cash,Walk-in,Self pickup
O000933,2024-07-23,C0212,Wholesale / dealer,V07,Chilli,Pro-tray,7800,1.25,10.8,8697.0,UPI,WhatsApp,Self pickup
O000934,2024-07-23,C0422,Retail farmer,V01,Chilli,Nursery bed,1900,1.1,0.0,2090.0,Cash,Walk-in,Self pickup
O000935,2024-07-23,C0423,Retail farmer,V05,Chilli,Pro-tray,1200,1.56,0.0,1872.0,UPI,Walk-in,Self pickup
O000936,2024-07-23,C0424,Retail farmer,V07,Chilli,Nursery bed,5100,0.86,2.6,4271.96,Cash,Walk-in,Van delivery
O000937,2024-07-23,C0009,Wholesale / dealer,V12,Tomato,Nursery bed,6600,1.24,9.0,7447.44,Credit,Phone call,Van delivery
O000938,2024-07-23,C0114,Retail farmer,V14,Marigold,Nursery bed,900,1.33,0.0,1197.0,Credit,Walk-in,Self pickup
O000939,2024-07-24,C0081,Retail farmer,V03,Chilli,Nursery bed,1200,1.18,0.0,1416.0,UPI,Walk-in,Self pickup
O000940,2024-07-24,C0425,Retail farmer,V03,Chilli,Pro-tray,2300,1.61,0.0,3703.0,Cash,Walk-in,Self pickup
O000941,2024-07-24,C0426,Retail farmer,V06,Chilli,Pro-tray,900,1.28,0.0,1152.0,Cash,WhatsApp,Self pickup
O000942,2024-07-24,C0361,Wholesale / dealer,V16,Tobacco,Nursery bed,29800,0.12,9.9,3221.98,UPI,WhatsApp,Van delivery
O000943,2024-07-25,C0427,Wholesale / dealer,V02,Chilli,Pro-tray,5200,1.48,10.3,6903.31,UPI,Walk-in,Self pickup
O000944,2024-07-25,C0337,Retail farmer,V01,Chilli,Nursery bed,1700,1.11,0.0,1887.0,UPI,Walk-in,Van delivery
O000945,2024-07-25,C0310,Retail farmer,V05,Chilli,Pro-tray,2200,1.63,0.0,3586.0,UPI,Walk-in,Self pickup
O000946,2024-07-25,C0428,Retail farmer,V07,Chilli,Nursery bed,3100,0.87,0.0,2697.0,UPI,Walk-in,Van delivery
O000947,2024-07-25,C0051,Retail farmer,V03,Chilli,Pro-tray,600,1.67,0.0,1002.0,UPI,Phone call,Self pickup
O000948,2024-07-25,C0429,Retail farmer,V12,Tomato,Pro-tray,1500,1.85,0.0,2775.0,Cash,WhatsApp,Self pickup
O000949,2024-07-25,C0186,Retail farmer,V14,Marigold,Pro-tray,300,1.85,0.0,555.0,UPI,Walk-in,Self pickup
O000950,2024-07-25,C0321,Retail farmer,V14,Marigold,Nursery bed,1800,1.29,0.0,2322.0,Cash,Walk-in,Van delivery
O000951,2024-07-25,C0323,Wholesale / dealer,V16,Tobacco,Nursery bed,76000,0.12,8.4,8353.92,Cash,Walk-in,Van delivery
O000952,2024-07-26,C0430,Retail farmer,V06,Chilli,Nursery bed,1100,0.88,0.0,968.0,Credit,Walk-in,Self pickup
O000953,2024-07-26,C0431,Home gardener,V01,Chilli,Pro-tray,150,1.58,0.0,237.0,UPI,WhatsApp,Van delivery
O000954,2024-07-26,C0432,Retail farmer,V06,Chilli,Nursery bed,2500,0.9,0.0,2250.0,Cash,Walk-in,Self pickup
O000955,2024-07-26,C0433,Retail farmer,V05,Chilli,Pro-tray,1000,1.58,0.0,1580.0,UPI,Walk-in,Self pickup
O000956,2024-07-26,C0434,Retail farmer,V03,Chilli,Nursery bed,1100,1.16,0.0,1276.0,Credit,Walk-in,Self pickup
O000957,2024-07-26,C0219,Retail farmer,V07,Chilli,Pro-tray,600,1.23,0.0,738.0,Credit,Walk-in,Self pickup
O000958,2024-07-26,C0435,Retail farmer,V08,Chilli,Nursery bed,2600,1.12,0.0,2912.0,Cash,Walk-in,Self pickup
O000959,2024-07-26,C0436,Retail farmer,V01,Chilli,Pro-tray,2000,1.58,0.0,3160.0,UPI,Walk-in,Self pickup
O000960,2024-07-26,C0437,Retail farmer,V11,Capsicum,Pro-tray,800,3.12,0.0,2496.0,Cash,Phone call,Van delivery
O000961,2024-07-26,C0438,Retail farmer,V12,Tomato,Nursery bed,900,1.29,0.0,1161.0,Cash,Walk-in,Van delivery
O000962,2024-07-26,C0439,Home gardener,V15,Marigold,Pro-tray,70,1.66,0.0,116.2,UPI,WhatsApp,Self pickup
O000963,2024-07-26,C0424,Retail farmer,V14,Marigold,Pro-tray,3000,1.78,0.0,5340.0,Cash,WhatsApp,Self pickup
O000964,2024-07-27,C0233,Wholesale / dealer,V01,Chilli,Nursery bed,11200,1.12,8.0,11540.48,Cash,Walk-in,Van delivery
O000965,2024-07-27,C0010,Home gardener,V01,Chilli,Pro-tray,80,1.54,0.0,123.2,Cash,WhatsApp,Self pickup
O000966,2024-07-27,C0440,Retail farmer,V06,Chilli,Pro-tray,1500,1.29,0.0,1935.0,UPI,Walk-in,Self pickup
O000967,2024-07-27,C0262,Wholesale / dealer,V06,Chilli,Nursery bed,10900,0.88,9.2,8709.54,Credit,Walk-in,Self pickup
O000968,2024-07-27,C0386,Retail farmer,V06,Chilli,Nursery bed,1600,0.88,0.0,1408.0,UPI,WhatsApp,Self pickup
O000969,2024-07-27,C0408,Retail farmer,V07,Chilli,Nursery bed,2000,0.86,0.0,1720.0,Cash,Phone call,Self pickup
O000970,2024-07-27,C0413,Retail farmer,V07,Chilli,Pro-tray,700,1.23,0.0,861.0,Cash,Walk-in,Self pickup
O000971,2024-07-27,C0441,Retail farmer,V02,Chilli,Nursery bed,1200,1.08,0.0,1296.0,UPI,Walk-in,Self pickup
O000972,2024-07-27,C0095,Retail farmer,V03,Chilli,Pro-tray,1300,1.65,0.0,2145.0,Cash,Walk-in,Self pickup
O000973,2024-07-27,C0197,Retail farmer,V09,Chilli,Pro-tray,3900,1.67,0.0,6513.0,Cash,Phone call,Self pickup
O000974,2024-07-27,C0422,Retail farmer,V07,Chilli,Pro-tray,2700,1.24,0.0,3348.0,UPI,Walk-in,Van delivery
O000975,2024-07-27,C0313,Retail farmer,V06,Chilli,Pro-tray,1600,1.29,0.0,2064.0,UPI,Walk-in,Self pickup
O000976,2024-07-27,C0273,Retail farmer,V11,Capsicum,Pro-tray,2500,3.12,0.0,7800.0,UPI,Walk-in,Self pickup
O000977,2024-07-27,C0442,Home gardener,V12,Tomato,Pro-tray,180,1.85,0.0,333.0,Cash,Walk-in,Self pickup
O000978,2024-07-27,C0443,Retail farmer,V12,Tomato,Nursery bed,1000,1.26,0.0,1260.0,Credit,Phone call,Self pickup
O000979,2024-07-27,C0166,Retail farmer,V13,Brinjal,Nursery bed,500,0.81,0.0,405.0,UPI,Walk-in,Self pickup
O000980,2024-07-27,C0444,Retail farmer,V13,Brinjal,Nursery bed,600,0.8,0.0,480.0,Cash,Phone call,Self pickup
O000981,2024-07-27,C0221,Retail farmer,V14,Marigold,Pro-tray,1000,1.81,0.0,1810.0,Cash,Walk-in,Self pickup
O000982,2024-07-27,C0445,Retail farmer,V14,Marigold,Nursery bed,1000,1.31,0.0,1310.0,UPI,Walk-in,Self pickup
O000983,2024-07-27,C0446,Home gardener,V15,Marigold,Pro-tray,100,1.67,0.0,167.0,Cash,Phone call,Self pickup
O000984,2024-07-27,C0095,Retail farmer,V16,Tobacco,Nursery bed,5300,0.12,1.9,623.92,Cash,WhatsApp,Van delivery
O000985,2024-07-28,C0447,Retail farmer,V03,Chilli,Pro-tray,2000,1.61,0.0,3220.0,Cash,Phone call,Self pickup
O000986,2024-07-28,C0139,Wholesale / dealer,V10,Chilli,Pro-tray,5700,1.38,11.1,6992.87,UPI,WhatsApp,Self pickup
O000987,2024-07-28,C0361,Wholesale / dealer,V03,Chilli,Pro-tray,33600,1.66,8.9,50811.94,Cash,Walk-in,Self pickup
O000988,2024-07-28,C0448,Retail farmer,V09,Chilli,Pro-tray,600,1.7,0.0,1020.0,Cash,Phone call,Self pickup
O000989,2024-07-28,C0449,Retail farmer,V05,Chilli,Pro-tray,800,1.61,0.0,1288.0,Cash,Phone call,Self pickup
O000990,2024-07-28,C0016,Retail farmer,V06,Chilli,Pro-tray,2100,1.32,0.0,2772.0,Cash,Walk-in,Self pickup
O000991,2024-07-28,C0450,Retail farmer,V05,Chilli,Pro-tray,2000,1.59,0.0,3180.0,Cash,Walk-in,Self pickup
O000992,2024-07-28,C0227,Retail farmer,V03,Chilli,Pro-tray,600,1.61,0.0,966.0,UPI,Phone call,Van delivery
O000993,2024-07-28,C0451,Retail farmer,V12,Tomato,Nursery bed,700,1.26,0.0,882.0,Credit,Phone call,Van delivery
O000994,2024-07-28,C0162,Retail farmer,V12,Tomato,Pro-tray,1000,1.79,0.0,1790.0,Cash,Walk-in,Van delivery
O000995,2024-07-28,C0452,Retail farmer,V12,Tomato,Pro-tray,900,1.79,0.0,1611.0,UPI,Phone call,Van delivery
O000996,2024-07-28,C0240,Retail farmer,V16,Tobacco,Nursery bed,6700,0.12,2.9,780.68,Cash,Walk-in,Van delivery
O000997,2024-07-29,C0325,Retail farmer,V07,Chilli,Nursery bed,1600,0.87,0.0,1392.0,UPI,Phone call,Self pickup
O000998,2024-07-29,C0292,Wholesale / dealer,V03,Chilli,Nursery bed,12200,1.12,11.6,12078.98,Credit,Walk-in,Self pickup
O000999,2024-07-29,C0049,Retail farmer,V01,Chilli,Nursery bed,1300,1.11,0.0,1443.0,Cash,Phone call,Van delivery
O001000,2024-07-29,C0453,Retail farmer,V10,Chilli,Pro-tray,900,1.35,0.0,1215.0,UPI,Walk-in,Self pickup
O001001,2024-07-29,C0454,Retail farmer,V08,Chilli,Pro-tray,1600,1.53,0.0,2448.0,UPI,WhatsApp,Self pickup
O001002,2024-07-29,C0266,Wholesale / dealer,V01,Chilli,Pro-tray,2800,1.52,8.3,3902.75,UPI,Walk-in,Self pickup
O001003,2024-07-29,C0455,Retail farmer,V07,Chilli,Nursery bed,1500,0.89,0.0,1335.0,Credit,Walk-in,Self pickup
O001004,2024-07-29,C0065,Retail farmer,V01,Chilli,Nursery bed,1200,1.11,0.0,1332.0,UPI,Walk-in,Self pickup
O001005,2024-07-29,C0227,Retail farmer,V10,Chilli,Nursery bed,2400,0.95,0.0,2280.0,UPI,Phone call,Van delivery
O001006,2024-07-29,C0456,Retail farmer,V08,Chilli,Nursery bed,1500,1.13,0.0,1695.0,Cash,Walk-in,Self pickup
O001007,2024-07-29,C0457,Retail farmer,V10,Chilli,Nursery bed,1200,0.93,0.0,1116.0,Cash,Phone call,Self pickup
O001008,2024-07-29,C0103,Retail farmer,V05,Chilli,Pro-tray,2100,1.56,0.0,3276.0,UPI,Walk-in,Self pickup
O001009,2024-07-29,C0084,Retail farmer,V11,Capsicum,Pro-tray,300,3.19,0.0,957.0,Cash,Phone call,Self pickup
O001010,2024-07-29,C0458,Retail farmer,V14,Marigold,Nursery bed,1900,1.33,0.0,2527.0,UPI,Walk-in,Self pickup
O001011,2024-07-29,C0230,Retail farmer,V16,Tobacco,Nursery bed,8800,0.12,1.4,1041.22,UPI,Phone call,Van delivery
O001012,2024-07-30,C0459,Retail farmer,V08,Chilli,Pro-tray,1700,1.54,0.0,2618.0,Cash,Phone call,Self pickup
O001013,2024-07-30,C0283,Retail farmer,V01,Chilli,Pro-tray,1100,1.54,0.0,1694.0,UPI,Walk-in,Self pickup
O001014,2024-07-30,C0392,Retail farmer,V01,Chilli,Pro-tray,1700,1.52,0.0,2584.0,UPI,Walk-in,Self pickup
O001015,2024-07-30,C0330,Retail farmer,V06,Chilli,Nursery bed,2600,0.88,0.0,2288.0,Cash,Walk-in,Self pickup
O001016,2024-07-30,C0333,Retail farmer,V10,Chilli,Pro-tray,1600,1.37,0.0,2192.0,Cash,Walk-in,Self pickup
O001017,2024-07-30,C0460,Retail farmer,V08,Chilli,Pro-tray,900,1.56,0.0,1404.0,Cash,Walk-in,Self pickup
O001018,2024-07-30,C0230,Retail farmer,V11,Capsicum,Pro-tray,2000,3.28,0.0,6560.0,Credit,Walk-in,Self pickup
O001019,2024-07-31,C0108,Retail farmer,V03,Chilli,Pro-tray,1000,1.67,0.0,1670.0,UPI,Walk-in,Self pickup
O001020,2024-07-31,C0182,Wholesale / dealer,V01,Chilli,Pro-tray,13200,1.51,10.4,17859.07,Credit,Phone call,Self pickup
O001021,2024-07-31,C0461,Retail farmer,V05,Chilli,Pro-tray,1800,1.61,0.0,2898.0,UPI,Phone call,Self pickup
O001022,2024-07-31,C0181,Retail farmer,V09,Chilli,Pro-tray,1600,1.67,0.0,2672.0,Cash,Walk-in,Van delivery
O001023,2024-07-31,C0462,Retail farmer,V01,Chilli,Nursery bed,1300,1.13,0.0,1469.0,Cash,Walk-in,Self pickup
O001024,2024-07-31,C0463,Retail farmer,V05,Chilli,Pro-tray,1700,1.6,0.0,2720.0,Cash,Phone call,Self pickup
O001025,2024-07-31,C0464,Retail farmer,V01,Chilli,Nursery bed,800,1.12,0.0,896.0,Cash,Walk-in,Self pickup
O001026,2024-07-31,C0400,Retail farmer,V08,Chilli,Pro-tray,2000,1.58,0.0,3160.0,Cash,Phone call,Van delivery
O001027,2024-07-31,C0068,Wholesale / dealer,V11,Capsicum,Pro-tray,1100,3.15,8.1,3184.34,UPI,Phone call,Self pickup
O001028,2024-07-31,C0465,Retail farmer,V11,Capsicum,Pro-tray,1100,3.12,0.0,3432.0,UPI,Phone call,Self pickup
O001029,2024-07-31,C0414,Wholesale / dealer,V12,Tomato,Pro-tray,2200,1.85,9.8,3671.14,UPI,Walk-in,Van delivery
O001030,2024-07-31,C0466,Retail farmer,V14,Marigold,Nursery bed,700,1.26,0.0,882.0,Cash,Walk-in,Self pickup
O001031,2024-07-31,C0344,Retail farmer,V14,Marigold,Pro-tray,800,1.79,0.0,1432.0,UPI,WhatsApp,Self pickup
O001032,2024-08-01,C0467,Retail farmer,V03,Chilli,Pro-tray,1300,1.69,0.0,2197.0,Cash,Walk-in,Self pickup
O001033,2024-08-01,C0315,Retail farmer,V01,Chilli,Pro-tray,900,1.57,0.0,1413.0,UPI,Walk-in,Self pickup
O001034,2024-08-01,C0468,Retail farmer,V06,Chilli,Pro-tray,900,1.29,0.0,1161.0,Cash,Walk-in,Self pickup
O001035,2024-08-01,C0469,Retail farmer,V07,Chilli,Nursery bed,900,0.86,0.0,774.0,Cash,Walk-in,Self pickup
O001036,2024-08-01,C0183,Retail farmer,V11,Capsicum,Pro-tray,200,3.16,0.0,632.0,Cash,Walk-in,Self pickup
O001037,2024-08-01,C0470,Retail farmer,V11,Capsicum,Pro-tray,600,3.19,0.0,1914.0,Cash,Phone call,Self pickup
O001038,2024-08-01,C0471,Retail farmer,V12,Tomato,Pro-tray,1000,1.79,0.0,1790.0,UPI,WhatsApp,Self pickup
O001039,2024-08-01,C0456,Retail farmer,V13,Brinjal,Nursery bed,700,0.79,0.0,553.0,Cash,Phone call,Self pickup
O001040,2024-08-01,C0375,Retail farmer,V15,Marigold,Nursery bed,1300,1.26,0.0,1638.0,Credit,Phone call,Self pickup
O001041,2024-08-01,C0472,Retail farmer,V16,Tobacco,Nursery bed,13200,0.12,3.1,1534.9,Cash,Walk-in,Van delivery
O001042,2024-08-01,C0215,Wholesale / dealer,V16,Tobacco,Nursery bed,34600,0.12,9.7,3749.26,Cash,Phone call,Van delivery
O001043,2024-08-01,C0473,Retail farmer,V16,Tobacco,Nursery bed,4400,0.12,0.0,528.0,Credit,Walk-in,Self pickup
O001044,2024-08-02,C0474,Retail farmer,V02,Chilli,Pro-tray,2900,1.51,0.0,4379.0,Cash,Phone call,Van delivery
O001045,2024-08-02,C0475,Wholesale / dealer,V01,Chilli,Pro-tray,2600,1.52,10.6,3533.09,Cash,Phone call,Self pickup
O001046,2024-08-02,C0476,Retail farmer,V07,Chilli,Nursery bed,1700,0.88,0.0,1496.0,Cash,Phone call,Self pickup
O001047,2024-08-02,C0477,Retail farmer,V02,Chilli,Pro-tray,3300,1.48,0.0,4884.0,UPI,Walk-in,Self pickup
O001048,2024-08-02,C0321,Retail farmer,V05,Chilli,Nursery bed,1800,1.1,0.0,1980.0,Cash,Walk-in,Self pickup
O001049,2024-08-02,C0478,Wholesale / dealer,V01,Chilli,Nursery bed,8900,1.11,11.7,8723.16,Cash,Walk-in,Self pickup
O001050,2024-08-02,C0479,Retail farmer,V10,Chilli,Pro-tray,1000,1.38,0.0,1380.0,Cash,Walk-in,Van delivery
O001051,2024-08-02,C0480,Retail farmer,V11,Capsicum,Pro-tray,900,3.21,0.0,2889.0,Cash,WhatsApp,Self pickup
O001052,2024-08-02,C0138,Retail farmer,V12,Tomato,Pro-tray,900,1.8,0.0,1620.0,Cash,Walk-in,Self pickup
O001053,2024-08-02,C0481,Retail farmer,V13,Brinjal,Nursery bed,500,0.79,0.0,395.0,Cash,Walk-in,Self pickup
O001054,2024-08-02,C0290,Retail farmer,V15,Marigold,Nursery bed,900,1.23,0.0,1107.0,UPI,Walk-in,Van delivery
O001055,2024-08-02,C0482,Home gardener,V15,Marigold,Pro-tray,20,1.71,0.0,34.2,UPI,WhatsApp,Self pickup
O001056,2024-08-02,C0028,Retail farmer,V16,Tobacco,Nursery bed,7200,0.12,1.5,851.04,Credit,Phone call,Van delivery
O001057,2024-08-02,C0249,Wholesale / dealer,V16,Tobacco,Nursery bed,45800,0.12,11.5,4863.96,Cash,Phone call,Van delivery
O001058,2024-08-02,C0224,Wholesale / dealer,V16,Tobacco,Nursery bed,45600,0.12,10.0,4924.8,Credit,Phone call,Self pickup
O001059,2024-08-02,C0139,Wholesale / dealer,V16,Tobacco,Nursery bed,28800,0.12,10.5,3093.12,Credit,WhatsApp,Self pickup
O001060,2024-08-02,C0117,Retail farmer,V16,Tobacco,Nursery bed,6300,0.12,2.3,738.61,UPI,Walk-in,Van delivery
O001061,2024-08-03,C0203,Wholesale / dealer,V07,Chilli,Pro-tray,7000,1.23,10.6,7697.34,Cash,Walk-in,Self pickup
O001062,2024-08-03,C0483,Retail farmer,V08,Chilli,Pro-tray,3100,1.59,0.0,4929.0,Cash,Phone call,Van delivery
O001063,2024-08-03,C0484,Retail farmer,V06,Chilli,Pro-tray,1000,1.32,0.0,1320.0,Cash,Walk-in,Self pickup
O001064,2024-08-03,C0485,Wholesale / dealer,V08,Chilli,Nursery bed,2800,1.07,10.0,2696.4,Cash,Walk-in,Self pickup
O001065,2024-08-03,C0152,Retail farmer,V08,Chilli,Pro-tray,1700,1.56,0.0,2652.0,Credit,Walk-in,Self pickup
O001066,2024-08-03,C0486,Wholesale / dealer,V06,Chilli,Pro-tray,15000,1.3,10.3,17491.5,UPI,Phone call,Van delivery
O001067,2024-08-03,C0106,Retail farmer,V12,Tomato,Nursery bed,1800,1.25,0.0,2250.0,Cash,Walk-in,Self pickup
O001068,2024-08-03,C0182,Wholesale / dealer,V16,Tobacco,Nursery bed,16400,0.12,11.2,1747.58,Credit,Walk-in,Van delivery
O001069,2024-08-03,C0414,Wholesale / dealer,V16,Tobacco,Nursery bed,30600,0.12,11.4,3253.39,Cash,Walk-in,Van delivery
O001070,2024-08-03,C0241,Retail farmer,V16,Tobacco,Nursery bed,4300,0.12,0.0,516.0,UPI,WhatsApp,Self pickup
O001071,2024-08-04,C0147,Retail farmer,V07,Chilli,Nursery bed,500,0.88,0.0,440.0,UPI,Phone call,Self pickup
O001072,2024-08-04,C0369,Retail farmer,V06,Chilli,Nursery bed,1600,0.89,0.0,1424.0,Cash,Phone call,Self pickup
O001073,2024-08-04,C0487,Home gardener,V09,Chilli,Pro-tray,170,1.66,0.0,282.2,Cash,Walk-in,Self pickup
O001074,2024-08-04,C0488,Retail farmer,V01,Chilli,Pro-tray,4400,1.52,0.0,6688.0,Cash,Phone call,Van delivery
O001075,2024-08-04,C0489,Retail farmer,V10,Chilli,Pro-tray,4400,1.37,0.0,6028.0,Credit,Phone call,Self pickup
O001076,2024-08-04,C0312,Wholesale / dealer,V01,Chilli,Nursery bed,5800,1.09,9.0,5753.02,Cash,Phone call,Van delivery
O001077,2024-08-04,C0490,Retail farmer,V10,Chilli,Nursery bed,800,0.94,0.0,752.0,Cash,Phone call,Self pickup
O001078,2024-08-04,C0491,Retail farmer,V01,Chilli,Nursery bed,5000,1.07,3.5,5162.75,Cash,Phone call,Van delivery
O001079,2024-08-04,C0492,Retail farmer,V02,Chilli,Nursery bed,2200,1.06,0.0,2332.0,Cash,Walk-in,Self pickup
O001080,2024-08-04,C0493,Retail farmer,V05,Chilli,Nursery bed,1600,1.12,0.0,1792.0,Cash,Walk-in,Van delivery
O001081,2024-08-04,C0492,Retail farmer,V12,Tomato,Pro-tray,800,1.76,0.0,1408.0,Cash,Walk-in,Van delivery
O001082,2024-08-04,C0036,Retail farmer,V12,Tomato,Nursery bed,900,1.26,0.0,1134.0,Cash,Walk-in,Self pickup
O001083,2024-08-04,C0090,Retail farmer,V13,Brinjal,Nursery bed,400,0.81,0.0,324.0,UPI,Walk-in,Self pickup
O001084,2024-08-04,C0068,Wholesale / dealer,V16,Tobacco,Nursery bed,18000,0.12,8.6,1974.24,UPI,Walk-in,Self pickup
O001085,2024-08-04,C0342,Retail farmer,V16,Tobacco,Nursery bed,15200,0.12,1.8,1791.17,Credit,Walk-in,Self pickup
O001086,2024-08-04,C0494,Wholesale / dealer,V16,Tobacco,Nursery bed,20600,0.12,8.9,2251.99,Credit,Walk-in,Van delivery
O001087,2024-08-05,C0495,Home gardener,V06,Chilli,Pro-tray,50,1.28,0.0,64.0,Cash,Walk-in,Self pickup
O001088,2024-08-05,C0496,Home gardener,V03,Chilli,Pro-tray,170,1.69,0.0,287.3,UPI,Walk-in,Van delivery
O001089,2024-08-05,C0497,Retail farmer,V02,Chilli,Pro-tray,1200,1.49,0.0,1788.0,Credit,Walk-in,Self pickup
O001090,2024-08-05,C0245,Retail farmer,V03,Chilli,Nursery bed,2200,1.18,0.0,2596.0,UPI,Phone call,Self pickup
O001091,2024-08-05,C0048,Retail farmer,V06,Chilli,Pro-tray,1200,1.29,0.0,1548.0,UPI,Walk-in,Self pickup
O001092,2024-08-05,C0365,Retail farmer,V06,Chilli,Nursery bed,400,0.88,0.0,352.0,Cash,Phone call,Van delivery
O001093,2024-08-05,C0182,Wholesale / dealer,V02,Chilli,Nursery bed,5400,1.08,11.9,5137.99,Cash,WhatsApp,Van delivery
O001094,2024-08-05,C0377,Retail farmer,V13,Brinjal,Pro-tray,700,1.19,0.0,833.0,Cash,Walk-in,Self pickup
O001095,2024-08-05,C0498,Retail farmer,V15,Marigold,Pro-tray,500,1.74,0.0,870.0,Cash,Phone call,Self pickup
O001096,2024-08-05,C0499,Retail farmer,V14,Marigold,Pro-tray,1200,1.85,0.0,2220.0,Cash,WhatsApp,Self pickup
O001097,2024-08-05,C0500,Wholesale / dealer,V16,Tobacco,Nursery bed,29800,0.12,10.6,3196.94,Credit,WhatsApp,Van delivery
O001098,2024-08-05,C0006,Retail farmer,V16,Tobacco,Nursery bed,7200,0.12,2.7,840.67,Cash,Phone call,Van delivery
O001099,2024-08-05,C0501,Wholesale / dealer,V16,Tobacco,Nursery bed,15000,0.12,11.9,1585.8,Credit,Phone call,Van delivery
O001100,2024-08-05,C0502,Retail farmer,V16,Tobacco,Nursery bed,10900,0.12,1.9,1283.15,Cash,Walk-in,Van delivery
O001101,2024-08-05,C0212,Wholesale / dealer,V16,Tobacco,Nursery bed,44400,0.12,11.3,4725.94,Credit,Phone call,Self pickup
O001102,2024-08-06,C0347,Wholesale / dealer,V01,Chilli,Pro-tray,2500,1.53,9.6,3457.8,Cash,Phone call,Self pickup
O001103,2024-08-06,C0008,Wholesale / dealer,V06,Chilli,Nursery bed,4800,0.91,11.2,3878.78,Credit,Walk-in,Self pickup
O001104,2024-08-06,C0503,Wholesale / dealer,V06,Chilli,Pro-tray,16800,1.3,12.0,19219.2,Credit,WhatsApp,Van delivery
O001105,2024-08-06,C0059,Retail farmer,V01,Chilli,Pro-tray,4300,1.52,0.0,6536.0,Cash,Walk-in,Van delivery
O001106,2024-08-06,C0504,Retail farmer,V01,Chilli,Nursery bed,4500,1.08,0.0,4860.0,UPI,Walk-in,Self pickup
O001107,2024-08-06,C0505,Retail farmer,V08,Chilli,Pro-tray,500,1.55,0.0,775.0,Cash,Phone call,Self pickup
O001108,2024-08-06,C0338,Retail farmer,V10,Chilli,Pro-tray,2400,1.39,0.0,3336.0,Credit,Walk-in,Self pickup
O001109,2024-08-06,C0130,Retail farmer,V05,Chilli,Pro-tray,2000,1.58,0.0,3160.0,Cash,Phone call,Self pickup
O001110,2024-08-06,C0506,Retail farmer,V12,Tomato,Pro-tray,1300,1.79,0.0,2327.0,Cash,Walk-in,Self pickup
O001111,2024-08-06,C0507,Retail farmer,V12,Tomato,Pro-tray,1000,1.82,0.0,1820.0,Cash,Walk-in,Self pickup
O001112,2024-08-06,C0249,Wholesale / dealer,V13,Brinjal,Pro-tray,5600,1.21,11.0,6030.64,Credit,Walk-in,Van delivery
O001113,2024-08-06,C0263,Retail farmer,V16,Tobacco,Nursery bed,9400,0.12,1.6,1109.95,UPI,Walk-in,Van delivery
O001114,2024-08-06,C0508,Retail farmer,V16,Tobacco,Nursery bed,5400,0.12,0.5,644.76,UPI,Walk-in,Self pickup
O001115,2024-08-06,C0211,Retail farmer,V16,Tobacco,Nursery bed,7800,0.12,3.4,904.18,Cash,Walk-in,Van delivery
O001116,2024-08-07,C0078,Retail farmer,V06,Chilli,Nursery bed,1200,0.88,0.0,1056.0,Credit,Phone call,Self pickup
O001117,2024-08-07,C0509,Retail farmer,V09,Chilli,Pro-tray,3400,1.67,0.0,5678.0,Cash,Walk-in,Self pickup
O001118,2024-08-07,C0378,Retail farmer,V02,Chilli,Pro-tray,1900,1.46,0.0,2774.0,Credit,WhatsApp,Self pickup
O001119,2024-08-07,C0510,Retail farmer,V08,Chilli,Nursery bed,1200,1.07,0.0,1284.0,UPI,Walk-in,Self pickup
O001120,2024-08-07,C0009,Wholesale / dealer,V03,Chilli,Nursery bed,7900,1.18,10.7,8324.55,UPI,Phone call,Self pickup
O001121,2024-08-07,C0504,Retail farmer,V03,Chilli,Pro-tray,1100,1.66,0.0,1826.0,Cash,WhatsApp,Self pickup
O001122,2024-08-07,C0509,Retail farmer,V05,Chilli,Pro-tray,1100,1.61,0.0,1771.0,Cash,Phone call,Self pickup
O001123,2024-08-07,C0163,Retail farmer,V12,Tomato,Pro-tray,1500,1.75,0.0,2625.0,Credit,Walk-in,Self pickup
O001124,2024-08-07,C0511,Retail farmer,V12,Tomato,Nursery bed,1000,1.22,0.0,1220.0,Credit,Walk-in,Self pickup
O001125,2024-08-07,C0512,Retail farmer,V13,Brinjal,Pro-tray,1000,1.2,0.0,1200.0,Cash,Phone call,Self pickup
O001126,2024-08-07,C0226,Retail farmer,V13,Brinjal,Pro-tray,300,1.17,0.0,351.0,Cash,Phone call,Self pickup
O001127,2024-08-07,C0513,Retail farmer,V15,Marigold,Pro-tray,700,1.69,0.0,1183.0,Cash,Walk-in,Self pickup
O001128,2024-08-07,C0083,Wholesale / dealer,V15,Marigold,Pro-tray,3500,1.73,9.2,5497.94,UPI,WhatsApp,Self pickup
O001129,2024-08-07,C0122,Retail farmer,V15,Marigold,Pro-tray,2000,1.71,0.0,3420.0,Credit,Walk-in,Van delivery
O001130,2024-08-07,C0292,Wholesale / dealer,V16,Tobacco,Nursery bed,39700,0.12,9.6,4306.66,Cash,Walk-in,Van delivery
O001131,2024-08-08,C0514,Wholesale / dealer,V08,Chilli,Pro-tray,29100,1.51,11.1,39063.55,Cash,Walk-in,Van delivery
O001132,2024-08-08,C0515,Retail farmer,V10,Chilli,Pro-tray,2000,1.32,0.0,2640.0,UPI,Walk-in,Self pickup
O001133,2024-08-08,C0045,Retail farmer,V06,Chilli,Nursery bed,600,0.93,0.0,558.0,Cash,Phone call,Self pickup
O001134,2024-08-08,C0516,Retail farmer,V03,Chilli,Nursery bed,2400,1.17,0.0,2808.0,Cash,Walk-in,Self pickup
O001135,2024-08-08,C0464,Retail farmer,V06,Chilli,Nursery bed,1100,0.92,0.0,1012.0,UPI,Walk-in,Self pickup
O001136,2024-08-08,C0325,Retail farmer,V11,Capsicum,Pro-tray,300,3.28,0.0,984.0,Cash,Walk-in,Self pickup
O001137,2024-08-08,C0234,Retail farmer,V12,Tomato,Nursery bed,1200,1.24,0.0,1488.0,Cash,WhatsApp,Self pickup
O001138,2024-08-08,C0517,Retail farmer,V13,Brinjal,Nursery bed,800,0.8,0.0,640.0,Cash,WhatsApp,Self pickup
O001139,2024-08-08,C0518,Home gardener,V15,Marigold,Pro-tray,130,1.68,0.0,218.4,UPI,Walk-in,Self pickup
O001140,2024-08-08,C0519,Home gardener,V15,Marigold,Pro-tray,180,1.73,0.0,311.4,Cash,Walk-in,Van delivery
O001141,2024-08-08,C0520,Retail farmer,V16,Tobacco,Nursery bed,7300,0.12,2.0,858.48,UPI,Walk-in,Self pickup
O001142,2024-08-08,C0514,Wholesale / dealer,V16,Tobacco,Nursery bed,26600,0.12,9.6,2885.57,Cash,Walk-in,Self pickup
O001143,2024-08-08,C0521,Retail farmer,V16,Tobacco,Nursery bed,6000,0.12,0.5,716.4,UPI,Phone call,Van delivery
O001144,2024-08-09,C0219,Retail farmer,V09,Chilli,Pro-tray,1400,1.74,0.0,2436.0,Cash,Phone call,Self pickup
O001145,2024-08-09,C0522,Wholesale / dealer,V01,Chilli,Nursery bed,8900,1.13,9.4,9111.64,UPI,WhatsApp,Van delivery
O001146,2024-08-09,C0323,Wholesale / dealer,V02,Chilli,Nursery bed,25300,1.03,9.9,23479.16,UPI,Walk-in,Self pickup
O001147,2024-08-09,C0523,Retail farmer,V01,Chilli,Nursery bed,1400,1.13,0.0,1582.0,Cash,Walk-in,Self pickup
O001148,2024-08-09,C0524,Retail farmer,V05,Chilli,Pro-tray,700,1.61,0.0,1127.0,Cash,Walk-in,Self pickup
O001149,2024-08-09,C0525,Retail farmer,V03,Chilli,Nursery bed,1700,1.18,0.0,2006.0,Cash,WhatsApp,Self pickup
O001150,2024-08-09,C0521,Retail farmer,V10,Chilli,Nursery bed,1500,0.95,0.0,1425.0,Credit,Phone call,Self pickup
O001151,2024-08-09,C0526,Retail farmer,V07,Chilli,Nursery bed,1000,0.88,0.0,880.0,UPI,Walk-in,Self pickup
O001152,2024-08-09,C0112,Retail farmer,V12,Tomato,Pro-tray,1900,1.83,0.0,3477.0,Cash,WhatsApp,Self pickup
O001153,2024-08-09,C0471,Retail farmer,V12,Tomato,Nursery bed,1200,1.23,0.0,1476.0,Cash,Phone call,Self pickup
O001154,2024-08-09,C0439,Home gardener,V12,Tomato,Pro-tray,130,1.85,0.0,240.5,Cash,Phone call,Self pickup
O001155,2024-08-09,C0079,Wholesale / dealer,V13,Brinjal,Pro-tray,2200,1.23,11.9,2383.99,Credit,Phone call,Self pickup
O001156,2024-08-09,C0425,Retail farmer,V15,Marigold,Pro-tray,600,1.65,0.0,990.0,UPI,Walk-in,Self pickup
O001157,2024-08-09,C0119,Retail farmer,V14,Marigold,Pro-tray,2900,1.81,0.0,5249.0,UPI,Phone call,Self pickup
O001158,2024-08-09,C0527,Retail farmer,V16,Tobacco,Nursery bed,13700,0.12,1.0,1627.56,UPI,Walk-in,Van delivery
O001159,2024-08-09,C0528,Retail farmer,V16,Tobacco,Nursery bed,7800,0.12,1.0,926.64,Cash,Phone call,Van delivery
O001160,2024-08-09,C0529,Retail farmer,V16,Tobacco,Nursery bed,14400,0.12,3.5,1667.52,UPI,Walk-in,Van delivery
O001161,2024-08-09,C0008,Wholesale / dealer,V16,Tobacco,Nursery bed,27600,0.12,8.2,3040.42,UPI,Walk-in,Van delivery
O001162,2024-08-09,C0271,Wholesale / dealer,V16,Tobacco,Nursery bed,36100,0.12,11.8,3820.82,Credit,Phone call,Van delivery
O001163,2024-08-09,C0378,Retail farmer,V16,Tobacco,Nursery bed,8900,0.12,1.4,1053.05,Cash,Phone call,Van delivery
O001164,2024-08-09,C0249,Wholesale / dealer,V16,Tobacco,Nursery bed,28400,0.12,10.0,3067.2,Cash,Walk-in,Self pickup
O001165,2024-08-09,C0530,Wholesale / dealer,V16,Tobacco,Nursery bed,53300,0.12,8.4,5858.74,Cash,WhatsApp,Van delivery
O001166,2024-08-09,C0491,Retail farmer,V16,Tobacco,Nursery bed,23000,0.12,1.8,2710.32,Cash,Walk-in,Van delivery
O001167,2024-08-10,C0176,Retail farmer,V05,Chilli,Nursery bed,1900,1.11,0.0,2109.0,UPI,WhatsApp,Self pickup
O001168,2024-08-10,C0456,Retail farmer,V05,Chilli,Nursery bed,8300,1.13,3.9,9013.22,Cash,Phone call,Van delivery
O001169,2024-08-10,C0531,Retail farmer,V07,Chilli,Nursery bed,1300,0.87,0.0,1131.0,Credit,Phone call,Self pickup
O001170,2024-08-10,C0532,Retail farmer,V01,Chilli,Pro-tray,1900,1.57,0.0,2983.0,UPI,Phone call,Self pickup
O001171,2024-08-10,C0533,Retail farmer,V07,Chilli,Pro-tray,2600,1.25,0.0,3250.0,UPI,Walk-in,Self pickup
O001172,2024-08-10,C0534,Retail farmer,V11,Capsicum,Pro-tray,700,3.19,0.0,2233.0,Cash,Walk-in,Self pickup
O001173,2024-08-10,C0535,Retail farmer,V12,Tomato,Nursery bed,800,1.22,0.0,976.0,UPI,Phone call,Self pickup
O001174,2024-08-10,C0536,Retail farmer,V15,Marigold,Nursery bed,700,1.28,0.0,896.0,Cash,Phone call,Self pickup
O001175,2024-08-10,C0537,Retail farmer,V14,Marigold,Pro-tray,1300,1.78,0.0,2314.0,Cash,WhatsApp,Van delivery
O001176,2024-08-10,C0150,Retail farmer,V16,Tobacco,Nursery bed,9700,0.12,3.7,1120.93,Cash,Phone call,Van delivery
O001177,2024-08-10,C0106,Retail farmer,V16,Tobacco,Nursery bed,7300,0.12,0.3,873.37,UPI,Walk-in,Van delivery
O001178,2024-08-10,C0538,Retail farmer,V16,Tobacco,Nursery bed,6100,0.12,0.9,725.41,UPI,Walk-in,Van delivery
O001179,2024-08-10,C0539,Retail farmer,V16,Tobacco,Nursery bed,4800,0.12,0.0,576.0,Cash,Walk-in,Self pickup
O001180,2024-08-11,C0222,Retail farmer,V07,Chilli,Pro-tray,1900,1.25,0.0,2375.0,Cash,Walk-in,Self pickup
O001181,2024-08-11,C0540,Retail farmer,V08,Chilli,Pro-tray,1600,1.52,0.0,2432.0,Cash,Walk-in,Self pickup
O001182,2024-08-11,C0473,Retail farmer,V02,Chilli,Nursery bed,1200,1.04,0.0,1248.0,Credit,Walk-in,Van delivery
O001183,2024-08-11,C0503,Wholesale / dealer,V07,Chilli,Pro-tray,3600,1.26,10.9,4041.58,UPI,Walk-in,Self pickup
O001184,2024-08-11,C0371,Retail farmer,V03,Chilli,Nursery bed,600,1.13,0.0,678.0,Credit,Walk-in,Self pickup
O001185,2024-08-11,C0347,Wholesale / dealer,V01,Chilli,Pro-tray,3600,1.58,9.4,5153.33,UPI,Phone call,Self pickup
O001186,2024-08-11,C0541,Retail farmer,V03,Chilli,Pro-tray,1400,1.7,0.0,2380.0,UPI,Walk-in,Van delivery
O001187,2024-08-11,C0231,Retail farmer,V07,Chilli,Pro-tray,2500,1.22,0.0,3050.0,Cash,Walk-in,Self pickup
O001188,2024-08-11,C0542,Retail farmer,V02,Chilli,Nursery bed,1500,1.08,0.0,1620.0,Credit,WhatsApp,Self pickup
O001189,2024-08-11,C0312,Wholesale / dealer,V01,Chilli,Pro-tray,8100,1.59,10.0,11591.1,UPI,Walk-in,Van delivery
O001190,2024-08-11,C0055,Retail farmer,V05,Chilli,Pro-tray,700,1.56,0.0,1092.0,UPI,Walk-in,Self pickup
O001191,2024-08-11,C0450,Retail farmer,V01,Chilli,Nursery bed,1600,1.08,0.0,1728.0,UPI,Walk-in,Self pickup
O001192,2024-08-11,C0484,Retail farmer,V08,Chilli,Pro-tray,1500,1.54,0.0,2310.0,UPI,Walk-in,Van delivery
O001193,2024-08-11,C0543,Retail farmer,V01,Chilli,Nursery bed,400,1.12,0.0,448.0,Cash,Walk-in,Self pickup
O001194,2024-08-11,C0544,Retail farmer,V11,Capsicum,Pro-tray,800,3.24,0.0,2592.0,Cash,Phone call,Van delivery
O001195,2024-08-11,C0545,Retail farmer,V12,Tomato,Nursery bed,400,1.26,0.0,504.0,Cash,Walk-in,Self pickup
O001196,2024-08-11,C0063,Retail farmer,V13,Brinjal,Nursery bed,1000,0.8,0.0,800.0,UPI,Walk-in,Self pickup
O001197,2024-08-11,C0546,Retail farmer,V14,Marigold,Nursery bed,900,1.27,0.0,1143.0,Cash,Walk-in,Van delivery
O001198,2024-08-11,C0359,Home gardener,V14,Marigold,Pro-tray,70,1.83,0.0,128.1,Cash,Phone call,Self pickup
O001199,2024-08-11,C0547,Retail farmer,V16,Tobacco,Nursery bed,9900,0.12,3.5,1146.42,Credit,Walk-in,Van delivery
O001200,2024-08-11,C0548,Retail farmer,V16,Tobacco,Nursery bed,5000,0.12,3.6,578.4,UPI,Phone call,Van delivery
O001201,2024-08-11,C0257,Retail farmer,V16,Tobacco,Nursery bed,9400,0.12,2.2,1103.18,UPI,Phone call,Van delivery
O001202,2024-08-11,C0549,Retail farmer,V16,Tobacco,Nursery bed,4700,0.12,0.0,564.0,Credit,Phone call,Self pickup
O001203,2024-08-11,C0550,Wholesale / dealer,V16,Tobacco,Nursery bed,35700,0.12,10.5,3834.18,UPI,WhatsApp,Self pickup
O001204,2024-08-12,C0551,Wholesale / dealer,V01,Chilli,Pro-tray,4400,1.58,10.5,6222.04,Credit,Walk-in,Self pickup
O001205,2024-08-12,C0045,Retail farmer,V09,Chilli,Nursery bed,2000,1.22,0.0,2440.0,Cash,Phone call,Self pickup
O001206,2024-08-12,C0146,Retail farmer,V03,Chilli,Pro-tray,3200,1.65,0.0,5280.0,Cash,Phone call,Van delivery
O001207,2024-08-12,C0552,Retail farmer,V07,Chilli,Pro-tray,2300,1.26,0.0,2898.0,UPI,Walk-in,Self pickup
O001208,2024-08-12,C0483,Retail farmer,V09,Chilli,Nursery bed,1300,1.23,0.0,1599.0,Cash,Phone call,Self pickup
O001209,2024-08-12,C0150,Retail farmer,V07,Chilli,Nursery bed,1000,0.9,0.0,900.0,Credit,Phone call,Self pickup
O001210,2024-08-12,C0277,Retail farmer,V11,Capsicum,Pro-tray,1600,3.11,0.0,4976.0,Cash,Phone call,Self pickup
O001211,2024-08-12,C0553,Retail farmer,V11,Capsicum,Pro-tray,4400,3.14,0.0,13816.0,UPI,Walk-in,Self pickup
O001212,2024-08-12,C0554,Retail farmer,V13,Brinjal,Nursery bed,500,0.82,0.0,410.0,UPI,Phone call,Self pickup
O001213,2024-08-12,C0080,Retail farmer,V13,Brinjal,Nursery bed,800,0.81,0.0,648.0,UPI,Walk-in,Self pickup
O001214,2024-08-12,C0555,Wholesale / dealer,V16,Tobacco,Nursery bed,21600,0.12,8.1,2382.05,UPI,Walk-in,Van delivery
O001215,2024-08-12,C0473,Retail farmer,V16,Tobacco,Nursery bed,6100,0.12,0.4,729.07,UPI,Phone call,Self pickup
O001216,2024-08-13,C0556,Retail farmer,V07,Chilli,Pro-tray,3500,1.25,0.0,4375.0,Cash,WhatsApp,Van delivery
O001217,2024-08-13,C0442,Home gardener,V01,Chilli,Pro-tray,140,1.54,0.0,215.6,Cash,Phone call,Self pickup
O001218,2024-08-13,C0557,Home gardener,V06,Chilli,Pro-tray,130,1.3,0.0,169.0,UPI,Walk-in,Self pickup
O001219,2024-08-13,C0194,Retail farmer,V06,Chilli,Pro-tray,1000,1.3,0.0,1300.0,Cash,WhatsApp,Self pickup
O001220,2024-08-13,C0475,Wholesale / dealer,V07,Chilli,Nursery bed,9200,0.88,9.4,7334.98,Credit,Phone call,Self pickup
O001221,2024-08-13,C0080,Retail farmer,V10,Chilli,Nursery bed,2100,0.95,0.0,1995.0,Credit,WhatsApp,Self pickup
O001222,2024-08-13,C0150,Retail farmer,V09,Chilli,Nursery bed,1400,1.23,0.0,1722.0,Cash,Walk-in,Self pickup
O001223,2024-08-13,C0391,Retail farmer,V02,Chilli,Pro-tray,2400,1.46,0.0,3504.0,Cash,Walk-in,Self pickup
O001224,2024-08-13,C0151,Retail farmer,V02,Chilli,Nursery bed,2200,1.07,0.0,2354.0,Cash,WhatsApp,Self pickup
O001225,2024-08-13,C0234,Retail farmer,V06,Chilli,Nursery bed,900,0.9,0.0,810.0,UPI,WhatsApp,Self pickup
O001226,2024-08-13,C0558,Retail farmer,V08,Chilli,Nursery bed,1600,1.11,0.0,1776.0,Cash,Walk-in,Van delivery
O001227,2024-08-13,C0559,Retail farmer,V02,Chilli,Pro-tray,4300,1.52,0.0,6536.0,Cash,Walk-in,Self pickup
O001228,2024-08-13,C0560,Wholesale / dealer,V12,Tomato,Nursery bed,3600,1.24,8.2,4097.95,UPI,Walk-in,Self pickup
O001229,2024-08-13,C0311,Retail farmer,V13,Brinjal,Pro-tray,1800,1.23,0.0,2214.0,Cash,WhatsApp,Self pickup
O001230,2024-08-13,C0271,Wholesale / dealer,V14,Marigold,Pro-tray,3500,1.75,8.7,5592.12,Cash,Walk-in,Self pickup
O001231,2024-08-13,C0083,Wholesale / dealer,V16,Tobacco,Nursery bed,16500,0.12,8.6,1809.72,Cash,Walk-in,Van delivery
O001232,2024-08-13,C0561,Retail farmer,V16,Tobacco,Nursery bed,5400,0.12,2.3,633.1,Cash,Phone call,Van delivery
O001233,2024-08-13,C0562,Retail farmer,V16,Tobacco,Nursery bed,6200,0.12,3.1,720.94,UPI,Phone call,Van delivery
O001234,2024-08-13,C0184,Retail farmer,V16,Tobacco,Nursery bed,12700,0.12,3.5,1470.66,Cash,Walk-in,Self pickup
O001235,2024-08-13,C0563,Retail farmer,V16,Tobacco,Nursery bed,12400,0.12,2.6,1449.31,Cash,Walk-in,Van delivery
O001236,2024-08-14,C0564,Retail farmer,V04,Chilli,Pro-tray,1200,1.69,0.0,2028.0,Cash,Walk-in,Self pickup
O001237,2024-08-14,C0338,Retail farmer,V03,Chilli,Pro-tray,700,1.68,0.0,1176.0,Cash,WhatsApp,Self pickup
O001238,2024-08-14,C0287,Wholesale / dealer,V07,Chilli,Pro-tray,10100,1.26,8.7,11618.84,Credit,Walk-in,Self pickup
O001239,2024-08-14,C0275,Retail farmer,V07,Chilli,Nursery bed,1700,0.87,0.0,1479.0,UPI,Walk-in,Self pickup
O001240,2024-08-14,C0565,Retail farmer,V02,Chilli,Pro-tray,1500,1.46,0.0,2190.0,Credit,Walk-in,Self pickup
O001241,2024-08-14,C0254,Retail farmer,V11,Capsicum,Pro-tray,1900,3.21,0.0,6099.0,Credit,Phone call,Self pickup
O001242,2024-08-14,C0566,Retail farmer,V11,Capsicum,Pro-tray,2900,3.17,0.0,9193.0,Cash,Phone call,Self pickup
O001243,2024-08-14,C0408,Retail farmer,V11,Capsicum,Pro-tray,1300,3.13,0.0,4069.0,Cash,Phone call,Van delivery
O001244,2024-08-14,C0273,Retail farmer,V12,Tomato,Pro-tray,1000,1.79,0.0,1790.0,Cash,Walk-in,Self pickup
O001245,2024-08-14,C0460,Retail farmer,V15,Marigold,Nursery bed,1100,1.26,0.0,1386.0,UPI,Phone call,Self pickup
O001246,2024-08-14,C0420,Retail farmer,V14,Marigold,Nursery bed,700,1.27,0.0,889.0,Cash,Phone call,Van delivery
O001247,2024-08-14,C0567,Retail farmer,V15,Marigold,Pro-tray,700,1.66,0.0,1162.0,Cash,Phone call,Self pickup
O001248,2024-08-14,C0503,Wholesale / dealer,V16,Tobacco,Nursery bed,62700,0.12,11.3,6673.79,Credit,Walk-in,Van delivery
O001249,2024-08-14,C0454,Retail farmer,V16,Tobacco,Nursery bed,12800,0.12,2.3,1500.67,UPI,Phone call,Van delivery
O001250,2024-08-14,C0256,Wholesale / dealer,V16,Tobacco,Nursery bed,44200,0.12,8.7,4842.55,UPI,Walk-in,Van delivery
O001251,2024-08-14,C0279,Retail farmer,V16,Tobacco,Nursery bed,19900,0.12,3.3,2309.2,Cash,Phone call,Van delivery
O001252,2024-08-14,C0568,Retail farmer,V16,Tobacco,Nursery bed,21500,0.12,3.4,2492.28,Cash,Walk-in,Van delivery
O001253,2024-08-14,C0425,Retail farmer,V16,Tobacco,Nursery bed,4000,0.12,0.0,480.0,Cash,Phone call,Self pickup
O001254,2024-08-14,C0569,Retail farmer,V16,Tobacco,Nursery bed,9700,0.12,1.7,1144.21,UPI,Walk-in,Van delivery
O001255,2024-08-14,C0269,Retail farmer,V16,Tobacco,Nursery bed,8300,0.12,2.2,974.09,Credit,Walk-in,Van delivery
O001256,2024-08-14,C0570,Retail farmer,V16,Tobacco,Nursery bed,13700,0.12,3.9,1579.88,UPI,Walk-in,Van delivery
O001257,2024-08-14,C0571,Retail farmer,V16,Tobacco,Nursery bed,5700,0.12,2.0,670.32,Cash,Walk-in,Self pickup
O001258,2024-08-14,C0201,Retail farmer,V16,Tobacco,Nursery bed,4200,0.12,0.0,504.0,Credit,Walk-in,Self pickup
O001259,2024-08-15,C0572,Retail farmer,V02,Chilli,Pro-tray,3400,1.48,0.0,5032.0,Cash,Walk-in,Self pickup
O001260,2024-08-15,C0262,Wholesale / dealer,V01,Chilli,Nursery bed,3200,1.11,11.1,3157.73,Cash,Phone call,Self pickup
O001261,2024-08-15,C0573,Retail farmer,V07,Chilli,Pro-tray,5300,1.26,1.1,6604.54,Cash,Walk-in,Van delivery
O001262,2024-08-15,C0574,Home gardener,V06,Chilli,Pro-tray,180,1.3,0.0,234.0,Cash,Walk-in,Self pickup
O001263,2024-08-15,C0575,Retail farmer,V06,Chilli,Nursery bed,1500,0.9,0.0,1350.0,Cash,WhatsApp,Self pickup
O001264,2024-08-15,C0576,Retail farmer,V06,Chilli,Nursery bed,700,0.92,0.0,644.0,Credit,WhatsApp,Self pickup
O001265,2024-08-15,C0182,Wholesale / dealer,V07,Chilli,Pro-tray,7600,1.27,8.7,8812.28,Cash,Walk-in,Van delivery
O001266,2024-08-15,C0577,Wholesale / dealer,V14,Marigold,Pro-tray,3900,1.82,10.5,6352.71,Credit,Walk-in,Self pickup
O001267,2024-08-15,C0578,Wholesale / dealer,V16,Tobacco,Nursery bed,26200,0.12,8.4,2879.9,Credit,Walk-in,Van delivery
O001268,2024-08-15,C0579,Wholesale / dealer,V16,Tobacco,Nursery bed,57200,0.12,8.9,6253.1,Credit,Walk-in,Van delivery
O001269,2024-08-15,C0543,Retail farmer,V16,Tobacco,Nursery bed,3300,0.12,0.0,396.0,Cash,Phone call,Self pickup
O001270,2024-08-15,C0578,Wholesale / dealer,V16,Tobacco,Nursery bed,19000,0.12,9.3,2067.96,Cash,Walk-in,Self pickup
O001271,2024-08-16,C0224,Wholesale / dealer,V06,Chilli,Pro-tray,6600,1.28,11.9,7442.69,UPI,Walk-in,Self pickup
O001272,2024-08-16,C0580,Retail farmer,V03,Chilli,Pro-tray,1200,1.62,0.0,1944.0,UPI,WhatsApp,Self pickup
O001273,2024-08-16,C0581,Wholesale / dealer,V02,Chilli,Nursery bed,5900,1.05,10.7,5532.14,Credit,Phone call,Van delivery
O001274,2024-08-16,C0079,Wholesale / dealer,V12,Tomato,Pro-tray,8000,1.85,8.1,13601.2,UPI,WhatsApp,Self pickup
O001275,2024-08-16,C0582,Retail farmer,V13,Brinjal,Pro-tray,2200,1.17,0.0,2574.0,Cash,Walk-in,Self pickup
O001276,2024-08-16,C0159,Retail farmer,V14,Marigold,Pro-tray,900,1.82,0.0,1638.0,UPI,WhatsApp,Self pickup
O001277,2024-08-16,C0477,Retail farmer,V14,Marigold,Nursery bed,600,1.32,0.0,792.0,UPI,Walk-in,Self pickup
O001278,2024-08-16,C0245,Retail farmer,V14,Marigold,Nursery bed,2200,1.3,0.0,2860.0,Cash,Walk-in,Self pickup
O001279,2024-08-16,C0286,Retail farmer,V16,Tobacco,Nursery bed,14100,0.12,0.9,1676.77,Cash,Walk-in,Van delivery
O001280,2024-08-17,C0553,Retail farmer,V08,Chilli,Pro-tray,3500,1.59,0.0,5565.0,UPI,Walk-in,Self pickup
O001281,2024-08-17,C0081,Retail farmer,V05,Chilli,Nursery bed,2100,1.14,0.0,2394.0,Cash,WhatsApp,Self pickup
O001282,2024-08-17,C0583,Home gardener,V03,Chilli,Pro-tray,40,1.69,0.0,67.6,Cash,Walk-in,Van delivery
O001283,2024-08-17,C0056,Retail farmer,V01,Chilli,Pro-tray,600,1.52,0.0,912.0,Cash,Phone call,Self pickup
O001284,2024-08-17,C0584,Retail farmer,V07,Chilli,Pro-tray,1600,1.24,0.0,1984.0,Cash,Phone call,Self pickup
O001285,2024-08-17,C0410,Wholesale / dealer,V06,Chilli,Nursery bed,6200,0.88,11.2,4844.93,Credit,Phone call,Van delivery
O001286,2024-08-17,C0404,Wholesale / dealer,V06,Chilli,Nursery bed,13400,0.9,10.3,10817.82,Cash,Phone call,Van delivery
O001287,2024-08-17,C0414,Wholesale / dealer,V06,Chilli,Nursery bed,12100,0.9,9.1,9899.01,Credit,WhatsApp,Self pickup
O001288,2024-08-17,C0358,Retail farmer,V01,Chilli,Pro-tray,1800,1.56,0.0,2808.0,Credit,Walk-in,Self pickup
O001289,2024-08-17,C0130,Retail farmer,V01,Chilli,Nursery bed,4500,1.12,0.0,5040.0,UPI,Phone call,Self pickup
O001290,2024-08-17,C0585,Retail farmer,V11,Capsicum,Pro-tray,1700,3.12,0.0,5304.0,Credit,Phone call,Self pickup
O001291,2024-08-17,C0586,Retail farmer,V11,Capsicum,Pro-tray,900,3.15,0.0,2835.0,Credit,Walk-in,Self pickup
O001292,2024-08-17,C0587,Retail farmer,V12,Tomato,Pro-tray,3000,1.82,0.0,5460.0,Cash,Phone call,Self pickup
O001293,2024-08-17,C0588,Retail farmer,V14,Marigold,Pro-tray,1000,1.75,0.0,1750.0,Cash,Phone call,Self pickup
O001294,2024-08-17,C0589,Retail farmer,V14,Marigold,Pro-tray,1400,1.77,0.0,2478.0,Cash,Walk-in,Self pickup
O001295,2024-08-17,C0349,Retail farmer,V16,Tobacco,Nursery bed,15100,0.12,1.2,1790.26,Credit,Walk-in,Van delivery
O001296,2024-08-18,C0437,Retail farmer,V03,Chilli,Pro-tray,1100,1.63,0.0,1793.0,Cash,Phone call,Self pickup
O001297,2024-08-18,C0193,Retail farmer,V06,Chilli,Pro-tray,800,1.32,0.0,1056.0,UPI,Walk-in,Self pickup
O001298,2024-08-18,C0355,Retail farmer,V06,Chilli,Nursery bed,1100,0.9,0.0,990.0,Credit,Phone call,Self pickup
O001299,2024-08-18,C0138,Retail farmer,V10,Chilli,Pro-tray,2900,1.38,0.0,4002.0,Cash,Phone call,Self pickup
O001300,2024-08-18,C0590,Retail farmer,V01,Chilli,Nursery bed,2900,1.11,0.0,3219.0,Cash,Walk-in,Self pickup
O001301,2024-08-18,C0591,Retail farmer,V02,Chilli,Pro-tray,1000,1.46,0.0,1460.0,Cash,Walk-in,Self pickup
O001302,2024-08-18,C0592,Retail farmer,V01,Chilli,Nursery bed,500,1.13,0.0,565.0,Credit,Walk-in,Van delivery
O001303,2024-08-18,C0593,Retail farmer,V10,Chilli,Pro-tray,1500,1.39,0.0,2085.0,Cash,Walk-in,Self pickup
O001304,2024-08-18,C0139,Wholesale / dealer,V08,Chilli,Pro-tray,4600,1.51,11.4,6154.16,Credit,WhatsApp,Self pickup
O001305,2024-08-18,C0594,Retail farmer,V09,Chilli,Nursery bed,2000,1.2,0.0,2400.0,Cash,Phone call,Self pickup
O001306,2024-08-18,C0379,Retail farmer,V01,Chilli,Pro-tray,2500,1.55,0.0,3875.0,UPI,Phone call,Self pickup
O001307,2024-08-18,C0107,Retail farmer,V05,Chilli,Pro-tray,900,1.63,0.0,1467.0,Cash,Walk-in,Self pickup
O001308,2024-08-18,C0595,Retail farmer,V13,Brinjal,Pro-tray,800,1.19,0.0,952.0,Cash,Walk-in,Self pickup
O001309,2024-08-18,C0329,Retail farmer,V14,Marigold,Pro-tray,2000,1.75,0.0,3500.0,Credit,Phone call,Self pickup
O001310,2024-08-18,C0018,Retail farmer,V16,Tobacco,Nursery bed,5200,0.12,3.6,601.54,Credit,Walk-in,Self pickup
O001311,2024-08-18,C0596,Wholesale / dealer,V16,Tobacco,Nursery bed,55500,0.12,9.7,6013.98,Credit,Phone call,Van delivery
O001312,2024-08-18,C0478,Wholesale / dealer,V16,Tobacco,Nursery bed,74600,0.12,8.4,8200.03,Credit,Walk-in,Van delivery
O001313,2024-08-19,C0597,Retail farmer,V03,Chilli,Nursery bed,700,1.12,0.0,784.0,UPI,Walk-in,Self pickup
O001314,2024-08-19,C0021,Retail farmer,V06,Chilli,Pro-tray,700,1.33,0.0,931.0,Cash,Walk-in,Self pickup
O001315,2024-08-19,C0598,Retail farmer,V03,Chilli,Pro-tray,800,1.64,0.0,1312.0,Credit,WhatsApp,Self pickup
O001316,2024-08-19,C0308,Retail farmer,V03,Chilli,Nursery bed,1900,1.18,0.0,2242.0,UPI,Walk-in,Self pickup
O001317,2024-08-19,C0599,Retail farmer,V02,Chilli,Nursery bed,3400,1.06,0.0,3604.0,Credit,Phone call,Self pickup
O001318,2024-08-19,C0600,Retail farmer,V01,Chilli,Pro-tray,1300,1.58,0.0,2054.0,UPI,Phone call,Self pickup
O001319,2024-08-19,C0009,Wholesale / dealer,V03,Chilli,Nursery bed,4600,1.17,11.3,4773.83,Cash,Walk-in,Self pickup
O001320,2024-08-19,C0551,Wholesale / dealer,V02,Chilli,Nursery bed,5800,1.02,10.3,5306.65,Cash,Walk-in,Van delivery
O001321,2024-08-19,C0601,Retail farmer,V06,Chilli,Nursery bed,1900,0.92,0.0,1748.0,Cash,Walk-in,Self pickup
O001322,2024-08-19,C0567,Retail farmer,V12,Tomato,Pro-tray,1100,1.8,0.0,1980.0,Cash,WhatsApp,Van delivery
O001323,2024-08-19,C0602,Retail farmer,V12,Tomato,Nursery bed,1400,1.24,0.0,1736.0,UPI,Walk-in,Self pickup
O001324,2024-08-19,C0603,Wholesale / dealer,V12,Tomato,Pro-tray,5900,1.77,10.3,9367.37,Cash,Walk-in,Van delivery
O001325,2024-08-19,C0008,Wholesale / dealer,V16,Tobacco,Nursery bed,32900,0.12,9.8,3561.1,UPI,Phone call,Van delivery
O001326,2024-08-19,C0604,Retail farmer,V16,Tobacco,Nursery bed,10200,0.12,1.0,1211.76,Cash,Phone call,Van delivery
O001327,2024-08-19,C0555,Wholesale / dealer,V16,Tobacco,Nursery bed,15900,0.12,11.8,1682.86,UPI,Phone call,Self pickup
O001328,2024-08-19,C0605,Retail farmer,V16,Tobacco,Nursery bed,24800,0.12,3.2,2880.77,Cash,Walk-in,Van delivery
O001329,2024-08-19,C0559,Retail farmer,V16,Tobacco,Nursery bed,9100,0.12,2.8,1061.42,UPI,WhatsApp,Self pickup
O001330,2024-08-19,C0606,Retail farmer,V16,Tobacco,Nursery bed,6200,0.12,2.5,725.4,Cash,WhatsApp,Van delivery
O001331,2024-08-20,C0450,Retail farmer,V05,Chilli,Pro-tray,1200,1.63,0.0,1956.0,UPI,Walk-in,Self pickup
O001332,2024-08-20,C0607,Retail farmer,V07,Chilli,Pro-tray,2100,1.27,0.0,2667.0,Cash,WhatsApp,Self pickup
O001333,2024-08-20,C0133,Retail farmer,V05,Chilli,Pro-tray,800,1.59,0.0,1272.0,Cash,WhatsApp,Self pickup
O001334,2024-08-20,C0530,Wholesale / dealer,V01,Chilli,Pro-tray,3000,1.57,9.9,4243.71,Cash,Walk-in,Van delivery
O001335,2024-08-20,C0482,Home gardener,V07,Chilli,Pro-tray,20,1.27,0.0,25.4,Cash,Walk-in,Self pickup
O001336,2024-08-20,C0323,Wholesale / dealer,V13,Brinjal,Pro-tray,3900,1.23,10.8,4278.92,UPI,Walk-in,Self pickup
O001337,2024-08-20,C0370,Retail farmer,V16,Tobacco,Nursery bed,6300,0.12,1.2,746.93,Credit,Walk-in,Van delivery
O001338,2024-08-20,C0383,Retail farmer,V16,Tobacco,Nursery bed,7200,0.12,0.1,863.14,UPI,Walk-in,Self pickup
O001339,2024-08-20,C0608,Retail farmer,V16,Tobacco,Nursery bed,10800,0.12,1.5,1276.56,Cash,WhatsApp,Van delivery
O001340,2024-08-20,C0287,Wholesale / dealer,V16,Tobacco,Nursery bed,35900,0.12,9.9,3881.51,UPI,Phone call,Self pickup
O001341,2024-08-20,C0225,Retail farmer,V16,Tobacco,Nursery bed,3700,0.12,0.0,444.0,Cash,Walk-in,Self pickup
O001342,2024-08-20,C0414,Wholesale / dealer,V16,Tobacco,Nursery bed,72700,0.12,11.7,7703.29,Credit,Phone call,Van delivery
O001343,2024-08-20,C0609,Retail farmer,V16,Tobacco,Nursery bed,4400,0.12,0.0,528.0,Cash,Walk-in,Self pickup
O001344,2024-08-21,C0610,Retail farmer,V02,Chilli,Pro-tray,900,1.48,0.0,1332.0,UPI,Walk-in,Self pickup
O001345,2024-08-21,C0307,Retail farmer,V03,Chilli,Nursery bed,1500,1.17,0.0,1755.0,Cash,Walk-in,Self pickup
O001346,2024-08-21,C0611,Retail farmer,V03,Chilli,Nursery bed,2000,1.13,0.0,2260.0,Cash,Walk-in,Self pickup
O001347,2024-08-21,C0435,Retail farmer,V09,Chilli,Pro-tray,2000,1.66,0.0,3320.0,UPI,Walk-in,Self pickup
O001348,2024-08-21,C0501,Wholesale / dealer,V08,Chilli,Pro-tray,1800,1.55,11.5,2469.15,Credit,Walk-in,Self pickup
O001349,2024-08-21,C0256,Wholesale / dealer,V03,Chilli,Nursery bed,10800,1.15,8.3,11389.14,Cash,Walk-in,Van delivery
O001350,2024-08-21,C0612,Retail farmer,V11,Capsicum,Pro-tray,1600,3.16,0.0,5056.0,UPI,Walk-in,Self pickup
O001351,2024-08-21,C0613,Retail farmer,V11,Capsicum,Pro-tray,700,3.13,0.0,2191.0,Cash,WhatsApp,Self pickup
O001352,2024-08-21,C0448,Retail farmer,V12,Tomato,Nursery bed,600,1.25,0.0,750.0,Cash,Walk-in,Self pickup
O001353,2024-08-21,C0173,Retail farmer,V13,Brinjal,Nursery bed,2000,0.8,0.0,1600.0,Cash,Phone call,Self pickup
O001354,2024-08-21,C0614,Retail farmer,V15,Marigold,Nursery bed,1100,1.28,0.0,1408.0,Credit,Walk-in,Self pickup
O001355,2024-08-21,C0062,Retail farmer,V14,Marigold,Nursery bed,900,1.28,0.0,1152.0,UPI,Walk-in,Self pickup
O001356,2024-08-21,C0615,Home gardener,V14,Marigold,Pro-tray,130,1.81,0.0,235.3,Credit,Phone call,Van delivery
O001357,2024-08-21,C0616,Retail farmer,V16,Tobacco,Nursery bed,7600,0.12,0.2,910.18,Cash,Phone call,Van delivery
O001358,2024-08-21,C0598,Retail farmer,V16,Tobacco,Nursery bed,2400,0.12,0.0,288.0,UPI,Walk-in,Self pickup
O001359,2024-08-22,C0617,Retail farmer,V03,Chilli,Pro-tray,2400,1.66,0.0,3984.0,Credit,Phone call,Self pickup
O001360,2024-08-22,C0570,Retail farmer,V01,Chilli,Pro-tray,700,1.53,0.0,1071.0,UPI,Walk-in,Self pickup
O001361,2024-08-22,C0618,Home gardener,V03,Chilli,Pro-tray,130,1.68,0.0,218.4,Credit,Walk-in,Self pickup
O001362,2024-08-22,C0619,Retail farmer,V06,Chilli,Pro-tray,700,1.33,0.0,931.0,Cash,Phone call,Self pickup
O001363,2024-08-22,C0620,Retail farmer,V03,Chilli,Nursery bed,2500,1.13,0.0,2825.0,UPI,Phone call,Self pickup
O001364,2024-08-22,C0305,Retail farmer,V11,Capsicum,Nursery bed,1400,2.42,0.0,3388.0,Cash,Phone call,Self pickup
O001365,2024-08-22,C0621,Retail farmer,V16,Tobacco,Nursery bed,12000,0.12,1.2,1422.72,Credit,Walk-in,Van delivery
O001366,2024-08-22,C0531,Retail farmer,V16,Tobacco,Nursery bed,7000,0.12,2.9,815.64,Cash,Walk-in,Self pickup
O001367,2024-08-22,C0622,Retail farmer,V16,Tobacco,Nursery bed,8400,0.12,0.6,1001.95,Cash,Walk-in,Self pickup
O001368,2024-08-22,C0623,Retail farmer,V16,Tobacco,Nursery bed,6300,0.12,3.8,727.27,Cash,Phone call,Self pickup
O001369,2024-08-23,C0449,Retail farmer,V06,Chilli,Pro-tray,1500,1.32,0.0,1980.0,UPI,WhatsApp,Self pickup
O001370,2024-08-23,C0414,Wholesale / dealer,V01,Chilli,Nursery bed,15300,1.09,8.9,15192.75,UPI,Walk-in,Van delivery
O001371,2024-08-23,C0624,Retail farmer,V01,Chilli,Nursery bed,3000,1.1,0.0,3300.0,Cash,Phone call,Self pickup
O001372,2024-08-23,C0625,Wholesale / dealer,V05,Chilli,Pro-tray,3800,1.56,8.1,5447.83,UPI,Walk-in,Self pickup
O001373,2024-08-23,C0626,Wholesale / dealer,V03,Chilli,Nursery bed,3900,1.18,10.0,4141.8,UPI,WhatsApp,Self pickup
O001374,2024-08-23,C0627,Retail farmer,V01,Chilli,Pro-tray,3700,1.56,0.0,5772.0,UPI,WhatsApp,Self pickup
O001375,2024-08-23,C0628,Retail farmer,V02,Chilli,Pro-tray,1500,1.49,0.0,2235.0,Cash,Walk-in,Self pickup
O001376,2024-08-23,C0629,Retail farmer,V09,Chilli,Pro-tray,1700,1.72,0.0,2924.0,UPI,Walk-in,Van delivery
O001377,2024-08-23,C0167,Wholesale / dealer,V03,Chilli,Pro-tray,7200,1.6,11.2,10229.76,Credit,Walk-in,Self pickup
O001378,2024-08-23,C0375,Retail farmer,V05,Chilli,Nursery bed,600,1.11,0.0,666.0,Cash,Walk-in,Self pickup
O001379,2024-08-23,C0204,Retail farmer,V07,Chilli,Pro-tray,3000,1.22,0.0,3660.0,Cash,Phone call,Self pickup
O001380,2024-08-23,C0172,Retail farmer,V01,Chilli,Nursery bed,3700,1.09,0.0,4033.0,Cash,Phone call,Self pickup
O001381,2024-08-23,C0521,Retail farmer,V11,Capsicum,Pro-tray,700,3.11,0.0,2177.0,UPI,Walk-in,Van delivery
O001382,2024-08-23,C0215,Wholesale / dealer,V11,Capsicum,Pro-tray,2600,3.21,9.6,7544.78,Credit,Phone call,Self pickup
O001383,2024-08-23,C0261,Retail farmer,V12,Tomato,Pro-tray,600,1.78,0.0,1068.0,UPI,WhatsApp,Self pickup
O001384,2024-08-23,C0125,Wholesale / dealer,V13,Brinjal,Pro-tray,6200,1.2,8.4,6815.04,Credit,Walk-in,Van delivery
O001385,2024-08-23,C0422,Retail farmer,V15,Marigold,Pro-tray,300,1.7,0.0,510.0,Credit,Phone call,Self pickup
O001386,2024-08-23,C0630,Retail farmer,V14,Marigold,Pro-tray,500,1.81,0.0,905.0,Cash,Phone call,Self pickup
O001387,2024-08-23,C0372,Retail farmer,V14,Marigold,Nursery bed,1600,1.27,0.0,2032.0,UPI,Walk-in,Self pickup
O001388,2024-08-23,C0203,Wholesale / dealer,V16,Tobacco,Nursery bed,25400,0.12,10.6,2724.91,UPI,Walk-in,Van delivery
O001389,2024-08-23,C0631,Retail farmer,V16,Tobacco,Nursery bed,6500,0.12,2.5,760.5,Cash,Walk-in,Van delivery
O001390,2024-08-24,C0632,Retail farmer,V07,Chilli,Nursery bed,700,0.9,0.0,630.0,UPI,Phone call,Van delivery
O001391,2024-08-24,C0484,Retail farmer,V01,Chilli,Nursery bed,1700,1.1,0.0,1870.0,Cash,Walk-in,Self pickup
O001392,2024-08-24,C0430,Retail farmer,V02,Chilli,Pro-tray,1800,1.53,0.0,2754.0,Credit,Phone call,Van delivery
O001393,2024-08-24,C0633,Retail farmer,V10,Chilli,Pro-tray,1700,1.34,0.0,2278.0,Cash,WhatsApp,Van delivery
O001394,2024-08-24,C0634,Retail farmer,V09,Chilli,Nursery bed,2200,1.2,0.0,2640.0,Cash,Phone call,Self pickup
O001395,2024-08-24,C0635,Retail farmer,V05,Chilli,Pro-tray,1800,1.62,0.0,2916.0,Cash,Phone call,Self pickup
O001396,2024-08-24,C0576,Retail farmer,V06,Chilli,Nursery bed,2700,0.9,0.0,2430.0,Cash,Walk-in,Self pickup
O001397,2024-08-24,C0212,Wholesale / dealer,V09,Chilli,Nursery bed,10400,1.19,11.7,10928.01,Credit,Phone call,Self pickup
O001398,2024-08-24,C0636,Retail farmer,V08,Chilli,Pro-tray,1100,1.57,0.0,1727.0,Cash,WhatsApp,Van delivery
O001399,2024-08-24,C0252,Retail farmer,V07,Chilli,Pro-tray,1400,1.26,0.0,1764.0,Cash,Phone call,Self pickup
O001400,2024-08-24,C0637,Retail farmer,V11,Capsicum,Pro-tray,800,3.18,0.0,2544.0,Cash,Phone call,Self pickup
O001401,2024-08-24,C0638,Wholesale / dealer,V15,Marigold,Nursery bed,4100,1.27,8.1,4785.23,Credit,Phone call,Van delivery
O001402,2024-08-24,C0639,Retail farmer,V14,Marigold,Pro-tray,600,1.75,0.0,1050.0,UPI,WhatsApp,Self pickup
O001403,2024-08-24,C0531,Retail farmer,V16,Tobacco,Nursery bed,21000,0.12,0.2,2514.96,UPI,Walk-in,Van delivery
O001404,2024-08-25,C0640,Wholesale / dealer,V07,Chilli,Nursery bed,3600,0.88,8.5,2898.72,Cash,Walk-in,Self pickup
O001405,2024-08-25,C0641,Retail farmer,V09,Chilli,Pro-tray,800,1.7,0.0,1360.0,Cash,Walk-in,Self pickup
O001406,2024-08-25,C0642,Retail farmer,V01,Chilli,Pro-tray,800,1.52,0.0,1216.0,UPI,Phone call,Self pickup
O001407,2024-08-25,C0026,Retail farmer,V02,Chilli,Pro-tray,1900,1.54,0.0,2926.0,Cash,Walk-in,Self pickup
O001408,2024-08-25,C0643,Retail farmer,V06,Chilli,Nursery bed,700,0.92,0.0,644.0,UPI,Walk-in,Self pickup
O001409,2024-08-25,C0644,Retail farmer,V03,Chilli,Pro-tray,2100,1.69,0.0,3549.0,UPI,WhatsApp,Van delivery
O001410,2024-08-25,C0427,Wholesale / dealer,V04,Chilli,Nursery bed,11600,1.21,9.2,12744.69,Credit,Phone call,Van delivery
O001411,2024-08-25,C0211,Retail farmer,V11,Capsicum,Nursery bed,1000,2.34,0.0,2340.0,Credit,Walk-in,Self pickup
O001412,2024-08-25,C0645,Home gardener,V12,Tomato,Pro-tray,160,1.8,0.0,288.0,Cash,Walk-in,Self pickup
O001413,2024-08-25,C0316,Retail farmer,V12,Tomato,Nursery bed,1500,1.21,0.0,1815.0,Credit,Phone call,Self pickup
O001414,2024-08-25,C0482,Home gardener,V15,Marigold,Pro-tray,120,1.71,0.0,205.2,Cash,Walk-in,Self pickup
O001415,2024-08-25,C0629,Retail farmer,V14,Marigold,Nursery bed,300,1.31,0.0,393.0,Cash,Phone call,Van delivery
O001416,2024-08-25,C0290,Retail farmer,V16,Tobacco,Nursery bed,18900,0.12,0.2,2263.46,UPI,Walk-in,Self pickup
O001417,2024-08-25,C0514,Wholesale / dealer,V16,Tobacco,Nursery bed,21500,0.12,8.2,2368.44,Credit,WhatsApp,Self pickup
O001418,2024-08-26,C0646,Retail farmer,V05,Chilli,Pro-tray,1900,1.64,0.0,3116.0,Cash,Walk-in,Self pickup
O001419,2024-08-26,C0647,Retail farmer,V08,Chilli,Pro-tray,1800,1.53,0.0,2754.0,Cash,Walk-in,Van delivery
O001420,2024-08-26,C0648,Retail farmer,V03,Chilli,Pro-tray,900,1.68,0.0,1512.0,UPI,Walk-in,Self pickup
O001421,2024-08-26,C0284,Retail farmer,V09,Chilli,Pro-tray,4000,1.68,0.0,6720.0,Cash,Phone call,Self pickup
O001422,2024-08-26,C0599,Retail farmer,V12,Tomato,Nursery bed,800,1.26,0.0,1008.0,UPI,WhatsApp,Self pickup
O001423,2024-08-26,C0649,Retail farmer,V12,Tomato,Pro-tray,2200,1.8,0.0,3960.0,UPI,Walk-in,Self pickup
O001424,2024-08-26,C0561,Retail farmer,V16,Tobacco,Nursery bed,17900,0.12,1.5,2115.78,Cash,WhatsApp,Van delivery
O001425,2024-08-26,C0625,Wholesale / dealer,V16,Tobacco,Nursery bed,72300,0.12,11.5,7678.26,Cash,Walk-in,Van delivery
O001426,2024-08-26,C0305,Retail farmer,V16,Tobacco,Nursery bed,15800,0.12,3.5,1829.64,Cash,Phone call,Van delivery
O001427,2024-08-26,C0647,Retail farmer,V16,Tobacco,Nursery bed,2100,0.12,0.0,252.0,UPI,Walk-in,Self pickup
O001428,2024-08-27,C0650,Retail farmer,V03,Chilli,Pro-tray,2100,1.67,0.0,3507.0,UPI,Walk-in,Self pickup
O001429,2024-08-27,C0579,Wholesale / dealer,V05,Chilli,Pro-tray,15300,1.56,8.5,21839.22,UPI,Walk-in,Van delivery
O001430,2024-08-27,C0651,Retail farmer,V05,Chilli,Pro-tray,1700,1.64,0.0,2788.0,Credit,Walk-in,Self pickup
O001431,2024-08-27,C0195,Retail farmer,V09,Chilli,Pro-tray,1900,1.73,0.0,3287.0,Cash,WhatsApp,Self pickup
O001432,2024-08-27,C0042,Retail farmer,V08,Chilli,Pro-tray,3700,1.58,0.0,5846.0,Cash,Walk-in,Self pickup
O001433,2024-08-27,C0652,Retail farmer,V05,Chilli,Nursery bed,1300,1.1,0.0,1430.0,Credit,Phone call,Van delivery
O001434,2024-08-27,C0653,Retail farmer,V05,Chilli,Pro-tray,1400,1.57,0.0,2198.0,UPI,Walk-in,Self pickup
O001435,2024-08-27,C0466,Retail farmer,V14,Marigold,Pro-tray,2500,1.78,0.0,4450.0,UPI,Phone call,Van delivery
O001436,2024-08-27,C0091,Retail farmer,V15,Marigold,Pro-tray,1200,1.68,0.0,2016.0,UPI,Phone call,Self pickup
O001437,2024-08-27,C0309,Retail farmer,V14,Marigold,Pro-tray,900,1.79,0.0,1611.0,Cash,Walk-in,Self pickup
O001438,2024-08-27,C0647,Retail farmer,V14,Marigold,Nursery bed,2000,1.3,0.0,2600.0,UPI,Walk-in,Self pickup
O001439,2024-08-27,C0412,Retail farmer,V16,Tobacco,Nursery bed,9400,0.12,1.1,1115.59,Cash,Walk-in,Self pickup
O001440,2024-08-27,C0654,Retail farmer,V16,Tobacco,Nursery bed,5800,0.12,2.8,676.51,Cash,Walk-in,Self pickup
O001441,2024-08-28,C0357,Retail farmer,V05,Chilli,Nursery bed,1500,1.09,0.0,1635.0,Cash,Walk-in,Self pickup
O001442,2024-08-28,C0215,Wholesale / dealer,V08,Chilli,Nursery bed,7200,1.08,10.3,6975.07,UPI,Walk-in,Van delivery
O001443,2024-08-28,C0147,Retail farmer,V06,Chilli,Pro-tray,1600,1.26,0.0,2016.0,Cash,Walk-in,Self pickup
O001444,2024-08-28,C0088,Retail farmer,V06,Chilli,Pro-tray,6300,1.33,3.8,8060.6,Cash,Walk-in,Self pickup
O001445,2024-08-28,C0475,Wholesale / dealer,V09,Chilli,Pro-tray,3700,1.7,9.8,5673.58,Credit,Walk-in,Self pickup
O001446,2024-08-28,C0476,Retail farmer,V07,Chilli,Pro-tray,2100,1.25,0.0,2625.0,Credit,Phone call,Van delivery
O001447,2024-08-28,C0144,Retail farmer,V06,Chilli,Nursery bed,3100,0.9,0.0,2790.0,Cash,Phone call,Self pickup
O001448,2024-08-28,C0379,Retail farmer,V12,Tomato,Pro-tray,800,1.78,0.0,1424.0,UPI,Walk-in,Self pickup
O001449,2024-08-28,C0136,Retail farmer,V12,Tomato,Nursery bed,1300,1.23,0.0,1599.0,UPI,Walk-in,Van delivery
O001450,2024-08-28,C0655,Retail farmer,V13,Brinjal,Pro-tray,1000,1.23,0.0,1230.0,Cash,Walk-in,Self pickup
O001451,2024-08-28,C0656,Retail farmer,V16,Tobacco,Nursery bed,10200,0.12,0.2,1221.55,Cash,Phone call,Van delivery
O001452,2024-08-28,C0657,Wholesale / dealer,V16,Tobacco,Nursery bed,61300,0.12,11.8,6487.99,Cash,Walk-in,Van delivery
O001453,2024-08-29,C0517,Retail farmer,V07,Chilli,Pro-tray,1200,1.23,0.0,1476.0,UPI,Phone call,Self pickup
O001454,2024-08-29,C0658,Retail farmer,V06,Chilli,Nursery bed,5600,0.89,0.3,4969.05,Cash,Phone call,Van delivery
O001455,2024-08-29,C0310,Retail farmer,V05,Chilli,Nursery bed,500,1.14,0.0,570.0,UPI,Walk-in,Self pickup
O001456,2024-08-29,C0170,Retail farmer,V01,Chilli,Pro-tray,2600,1.59,0.0,4134.0,Cash,Phone call,Self pickup
O001457,2024-08-29,C0065,Retail farmer,V02,Chilli,Nursery bed,2900,1.07,0.0,3103.0,Cash,Phone call,Self pickup
O001458,2024-08-29,C0401,Retail farmer,V01,Chilli,Pro-tray,1900,1.55,0.0,2945.0,Cash,Phone call,Self pickup
O001459,2024-08-29,C0358,Retail farmer,V10,Chilli,Nursery bed,1200,0.94,0.0,1128.0,UPI,Phone call,Self pickup
O001460,2024-08-29,C0158,Retail farmer,V07,Chilli,Pro-tray,1300,1.27,0.0,1651.0,Credit,Walk-in,Self pickup
O001461,2024-08-29,C0313,Retail farmer,V11,Capsicum,Pro-tray,1000,3.18,0.0,3180.0,Cash,Walk-in,Van delivery
O001462,2024-08-29,C0074,Retail farmer,V12,Tomato,Nursery bed,1200,1.26,0.0,1512.0,UPI,Walk-in,Self pickup
O001463,2024-08-29,C0659,Home gardener,V12,Tomato,Pro-tray,40,1.81,0.0,72.4,UPI,Phone call,Van delivery
O001464,2024-08-29,C0116,Retail farmer,V13,Brinjal,Pro-tray,1000,1.18,0.0,1180.0,Credit,Phone call,Self pickup
O001465,2024-08-29,C0209,Retail farmer,V16,Tobacco,Nursery bed,11100,0.12,0.6,1324.01,Cash,Walk-in,Van delivery
O001466,2024-08-29,C0182,Wholesale / dealer,V16,Tobacco,Nursery bed,40100,0.12,8.1,4422.23,UPI,Walk-in,Van delivery
O001467,2024-08-30,C0660,Retail farmer,V06,Chilli,Nursery bed,3800,0.9,0.0,3420.0,Credit,WhatsApp,Self pickup
O001468,2024-08-30,C0661,Wholesale / dealer,V09,Chilli,Nursery bed,4000,1.17,11.8,4127.76,Credit,Phone call,Self pickup
O001469,2024-08-30,C0662,Wholesale / dealer,V01,Chilli,Pro-tray,4300,1.58,8.2,6236.89,Credit,Walk-in,Self pickup
O001470,2024-08-30,C0663,Retail farmer,V03,Chilli,Pro-tray,2800,1.64,0.0,4592.0,Cash,Walk-in,Self pickup
O001471,2024-08-30,C0536,Retail farmer,V04,Chilli,Pro-tray,1100,1.71,0.0,1881.0,Cash,Walk-in,Self pickup
O001472,2024-08-30,C0664,Retail farmer,V06,Chilli,Nursery bed,1600,0.92,0.0,1472.0,Cash,Walk-in,Self pickup
O001473,2024-08-30,C0514,Wholesale / dealer,V13,Brinjal,Nursery bed,7100,0.82,9.4,5274.73,Credit,Phone call,Self pickup
O001474,2024-08-30,C0665,Wholesale / dealer,V15,Marigold,Pro-tray,3000,1.73,10.9,4624.29,Credit,Walk-in,Self pickup
O001475,2024-08-30,C0666,Retail farmer,V16,Tobacco,Nursery bed,9900,0.12,1.1,1174.93,UPI,Walk-in,Van delivery
O001476,2024-08-30,C0130,Retail farmer,V16,Tobacco,Nursery bed,10200,0.12,4.0,1175.04,Cash,Phone call,Van delivery
O001477,2024-08-30,C0358,Retail farmer,V16,Tobacco,Nursery bed,10300,0.12,3.7,1190.27,UPI,Walk-in,Van delivery
O001478,2024-08-31,C0667,Retail farmer,V05,Chilli,Nursery bed,1900,1.1,0.0,2090.0,Cash,Walk-in,Self pickup
O001479,2024-08-31,C0123,Retail farmer,V03,Chilli,Nursery bed,3400,1.17,0.0,3978.0,Cash,Phone call,Self pickup
O001480,2024-08-31,C0668,Home gardener,V09,Chilli,Pro-tray,30,1.75,0.0,52.5,Cash,Walk-in,Self pickup
O001481,2024-08-31,C0125,Wholesale / dealer,V08,Chilli,Pro-tray,9700,1.57,10.0,13706.1,Credit,Walk-in,Van delivery
O001482,2024-08-31,C0510,Retail farmer,V03,Chilli,Nursery bed,900,1.18,0.0,1062.0,Cash,Phone call,Self pickup
O001483,2024-08-31,C0590,Retail farmer,V08,Chilli,Pro-tray,2300,1.58,0.0,3634.0,UPI,Phone call,Self pickup
O001484,2024-08-31,C0297,Retail farmer,V01,Chilli,Pro-tray,2700,1.55,0.0,4185.0,Credit,Walk-in,Self pickup
O001485,2024-08-31,C0383,Retail farmer,V06,Chilli,Pro-tray,1800,1.27,0.0,2286.0,UPI,Phone call,Self pickup
O001486,2024-08-31,C0305,Retail farmer,V11,Capsicum,Pro-tray,1300,3.12,0.0,4056.0,Cash,Walk-in,Self pickup
O001487,2024-08-31,C0669,Retail farmer,V14,Marigold,Nursery bed,1300,1.32,0.0,1716.0,Cash,Walk-in,Self pickup
O001488,2024-08-31,C0583,Home gardener,V15,Marigold,Pro-tray,40,1.74,0.0,69.6,Cash,Phone call,Van delivery
O001489,2024-08-31,C0670,Retail farmer,V16,Tobacco,Nursery bed,5600,0.12,1.5,661.92,Cash,Phone call,Van delivery
O001490,2024-08-31,C0578,Wholesale / dealer,V16,Tobacco,Nursery bed,17000,0.12,11.8,1799.28,Cash,Phone call,Van delivery
O001491,2024-09-01,C0671,Retail farmer,V06,Chilli,Nursery bed,2300,0.91,0.0,2093.0,UPI,Walk-in,Self pickup
O001492,2024-09-01,C0330,Retail farmer,V03,Chilli,Nursery bed,500,1.13,0.0,565.0,Credit,WhatsApp,Self pickup
O001493,2024-09-01,C0672,Retail farmer,V03,Chilli,Nursery bed,1500,1.14,0.0,1710.0,Cash,Walk-in,Self pickup
O001494,2024-09-01,C0038,Retail farmer,V12,Tomato,Pro-tray,1100,1.77,0.0,1947.0,UPI,Phone call,Self pickup
O001495,2024-09-01,C0358,Retail farmer,V13,Brinjal,Pro-tray,700,1.23,0.0,861.0,UPI,Phone call,Self pickup
O001496,2024-09-01,C0143,Retail farmer,V13,Brinjal,Pro-tray,800,1.23,0.0,984.0,UPI,Walk-in,Self pickup
O001497,2024-09-01,C0544,Retail farmer,V13,Brinjal,Nursery bed,1000,0.8,0.0,800.0,Credit,WhatsApp,Self pickup
O001498,2024-09-01,C0673,Retail farmer,V14,Marigold,Pro-tray,600,1.84,0.0,1104.0,Cash,Walk-in,Self pickup
O001499,2024-09-01,C0674,Wholesale / dealer,V15,Marigold,Pro-tray,2100,1.66,11.2,3095.57,Credit,Walk-in,Self pickup
O001500,2024-09-01,C0601,Retail farmer,V14,Marigold,Pro-tray,1400,1.84,0.0,2576.0,Cash,Walk-in,Self pickup
O001501,2024-09-01,C0675,Retail farmer,V16,Tobacco,Nursery bed,16100,0.12,2.2,1889.5,UPI,Walk-in,Self pickup
O001502,2024-09-01,C0676,Retail farmer,V16,Tobacco,Nursery bed,8200,0.12,2.2,962.35,Cash,WhatsApp,Self pickup
O001503,2024-09-01,C0478,Wholesale / dealer,V16,Tobacco,Nursery bed,53000,0.12,8.1,5844.84,Cash,Walk-in,Van delivery
O001504,2024-09-01,C0609,Retail farmer,V16,Tobacco,Nursery bed,7500,0.12,1.6,885.6,UPI,Phone call,Self pickup
O001505,2024-09-01,C0414,Wholesale / dealer,V16,Tobacco,Nursery bed,13900,0.12,11.2,1481.18,UPI,Walk-in,Self pickup
O001506,2024-09-02,C0349,Retail farmer,V03,Chilli,Pro-tray,1600,1.66,0.0,2656.0,Cash,Walk-in,Self pickup
O001507,2024-09-02,C0085,Retail farmer,V07,Chilli,Pro-tray,1600,1.26,0.0,2016.0,Cash,Walk-in,Self pickup
O001508,2024-09-02,C0418,Wholesale / dealer,V03,Chilli,Nursery bed,16500,1.18,10.7,17386.71,UPI,Walk-in,Van delivery
O001509,2024-09-02,C0185,Retail farmer,V07,Chilli,Nursery bed,600,0.88,0.0,528.0,Cash,Walk-in,Self pickup
O001510,2024-09-02,C0677,Retail farmer,V10,Chilli,Pro-tray,900,1.31,0.0,1179.0,Cash,Walk-in,Self pickup
O001511,2024-09-02,C0678,Retail farmer,V05,Chilli,Pro-tray,1400,1.6,0.0,2240.0,Credit,Walk-in,Self pickup
O001512,2024-09-02,C0679,Home gardener,V11,Capsicum,Pro-tray,200,3.16,0.0,632.0,UPI,Phone call,Self pickup
O001513,2024-09-02,C0680,Retail farmer,V11,Capsicum,Pro-tray,700,3.11,0.0,2177.0,Credit,Phone call,Self pickup
O001514,2024-09-02,C0681,Retail farmer,V11,Capsicum,Pro-tray,900,3.11,0.0,2799.0,Cash,Walk-in,Self pickup
O001515,2024-09-02,C0336,Retail farmer,V14,Marigold,Pro-tray,1800,1.85,0.0,3330.0,Cash,Walk-in,Self pickup
O001516,2024-09-02,C0663,Retail farmer,V14,Marigold,Pro-tray,2300,1.76,0.0,4048.0,UPI,Walk-in,Van delivery
O001517,2024-09-02,C0083,Wholesale / dealer,V16,Tobacco,Nursery bed,24700,0.12,11.5,2623.14,Credit,Walk-in,Van delivery
O001518,2024-09-02,C0128,Retail farmer,V16,Tobacco,Nursery bed,9100,0.12,3.2,1057.06,Cash,Walk-in,Van delivery
O001519,2024-09-02,C0530,Wholesale / dealer,V16,Tobacco,Nursery bed,47000,0.12,10.6,5042.16,UPI,Walk-in,Van delivery
O001520,2024-09-03,C0377,Retail farmer,V02,Chilli,Pro-tray,2400,1.5,0.0,3600.0,Cash,WhatsApp,Self pickup
O001521,2024-09-03,C0682,Retail farmer,V07,Chilli,Nursery bed,1600,0.89,0.0,1424.0,Cash,Walk-in,Self pickup
O001522,2024-09-03,C0409,Wholesale / dealer,V06,Chilli,Pro-tray,3200,1.29,9.0,3756.48,Cash,Walk-in,Self pickup
O001523,2024-09-03,C0236,Retail farmer,V01,Chilli,Pro-tray,800,1.54,0.0,1232.0,UPI,Walk-in,Van delivery
O001524,2024-09-03,C0563,Retail farmer,V05,Chilli,Pro-tray,1300,1.58,0.0,2054.0,Credit,WhatsApp,Self pickup
O001525,2024-09-03,C0669,Retail farmer,V11,Capsicum,Pro-tray,900,3.25,0.0,2925.0,UPI,Phone call,Self pickup
O001526,2024-09-03,C0340,Wholesale / dealer,V15,Marigold,Pro-tray,2800,1.65,11.5,4088.7,UPI,Phone call,Self pickup
O001527,2024-09-03,C0683,Wholesale / dealer,V16,Tobacco,Nursery bed,110900,0.12,9.9,11990.51,Cash,Phone call,Van delivery
O001528,2024-09-03,C0034,Retail farmer,V16,Tobacco,Nursery bed,6100,0.12,2.6,712.97,UPI,Walk-in,Van delivery
O001529,2024-09-03,C0684,Retail farmer,V16,Tobacco,Nursery bed,8300,0.12,1.0,986.04,Cash,Walk-in,Van delivery
O001530,2024-09-04,C0685,Retail farmer,V06,Chilli,Pro-tray,2500,1.29,0.0,3225.0,Cash,Walk-in,Self pickup
O001531,2024-09-04,C0686,Retail farmer,V01,Chilli,Pro-tray,2000,1.56,0.0,3120.0,UPI,Walk-in,Self pickup
O001532,2024-09-04,C0278,Retail farmer,V01,Chilli,Pro-tray,2200,1.59,0.0,3498.0,Cash,Phone call,Self pickup
O001533,2024-09-04,C0687,Retail farmer,V03,Chilli,Nursery bed,1000,1.12,0.0,1120.0,Cash,Walk-in,Self pickup
O001534,2024-09-04,C0182,Wholesale / dealer,V06,Chilli,Nursery bed,5200,0.9,9.1,4254.12,Credit,Phone call,Van delivery
O001535,2024-09-04,C0688,Retail farmer,V11,Capsicum,Nursery bed,1700,2.4,0.0,4080.0,Cash,Phone call,Self pickup
O001536,2024-09-04,C0689,Retail farmer,V12,Tomato,Pro-tray,800,1.77,0.0,1416.0,Cash,Phone call,Self pickup
O001537,2024-09-04,C0657,Wholesale / dealer,V12,Tomato,Pro-tray,6600,1.81,11.4,10584.16,Credit,WhatsApp,Van delivery
O001538,2024-09-04,C0393,Retail farmer,V13,Brinjal,Pro-tray,500,1.22,0.0,610.0,Cash,Walk-in,Self pickup
O001539,2024-09-04,C0592,Retail farmer,V14,Marigold,Pro-tray,2500,1.85,0.0,4625.0,UPI,Phone call,Self pickup
O001540,2024-09-04,C0068,Wholesale / dealer,V16,Tobacco,Nursery bed,42000,0.12,11.6,4455.36,Cash,WhatsApp,Van delivery
O001541,2024-09-04,C0690,Retail farmer,V16,Tobacco,Nursery bed,18000,0.12,2.9,2097.36,Cash,Phone call,Van delivery
O001542,2024-09-04,C0691,Retail farmer,V16,Tobacco,Nursery bed,8300,0.12,0.9,987.04,Cash,Phone call,Van delivery
O001543,2024-09-05,C0479,Retail farmer,V01,Chilli,Pro-tray,1300,1.52,0.0,1976.0,Cash,Phone call,Self pickup
O001544,2024-09-05,C0692,Retail farmer,V01,Chilli,Nursery bed,2200,1.07,0.0,2354.0,Cash,Phone call,Self pickup
O001545,2024-09-05,C0350,Retail farmer,V11,Capsicum,Pro-tray,1300,3.17,0.0,4121.0,UPI,Phone call,Self pickup
O001546,2024-09-05,C0693,Retail farmer,V11,Capsicum,Pro-tray,2100,3.16,0.0,6636.0,UPI,Walk-in,Van delivery
O001547,2024-09-05,C0694,Retail farmer,V12,Tomato,Pro-tray,1300,1.81,0.0,2353.0,Cash,Phone call,Self pickup
O001548,2024-09-05,C0182,Wholesale / dealer,V12,Tomato,Pro-tray,15400,1.77,12.0,23987.04,UPI,Walk-in,Van delivery
O001549,2024-09-05,C0695,Retail farmer,V16,Tobacco,Nursery bed,12300,0.12,1.3,1456.81,Cash,Walk-in,Van delivery
O001550,2024-09-06,C0696,Retail farmer,V10,Chilli,Nursery bed,1100,0.96,0.0,1056.0,Cash,WhatsApp,Van delivery
O001551,2024-09-06,C0082,Retail farmer,V05,Chilli,Nursery bed,2300,1.14,0.0,2622.0,Cash,Phone call,Self pickup
O001552,2024-09-06,C0070,Home gardener,V01,Chilli,Pro-tray,80,1.52,0.0,121.6,UPI,Phone call,Self pickup
O001553,2024-09-06,C0614,Retail farmer,V11,Capsicum,Pro-tray,1300,3.16,0.0,4108.0,UPI,Walk-in,Self pickup
O001554,2024-09-06,C0697,Home gardener,V11,Capsicum,Pro-tray,140,3.26,0.0,456.4,Cash,WhatsApp,Van delivery
O001555,2024-09-06,C0698,Retail farmer,V12,Tomato,Pro-tray,900,1.79,0.0,1611.0,Cash,Walk-in,Self pickup
O001556,2024-09-06,C0699,Retail farmer,V13,Brinjal,Pro-tray,900,1.18,0.0,1062.0,UPI,Phone call,Van delivery
O001557,2024-09-06,C0547,Retail farmer,V13,Brinjal,Pro-tray,500,1.22,0.0,610.0,Cash,Walk-in,Self pickup
O001558,2024-09-06,C0700,Retail farmer,V15,Marigold,Pro-tray,1000,1.69,0.0,1690.0,Cash,Walk-in,Self pickup
O001559,2024-09-06,C0701,Retail farmer,V16,Tobacco,Nursery bed,7000,0.12,1.8,824.88,Cash,Walk-in,Van delivery
O001560,2024-09-07,C0313,Retail farmer,V07,Chilli,Nursery bed,1000,0.86,0.0,860.0,UPI,Phone call,Self pickup
O001561,2024-09-07,C0702,Retail farmer,V01,Chilli,Nursery bed,1800,1.13,0.0,2034.0,Cash,Walk-in,Van delivery
O001562,2024-09-07,C0345,Retail farmer,V11,Capsicum,Pro-tray,600,3.18,0.0,1908.0,Cash,Walk-in,Self pickup
O001563,2024-09-07,C0665,Wholesale / dealer,V12,Tomato,Pro-tray,5200,1.77,10.1,8274.4,Cash,Phone call,Van delivery
O001564,2024-09-07,C0645,Home gardener,V12,Tomato,Pro-tray,100,1.84,0.0,184.0,Cash,Walk-in,Self pickup
O001565,2024-09-07,C0703,Wholesale / dealer,V16,Tobacco,Nursery bed,36600,0.12,8.6,4014.29,Credit,Walk-in,Van delivery
O001566,2024-09-08,C0704,Home gardener,V01,Chilli,Pro-tray,120,1.54,0.0,184.8,Cash,Walk-in,Self pickup
O001567,2024-09-08,C0705,Retail farmer,V07,Chilli,Nursery bed,1900,0.86,0.0,1634.0,UPI,WhatsApp,Self pickup
O001568,2024-09-08,C0706,Retail farmer,V02,Chilli,Nursery bed,4200,1.05,0.0,4410.0,Cash,Walk-in,Self pickup
O001569,2024-09-08,C0006,Retail farmer,V08,Chilli,Nursery bed,900,1.1,0.0,990.0,Cash,Phone call,Van delivery
O001570,2024-09-08,C0707,Retail farmer,V06,Chilli,Pro-tray,1000,1.27,0.0,1270.0,Cash,Walk-in,Self pickup
O001571,2024-09-08,C0417,Wholesale / dealer,V02,Chilli,Pro-tray,6600,1.53,10.0,9088.2,UPI,WhatsApp,Self pickup
O001572,2024-09-08,C0708,Retail farmer,V01,Chilli,Nursery bed,3400,1.12,0.0,3808.0,Cash,Walk-in,Van delivery
O001573,2024-09-08,C0017,Retail farmer,V01,Chilli,Nursery bed,2500,1.07,0.0,2675.0,Cash,Walk-in,Self pickup
O001574,2024-09-08,C0344,Retail farmer,V12,Tomato,Nursery bed,400,1.22,0.0,488.0,UPI,Phone call,Self pickup
O001575,2024-09-08,C0610,Retail farmer,V13,Brinjal,Nursery bed,1100,0.82,0.0,902.0,UPI,Phone call,Self pickup
O001576,2024-09-08,C0256,Wholesale / dealer,V14,Marigold,Pro-tray,3400,1.78,11.9,5331.81,Credit,Phone call,Self pickup
O001577,2024-09-08,C0709,Retail farmer,V16,Tobacco,Nursery bed,9500,0.12,0.8,1130.88,Cash,WhatsApp,Van delivery
O001578,2024-09-09,C0650,Retail farmer,V02,Chilli,Nursery bed,1600,1.03,0.0,1648.0,Cash,Phone call,Self pickup
O001579,2024-09-09,C0574,Home gardener,V05,Chilli,Pro-tray,170,1.64,0.0,278.8,Cash,WhatsApp,Self pickup
O001580,2024-09-09,C0477,Retail farmer,V01,Chilli,Nursery bed,2300,1.08,0.0,2484.0,Cash,Phone call,Self pickup
O001581,2024-09-09,C0154,Retail farmer,V07,Chilli,Pro-tray,1600,1.23,0.0,1968.0,Cash,Walk-in,Self pickup
O001582,2024-09-09,C0710,Home gardener,V01,Chilli,Pro-tray,40,1.51,0.0,60.4,UPI,Walk-in,Van delivery
O001583,2024-09-09,C0230,Retail farmer,V04,Chilli,Pro-tray,900,1.7,0.0,1530.0,Cash,Walk-in,Self pickup
O001584,2024-09-09,C0711,Retail farmer,V12,Tomato,Pro-tray,500,1.85,0.0,925.0,Cash,Walk-in,Self pickup
O001585,2024-09-09,C0486,Wholesale / dealer,V12,Tomato,Pro-tray,7600,1.82,8.8,12614.78,UPI,Phone call,Van delivery
O001586,2024-09-09,C0712,Retail farmer,V14,Marigold,Nursery bed,1100,1.27,0.0,1397.0,Cash,Walk-in,Self pickup
O001587,2024-09-09,C0009,Wholesale / dealer,V16,Tobacco,Nursery bed,22700,0.12,9.8,2457.05,Cash,Phone call,Van delivery
O001588,2024-09-09,C0198,Retail farmer,V16,Tobacco,Nursery bed,13500,0.12,0.0,1620.0,Cash,Phone call,Van delivery
O001589,2024-09-09,C0713,Wholesale / dealer,V16,Tobacco,Nursery bed,102000,0.12,10.8,10918.08,UPI,Phone call,Van delivery
O001590,2024-09-09,C0538,Retail farmer,V16,Tobacco,Nursery bed,8700,0.12,1.7,1026.25,UPI,Walk-in,Van delivery
O001591,2024-09-10,C0415,Retail farmer,V08,Chilli,Pro-tray,1100,1.57,0.0,1727.0,Cash,Walk-in,Self pickup
O001592,2024-09-10,C0361,Wholesale / dealer,V02,Chilli,Pro-tray,4400,1.51,8.3,6092.55,Cash,Phone call,Self pickup
O001593,2024-09-10,C0603,Wholesale / dealer,V03,Chilli,Nursery bed,1100,1.12,10.7,1100.18,Cash,Phone call,Self pickup
O001594,2024-09-10,C0714,Home gardener,V10,Chilli,Pro-tray,160,1.38,0.0,220.8,Cash,Walk-in,Self pickup
O001595,2024-09-10,C0091,Retail farmer,V07,Chilli,Pro-tray,3800,1.27,0.0,4826.0,UPI,Phone call,Self pickup
O001596,2024-09-10,C0715,Retail farmer,V10,Chilli,Pro-tray,1100,1.37,0.0,1507.0,UPI,Phone call,Self pickup
O001597,2024-09-10,C0220,Retail farmer,V12,Tomato,Nursery bed,1800,1.27,0.0,2286.0,Cash,Walk-in,Self pickup
O001598,2024-09-10,C0561,Retail farmer,V14,Marigold,Nursery bed,1300,1.32,0.0,1716.0,UPI,Walk-in,Self pickup
O001599,2024-09-10,C0716,Retail farmer,V16,Tobacco,Nursery bed,14100,0.12,2.0,1658.16,UPI,Phone call,Van delivery
O001600,2024-09-10,C0717,Retail farmer,V16,Tobacco,Nursery bed,8900,0.12,3.8,1027.42,Cash,Walk-in,Van delivery
O001601,2024-09-11,C0040,Retail farmer,V02,Chilli,Nursery bed,1600,1.03,0.0,1648.0,Credit,Walk-in,Self pickup
O001602,2024-09-11,C0650,Retail farmer,V10,Chilli,Pro-tray,700,1.31,0.0,917.0,Cash,Phone call,Self pickup
O001603,2024-09-11,C0503,Wholesale / dealer,V03,Chilli,Nursery bed,5600,1.17,10.3,5877.14,Credit,WhatsApp,Van delivery
O001604,2024-09-11,C0484,Retail farmer,V06,Chilli,Nursery bed,800,0.91,0.0,728.0,UPI,Phone call,Van delivery
O001605,2024-09-11,C0610,Retail farmer,V07,Chilli,Pro-tray,1100,1.23,0.0,1353.0,UPI,Walk-in,Self pickup
O001606,2024-09-11,C0004,Retail farmer,V09,Chilli,Pro-tray,1400,1.71,0.0,2394.0,UPI,Walk-in,Self pickup
O001607,2024-09-11,C0586,Retail farmer,V11,Capsicum,Pro-tray,400,3.25,0.0,1300.0,Cash,Walk-in,Self pickup
O001608,2024-09-11,C0022,Retail farmer,V12,Tomato,Nursery bed,800,1.23,0.0,984.0,UPI,Phone call,Self pickup
O001609,2024-09-11,C0718,Wholesale / dealer,V16,Tobacco,Nursery bed,29000,0.12,10.9,3100.68,Credit,WhatsApp,Van delivery
O001610,2024-09-11,C0578,Wholesale / dealer,V16,Tobacco,Nursery bed,48900,0.12,11.1,5216.65,UPI,Walk-in,Van delivery
O001611,2024-09-12,C0719,Retail farmer,V10,Chilli,Pro-tray,2000,1.31,0.0,2620.0,Cash,WhatsApp,Self pickup
O001612,2024-09-12,C0720,Retail farmer,V07,Chilli,Pro-tray,1800,1.28,0.0,2304.0,UPI,Phone call,Self pickup
O001613,2024-09-12,C0364,Retail farmer,V06,Chilli,Pro-tray,2200,1.27,0.0,2794.0,UPI,Phone call,Van delivery
O001614,2024-09-12,C0721,Retail farmer,V01,Chilli,Nursery bed,1400,1.08,0.0,1512.0,Cash,Phone call,Self pickup
O001615,2024-09-12,C0404,Wholesale / dealer,V11,Capsicum,Pro-tray,5700,3.22,10.4,16445.18,Credit,Phone call,Van delivery
O001616,2024-09-12,C0722,Retail farmer,V12,Tomato,Nursery bed,1500,1.27,0.0,1905.0,Cash,WhatsApp,Self pickup
O001617,2024-09-12,C0315,Retail farmer,V12,Tomato,Pro-tray,400,1.79,0.0,716.0,Cash,Phone call,Van delivery
O001618,2024-09-12,C0026,Retail farmer,V13,Brinjal,Nursery bed,1100,0.8,0.0,880.0,UPI,Phone call,Self pickup
O001619,2024-09-12,C0723,Retail farmer,V14,Marigold,Pro-tray,1500,1.8,0.0,2700.0,Cash,Walk-in,Self pickup
O001620,2024-09-12,C0724,Retail farmer,V16,Tobacco,Nursery bed,16400,0.12,3.6,1897.15,UPI,Walk-in,Van delivery
O001621,2024-09-12,C0725,Retail farmer,V16,Tobacco,Nursery bed,7000,0.12,1.3,829.08,Cash,Walk-in,Van delivery
O001622,2024-09-12,C0455,Retail farmer,V16,Tobacco,Nursery bed,11900,0.12,0.7,1418.0,UPI,WhatsApp,Self pickup
O001623,2024-09-13,C0347,Wholesale / dealer,V01,Chilli,Nursery bed,13900,1.11,9.2,14009.53,UPI,Phone call,Van delivery
O001624,2024-09-13,C0726,Retail farmer,V07,Chilli,Pro-tray,8300,1.25,3.2,10043.0,Cash,WhatsApp,Self pickup
O001625,2024-09-13,C0055,Retail farmer,V06,Chilli,Pro-tray,1300,1.3,0.0,1690.0,UPI,Walk-in,Self pickup
O001626,2024-09-13,C0727,Retail farmer,V01,Chilli,Nursery bed,2400,1.12,0.0,2688.0,Credit,Walk-in,Self pickup
O001627,2024-09-13,C0569,Retail farmer,V11,Capsicum,Pro-tray,500,3.17,0.0,1585.0,Cash,Phone call,Van delivery
O001628,2024-09-13,C0728,Retail farmer,V13,Brinjal,Pro-tray,1300,1.22,0.0,1586.0,UPI,Walk-in,Self pickup
O001629,2024-09-13,C0248,Wholesale / dealer,V16,Tobacco,Nursery bed,75900,0.12,8.7,8315.6,Credit,Phone call,Van delivery
O001630,2024-09-13,C0729,Wholesale / dealer,V16,Tobacco,Nursery bed,19600,0.12,8.9,2142.67,Cash,WhatsApp,Van delivery
O001631,2024-09-13,C0730,Retail farmer,V16,Tobacco,Nursery bed,2600,0.12,0.0,312.0,Credit,Walk-in,Self pickup
O001632,2024-09-13,C0036,Retail farmer,V16,Tobacco,Nursery bed,5600,0.12,3.0,651.84,UPI,Walk-in,Van delivery
O001633,2024-09-13,C0731,Wholesale / dealer,V16,Tobacco,Nursery bed,11800,0.12,9.3,1284.31,UPI,Walk-in,Van delivery
O001634,2024-09-13,C0732,Retail farmer,V16,Tobacco,Nursery bed,13800,0.12,1.9,1624.54,Cash,WhatsApp,Van delivery
O001635,2024-09-14,C0156,Retail farmer,V05,Chilli,Pro-tray,3300,1.58,0.0,5214.0,Credit,Walk-in,Self pickup
O001636,2024-09-14,C0733,Retail farmer,V07,Chilli,Nursery bed,700,0.85,0.0,595.0,Cash,Phone call,Self pickup
O001637,2024-09-14,C0734,Retail farmer,V10,Chilli,Pro-tray,1100,1.37,0.0,1507.0,UPI,Phone call,Self pickup
O001638,2024-09-14,C0142,Retail farmer,V03,Chilli,Pro-tray,1300,1.6,0.0,2080.0,UPI,WhatsApp,Van delivery
O001639,2024-09-14,C0315,Retail farmer,V02,Chilli,Nursery bed,1500,1.06,0.0,1590.0,UPI,Walk-in,Van delivery
O001640,2024-09-14,C0735,Home gardener,V12,Tomato,Pro-tray,120,1.82,0.0,218.4,Cash,Walk-in,Self pickup
O001641,2024-09-14,C0736,Retail farmer,V12,Tomato,Nursery bed,2300,1.26,0.0,2898.0,Cash,Walk-in,Self pickup
O001642,2024-09-14,C0220,Retail farmer,V16,Tobacco,Nursery bed,17300,0.12,3.1,2011.64,Cash,Phone call,Van delivery
O001643,2024-09-14,C0737,Retail farmer,V16,Tobacco,Nursery bed,8300,0.12,1.6,980.06,UPI,Phone call,Self pickup
O001644,2024-09-15,C0722,Retail farmer,V02,Chilli,Pro-tray,1600,1.53,0.0,2448.0,Credit,WhatsApp,Self pickup
O001645,2024-09-15,C0335,Retail farmer,V12,Tomato,Pro-tray,900,1.83,0.0,1647.0,UPI,Walk-in,Self pickup
O001646,2024-09-15,C0406,Retail farmer,V13,Brinjal,Pro-tray,1200,1.19,0.0,1428.0,UPI,Walk-in,Self pickup
O001647,2024-09-15,C0738,Retail farmer,V15,Marigold,Pro-tray,1600,1.67,0.0,2672.0,Credit,Walk-in,Self pickup
O001648,2024-09-15,C0739,Retail farmer,V16,Tobacco,Nursery bed,10600,0.12,0.7,1263.1,Cash,Walk-in,Van delivery
O001649,2024-09-15,C0233,Wholesale / dealer,V16,Tobacco,Nursery bed,30400,0.12,9.2,3312.38,Cash,Walk-in,Van delivery
O001650,2024-09-15,C0136,Retail farmer,V16,Tobacco,Nursery bed,8900,0.12,3.7,1028.48,Cash,Phone call,Van delivery
O001651,2024-09-15,C0740,Retail farmer,V16,Tobacco,Nursery bed,2500,0.12,0.0,300.0,UPI,Walk-in,Self pickup
O001652,2024-09-15,C0555,Wholesale / dealer,V16,Tobacco,Nursery bed,191700,0.12,10.8,20519.57,Cash,Walk-in,Self pickup
O001653,2024-09-15,C0174,Retail farmer,V16,Tobacco,Nursery bed,11200,0.12,1.2,1327.87,UPI,WhatsApp,Self pickup
O001654,2024-09-16,C0741,Retail farmer,V10,Chilli,Nursery bed,1100,0.98,0.0,1078.0,Cash,Phone call,Self pickup
O001655,2024-09-16,C0742,Retail farmer,V08,Chilli,Pro-tray,5800,1.52,0.8,8745.47,UPI,Phone call,Van delivery
O001656,2024-09-16,C0743,Retail farmer,V08,Chilli,Nursery bed,2100,1.1,0.0,2310.0,UPI,Walk-in,Self pickup
O001657,2024-09-16,C0278,Retail farmer,V07,Chilli,Pro-tray,700,1.27,0.0,889.0,Credit,Phone call,Self pickup
O001658,2024-09-16,C0233,Wholesale / dealer,V02,Chilli,Pro-tray,13000,1.46,9.2,17233.84,UPI,Walk-in,Self pickup
O001659,2024-09-16,C0405,Retail farmer,V04,Chilli,Nursery bed,500,1.21,0.0,605.0,Cash,Walk-in,Self pickup
O001660,2024-09-16,C0744,Retail farmer,V10,Chilli,Pro-tray,1600,1.39,0.0,2224.0,UPI,Walk-in,Van delivery
O001661,2024-09-16,C0685,Retail farmer,V02,Chilli,Nursery bed,4000,1.07,0.0,4280.0,Cash,WhatsApp,Van delivery
O001662,2024-09-16,C0745,Retail farmer,V08,Chilli,Nursery bed,1300,1.11,0.0,1443.0,UPI,Walk-in,Self pickup
O001663,2024-09-16,C0746,Home gardener,V11,Capsicum,Pro-tray,190,3.19,0.0,606.1,Cash,Walk-in,Self pickup
O001664,2024-09-16,C0068,Wholesale / dealer,V16,Tobacco,Nursery bed,57000,0.12,10.9,6094.44,Credit,Walk-in,Self pickup
O001665,2024-09-16,C0747,Retail farmer,V16,Tobacco,Nursery bed,16800,0.12,2.6,1963.58,UPI,Walk-in,Self pickup
O001666,2024-09-17,C0027,Retail farmer,V03,Chilli,Pro-tray,1700,1.67,0.0,2839.0,Cash,Phone call,Self pickup
O001667,2024-09-17,C0748,Retail farmer,V06,Chilli,Pro-tray,2000,1.26,0.0,2520.0,UPI,Walk-in,Self pickup
O001668,2024-09-17,C0749,Retail farmer,V06,Chilli,Pro-tray,500,1.34,0.0,670.0,Cash,Walk-in,Self pickup
O001669,2024-09-17,C0004,Retail farmer,V07,Chilli,Pro-tray,600,1.28,0.0,768.0,Cash,Walk-in,Self pickup
O001670,2024-09-17,C0750,Retail farmer,V07,Chilli,Nursery bed,1400,0.9,0.0,1260.0,Cash,Walk-in,Self pickup
O001671,2024-09-17,C0233,Wholesale / dealer,V07,Chilli,Pro-tray,10500,1.27,9.1,12121.52,Credit,Walk-in,Van delivery
O001672,2024-09-17,C0751,Retail farmer,V13,Brinjal,Pro-tray,1200,1.22,0.0,1464.0,Cash,Walk-in,Self pickup
O001673,2024-09-17,C0540,Retail farmer,V14,Marigold,Nursery bed,1500,1.31,0.0,1965.0,Credit,Phone call,Van delivery
O001674,2024-09-17,C0752,Retail farmer,V16,Tobacco,Nursery bed,4800,0.12,0.0,576.0,Credit,Walk-in,Van delivery
O001675,2024-09-17,C0004,Retail farmer,V16,Tobacco,Nursery bed,3900,0.12,0.0,468.0,UPI,WhatsApp,Self pickup
O001676,2024-09-17,C0009,Wholesale / dealer,V16,Tobacco,Nursery bed,16400,0.12,8.2,1806.62,Credit,Walk-in,Van delivery
O001677,2024-09-18,C0268,Retail farmer,V03,Chilli,Pro-tray,1700,1.67,0.0,2839.0,Cash,Walk-in,Self pickup
O001678,2024-09-18,C0485,Wholesale / dealer,V08,Chilli,Pro-tray,10900,1.57,11.8,15093.67,Cash,Phone call,Van delivery
O001679,2024-09-18,C0753,Retail farmer,V08,Chilli,Pro-tray,500,1.52,0.0,760.0,Cash,Walk-in,Self pickup
O001680,2024-09-18,C0083,Wholesale / dealer,V05,Chilli,Nursery bed,5300,1.13,9.9,5396.09,Cash,WhatsApp,Van delivery
O001681,2024-09-18,C0754,Retail farmer,V08,Chilli,Nursery bed,3100,1.08,0.0,3348.0,UPI,Walk-in,Van delivery
O001682,2024-09-18,C0452,Retail farmer,V07,Chilli,Pro-tray,1700,1.22,0.0,2074.0,Cash,Phone call,Self pickup
O001683,2024-09-18,C0755,Retail farmer,V03,Chilli,Pro-tray,1900,1.67,0.0,3173.0,UPI,Walk-in,Self pickup
O001684,2024-09-18,C0517,Retail farmer,V09,Chilli,Pro-tray,2200,1.66,0.0,3652.0,Cash,Phone call,Self pickup
O001685,2024-09-18,C0124,Retail farmer,V11,Capsicum,Pro-tray,800,3.12,0.0,2496.0,Cash,Phone call,Self pickup
O001686,2024-09-18,C0107,Retail farmer,V12,Tomato,Nursery bed,1900,1.21,0.0,2299.0,Credit,Phone call,Self pickup
O001687,2024-09-18,C0756,Retail farmer,V12,Tomato,Nursery bed,1500,1.27,0.0,1905.0,Cash,WhatsApp,Self pickup
O001688,2024-09-18,C0652,Retail farmer,V12,Tomato,Pro-tray,3000,1.84,0.0,5520.0,UPI,Phone call,Self pickup
O001689,2024-09-18,C0757,Retail farmer,V12,Tomato,Pro-tray,2400,1.76,0.0,4224.0,Cash,Phone call,Self pickup
O001690,2024-09-18,C0501,Wholesale / dealer,V16,Tobacco,Nursery bed,35000,0.12,11.7,3708.6,Credit,Walk-in,Self pickup
O001691,2024-09-18,C0188,Retail farmer,V16,Tobacco,Nursery bed,6700,0.12,1.3,793.55,UPI,Phone call,Self pickup
O001692,2024-09-18,C0224,Wholesale / dealer,V16,Tobacco,Nursery bed,29300,0.12,10.1,3160.88,Credit,Walk-in,Van delivery
O001693,2024-09-19,C0758,Wholesale / dealer,V02,Chilli,Pro-tray,14900,1.47,11.8,19318.45,Credit,Walk-in,Van delivery
O001694,2024-09-19,C0759,Home gardener,V02,Chilli,Pro-tray,130,1.46,0.0,189.8,Cash,Walk-in,Self pickup
O001695,2024-09-19,C0162,Retail farmer,V06,Chilli,Pro-tray,1900,1.28,0.0,2432.0,UPI,Phone call,Self pickup
O001696,2024-09-19,C0209,Retail farmer,V01,Chilli,Nursery bed,1900,1.12,0.0,2128.0,Cash,Walk-in,Van delivery
O001697,2024-09-19,C0760,Retail farmer,V05,Chilli,Pro-tray,1100,1.56,0.0,1716.0,Cash,Phone call,Self pickup
O001698,2024-09-19,C0188,Retail farmer,V06,Chilli,Nursery bed,5900,0.88,3.4,5015.47,Cash,Walk-in,Van delivery
O001699,2024-09-19,C0503,Wholesale / dealer,V01,Chilli,Nursery bed,10800,1.07,9.3,10481.29,Credit,Walk-in,Van delivery
O001700,2024-09-19,C0761,Home gardener,V12,Tomato,Pro-tray,170,1.82,0.0,309.4,Cash,WhatsApp,Self pickup
O001701,2024-09-19,C0654,Retail farmer,V12,Tomato,Pro-tray,900,1.8,0.0,1620.0,Credit,WhatsApp,Self pickup
O001702,2024-09-19,C0290,Retail farmer,V15,Marigold,Nursery bed,1300,1.29,0.0,1677.0,Cash,Walk-in,Self pickup
O001703,2024-09-20,C0762,Wholesale / dealer,V01,Chilli,Pro-tray,6600,1.57,11.3,9191.09,Credit,Walk-in,Van delivery
O001704,2024-09-20,C0553,Retail farmer,V02,Chilli,Nursery bed,1800,1.07,0.0,1926.0,UPI,Phone call,Self pickup
O001705,2024-09-20,C0223,Retail farmer,V09,Chilli,Pro-tray,1500,1.74,0.0,2610.0,UPI,Walk-in,Self pickup
O001706,2024-09-20,C0763,Retail farmer,V03,Chilli,Pro-tray,3200,1.64,0.0,5248.0,Cash,Walk-in,Self pickup
O001707,2024-09-20,C0764,Retail farmer,V01,Chilli,Pro-tray,1800,1.57,0.0,2826.0,Credit,Phone call,Self pickup
O001708,2024-09-20,C0765,Retail farmer,V07,Chilli,Pro-tray,1900,1.27,0.0,2413.0,UPI,Walk-in,Self pickup
O001709,2024-09-20,C0536,Retail farmer,V11,Capsicum,Pro-tray,1400,3.23,0.0,4522.0,Cash,Phone call,Van delivery
O001710,2024-09-20,C0245,Retail farmer,V12,Tomato,Pro-tray,800,1.81,0.0,1448.0,Cash,Phone call,Self pickup
O001711,2024-09-20,C0114,Retail farmer,V15,Marigold,Pro-tray,1800,1.75,0.0,3150.0,UPI,Phone call,Self pickup
O001712,2024-09-20,C0373,Retail farmer,V14,Marigold,Pro-tray,2300,1.78,0.0,4094.0,UPI,Walk-in,Self pickup
O001713,2024-09-20,C0766,Retail farmer,V15,Marigold,Nursery bed,1100,1.25,0.0,1375.0,Cash,Walk-in,Van delivery
O001714,2024-09-20,C0030,Retail farmer,V16,Tobacco,Nursery bed,12600,0.12,1.9,1483.27,Cash,Walk-in,Self pickup
O001715,2024-09-20,C0283,Retail farmer,V16,Tobacco,Nursery bed,6300,0.12,2.8,734.83,Credit,Walk-in,Van delivery
O001716,2024-09-20,C0767,Retail farmer,V16,Tobacco,Nursery bed,6100,0.12,2.7,712.24,Cash,WhatsApp,Self pickup
O001717,2024-09-21,C0577,Wholesale / dealer,V04,Chilli,Nursery bed,6400,1.19,10.7,6801.09,Cash,Walk-in,Van delivery
O001718,2024-09-21,C0417,Wholesale / dealer,V07,Chilli,Pro-tray,9600,1.22,8.1,10763.33,UPI,Walk-in,Self pickup
O001719,2024-09-21,C0767,Retail farmer,V06,Chilli,Nursery bed,5500,0.92,2.2,4948.68,UPI,WhatsApp,Van delivery
O001720,2024-09-21,C0691,Retail farmer,V03,Chilli,Pro-tray,1100,1.69,0.0,1859.0,UPI,WhatsApp,Self pickup
O001721,2024-09-21,C0768,Retail farmer,V02,Chilli,Pro-tray,1900,1.53,0.0,2907.0,Cash,Walk-in,Self pickup
O001722,2024-09-21,C0278,Retail farmer,V01,Chilli,Pro-tray,600,1.57,0.0,942.0,Credit,Walk-in,Self pickup
O001723,2024-09-21,C0769,Wholesale / dealer,V12,Tomato,Pro-tray,4700,1.81,10.1,7647.79,Credit,Walk-in,Self pickup
O001724,2024-09-21,C0770,Retail farmer,V16,Tobacco,Nursery bed,11600,0.12,1.3,1373.9,Cash,Walk-in,Self pickup
O001725,2024-09-21,C0771,Retail farmer,V16,Tobacco,Nursery bed,17000,0.12,4.0,1958.4,Cash,Walk-in,Van delivery
O001726,2024-09-21,C0772,Retail farmer,V16,Tobacco,Nursery bed,6400,0.12,1.3,758.02,Credit,Walk-in,Self pickup
O001727,2024-09-21,C0773,Wholesale / dealer,V16,Tobacco,Nursery bed,48000,0.12,9.6,5207.04,Credit,Phone call,Van delivery
O001728,2024-09-22,C0245,Retail farmer,V06,Chilli,Nursery bed,2300,0.89,0.0,2047.0,UPI,WhatsApp,Self pickup
O001729,2024-09-22,C0774,Retail farmer,V02,Chilli,Pro-tray,1300,1.51,0.0,1963.0,Cash,Walk-in,Self pickup
O001730,2024-09-22,C0775,Retail farmer,V08,Chilli,Nursery bed,1600,1.11,0.0,1776.0,UPI,Walk-in,Self pickup
O001731,2024-09-22,C0776,Retail farmer,V01,Chilli,Pro-tray,1200,1.6,0.0,1920.0,Cash,Walk-in,Self pickup
O001732,2024-09-22,C0315,Retail farmer,V01,Chilli,Nursery bed,2600,1.09,0.0,2834.0,Credit,Walk-in,Van delivery
O001733,2024-09-22,C0777,Retail farmer,V02,Chilli,Nursery bed,5000,1.08,3.3,5221.8,Cash,Walk-in,Van delivery
O001734,2024-09-22,C0778,Retail farmer,V09,Chilli,Nursery bed,1800,1.2,0.0,2160.0,UPI,Walk-in,Self pickup
O001735,2024-09-22,C0069,Retail farmer,V04,Chilli,Nursery bed,1300,1.18,0.0,1534.0,Cash,WhatsApp,Self pickup
O001736,2024-09-22,C0068,Wholesale / dealer,V11,Capsicum,Pro-tray,3300,3.17,8.3,9592.74,Credit,WhatsApp,Self pickup
O001737,2024-09-22,C0154,Retail farmer,V11,Capsicum,Pro-tray,500,3.23,0.0,1615.0,Credit,Walk-in,Self pickup
O001738,2024-09-22,C0779,Home gardener,V12,Tomato,Pro-tray,110,1.78,0.0,195.8,UPI,Phone call,Self pickup
O001739,2024-09-22,C0418,Wholesale / dealer,V12,Tomato,Pro-tray,4800,1.83,10.2,7888.03,Credit,WhatsApp,Van delivery
O001740,2024-09-22,C0333,Retail farmer,V12,Tomato,Pro-tray,1900,1.82,0.0,3458.0,UPI,Walk-in,Self pickup
O001741,2024-09-22,C0295,Retail farmer,V12,Tomato,Nursery bed,1200,1.22,0.0,1464.0,Cash,Walk-in,Self pickup
O001742,2024-09-22,C0780,Retail farmer,V12,Tomato,Pro-tray,2200,1.77,0.0,3894.0,Cash,Walk-in,Self pickup
O001743,2024-09-22,C0198,Retail farmer,V16,Tobacco,Nursery bed,8400,0.12,1.3,994.9,Cash,Walk-in,Van delivery
O001744,2024-09-22,C0555,Wholesale / dealer,V16,Tobacco,Nursery bed,96800,0.12,10.5,10396.32,UPI,Walk-in,Van delivery
O001745,2024-09-22,C0083,Wholesale / dealer,V16,Tobacco,Nursery bed,51500,0.12,9.0,5623.8,Credit,Walk-in,Self pickup
O001746,2024-09-22,C0781,Retail farmer,V16,Tobacco,Nursery bed,7000,0.12,1.6,826.56,UPI,Walk-in,Van delivery
O001747,2024-09-22,C0782,Retail farmer,V16,Tobacco,Nursery bed,3200,0.12,0.0,384.0,UPI,WhatsApp,Self pickup
O001748,2024-09-23,C0364,Retail farmer,V10,Chilli,Nursery bed,1500,0.95,0.0,1425.0,Cash,Phone call,Van delivery
O001749,2024-09-23,C0023,Retail farmer,V09,Chilli,Nursery bed,900,1.18,0.0,1062.0,Credit,Walk-in,Self pickup
O001750,2024-09-23,C0268,Retail farmer,V02,Chilli,Pro-tray,800,1.52,0.0,1216.0,UPI,Phone call,Self pickup
O001751,2024-09-23,C0418,Wholesale / dealer,V10,Chilli,Pro-tray,14300,1.39,11.2,17650.78,Cash,Phone call,Self pickup
O001752,2024-09-23,C0621,Retail farmer,V08,Chilli,Pro-tray,3200,1.56,0.0,4992.0,UPI,Walk-in,Van delivery
O001753,2024-09-23,C0774,Retail farmer,V12,Tomato,Nursery bed,1800,1.27,0.0,2286.0,UPI,Walk-in,Self pickup
O001754,2024-09-23,C0573,Retail farmer,V13,Brinjal,Nursery bed,900,0.8,0.0,720.0,Credit,WhatsApp,Self pickup
O001755,2024-09-23,C0243,Retail farmer,V13,Brinjal,Nursery bed,1500,0.79,0.0,1185.0,UPI,WhatsApp,Self pickup
O001756,2024-09-23,C0783,Retail farmer,V15,Marigold,Nursery bed,700,1.27,0.0,889.0,Cash,Phone call,Self pickup
O001757,2024-09-23,C0548,Retail farmer,V16,Tobacco,Nursery bed,11600,0.12,3.1,1348.85,Cash,Walk-in,Van delivery
O001758,2024-09-23,C0784,Retail farmer,V16,Tobacco,Nursery bed,5400,0.12,1.4,638.93,UPI,Walk-in,Self pickup
O001759,2024-09-24,C0475,Wholesale / dealer,V01,Chilli,Nursery bed,4700,1.12,11.3,4669.17,Cash,Walk-in,Self pickup
O001760,2024-09-24,C0091,Retail farmer,V03,Chilli,Nursery bed,1000,1.18,0.0,1180.0,UPI,Walk-in,Self pickup
O001761,2024-09-24,C0089,Retail farmer,V03,Chilli,Nursery bed,1200,1.15,0.0,1380.0,UPI,Phone call,Self pickup
O001762,2024-09-24,C0748,Retail farmer,V06,Chilli,Pro-tray,1000,1.28,0.0,1280.0,Cash,Phone call,Self pickup
O001763,2024-09-24,C0785,Retail farmer,V05,Chilli,Pro-tray,1100,1.61,0.0,1771.0,Cash,Phone call,Self pickup
O001764,2024-09-24,C0059,Retail farmer,V13,Brinjal,Nursery bed,700,0.82,0.0,574.0,UPI,Walk-in,Self pickup
O001765,2024-09-24,C0032,Retail farmer,V15,Marigold,Pro-tray,900,1.74,0.0,1566.0,Cash,WhatsApp,Self pickup
O001766,2024-09-24,C0262,Wholesale / dealer,V16,Tobacco,Nursery bed,39600,0.12,11.4,4210.27,Cash,Walk-in,Self pickup
O001767,2024-09-24,C0204,Retail farmer,V16,Tobacco,Nursery bed,8700,0.12,0.4,1039.82,Cash,Walk-in,Self pickup
O001768,2024-09-24,C0786,Retail farmer,V16,Tobacco,Nursery bed,4300,0.12,0.0,516.0,Credit,Walk-in,Self pickup
O001769,2024-09-25,C0787,Retail farmer,V01,Chilli,Nursery bed,1000,1.1,0.0,1100.0,Cash,Phone call,Self pickup
O001770,2024-09-25,C0127,Retail farmer,V11,Capsicum,Pro-tray,2500,3.26,0.0,8150.0,UPI,Phone call,Self pickup
O001771,2024-09-25,C0788,Retail farmer,V11,Capsicum,Pro-tray,500,3.24,0.0,1620.0,UPI,Walk-in,Self pickup
O001772,2024-09-25,C0789,Retail farmer,V13,Brinjal,Nursery bed,800,0.78,0.0,624.0,Cash,Walk-in,Van delivery
O001773,2024-09-25,C0005,Wholesale / dealer,V14,Marigold,Pro-tray,9100,1.79,9.9,14676.39,UPI,Walk-in,Van delivery
O001774,2024-09-25,C0790,Retail farmer,V16,Tobacco,Nursery bed,11100,0.12,3.9,1280.05,Cash,Walk-in,Van delivery
O001775,2024-09-26,C0435,Retail farmer,V01,Chilli,Pro-tray,1500,1.54,0.0,2310.0,Cash,Walk-in,Self pickup
O001776,2024-09-26,C0348,Retail farmer,V10,Chilli,Pro-tray,1000,1.39,0.0,1390.0,UPI,Walk-in,Self pickup
O001777,2024-09-26,C0182,Wholesale / dealer,V02,Chilli,Pro-tray,4300,1.5,11.8,5688.9,Cash,Phone call,Self pickup
O001778,2024-09-26,C0791,Retail farmer,V05,Chilli,Nursery bed,600,1.09,0.0,654.0,Cash,Phone call,Self pickup
O001779,2024-09-26,C0581,Wholesale / dealer,V11,Capsicum,Pro-tray,2500,3.14,11.3,6962.95,Cash,WhatsApp,Self pickup
O001780,2024-09-26,C0235,Retail farmer,V12,Tomato,Pro-tray,500,1.82,0.0,910.0,Credit,Phone call,Self pickup
O001781,2024-09-26,C0515,Retail farmer,V12,Tomato,Nursery bed,1300,1.25,0.0,1625.0,Cash,Phone call,Self pickup
O001782,2024-09-26,C0792,Retail farmer,V13,Brinjal,Pro-tray,600,1.18,0.0,708.0,UPI,Walk-in,Self pickup
O001783,2024-09-26,C0529,Retail farmer,V13,Brinjal,Pro-tray,2300,1.21,0.0,2783.0,UPI,Phone call,Self pickup
O001784,2024-09-26,C0793,Retail farmer,V13,Brinjal,Pro-tray,700,1.22,0.0,854.0,UPI,Phone call,Self pickup
O001785,2024-09-26,C0026,Retail farmer,V16,Tobacco,Nursery bed,9900,0.12,3.6,1145.23,UPI,Phone call,Van delivery
O001786,2024-09-26,C0374,Retail farmer,V16,Tobacco,Nursery bed,14900,0.12,0.7,1775.48,Cash,Phone call,Van delivery
O001787,2024-09-26,C0182,Wholesale / dealer,V16,Tobacco,Nursery bed,25300,0.12,10.3,2723.29,UPI,Walk-in,Van delivery
O001788,2024-09-26,C0118,Retail farmer,V16,Tobacco,Nursery bed,4900,0.12,0.0,588.0,UPI,Phone call,Self pickup
O001789,2024-09-26,C0716,Retail farmer,V16,Tobacco,Nursery bed,12500,0.12,2.3,1465.5,Cash,Phone call,Van delivery
O001790,2024-09-27,C0162,Retail farmer,V08,Chilli,Pro-tray,600,1.54,0.0,924.0,UPI,Walk-in,Self pickup
O001791,2024-09-27,C0256,Wholesale / dealer,V06,Chilli,Pro-tray,6500,1.33,8.6,7901.53,UPI,Phone call,Van delivery
O001792,2024-09-27,C0475,Wholesale / dealer,V06,Chilli,Pro-tray,6200,1.32,11.9,7210.1,Credit,Walk-in,Van delivery
O001793,2024-09-27,C0794,Retail farmer,V11,Capsicum,Pro-tray,400,3.12,0.0,1248.0,Cash,Phone call,Self pickup
O001794,2024-09-27,C0795,Retail farmer,V13,Brinjal,Nursery bed,800,0.79,0.0,632.0,Cash,Phone call,Self pickup
O001795,2024-09-27,C0650,Retail farmer,V16,Tobacco,Nursery bed,17100,0.12,1.3,2025.32,UPI,Walk-in,Van delivery
O001796,2024-09-27,C0796,Retail farmer,V16,Tobacco,Nursery bed,3100,0.12,0.0,372.0,UPI,Phone call,Self pickup
O001797,2024-09-28,C0399,Retail farmer,V09,Chilli,Nursery bed,900,1.24,0.0,1116.0,UPI,Phone call,Self pickup
O001798,2024-09-28,C0675,Retail farmer,V10,Chilli,Pro-tray,1400,1.34,0.0,1876.0,Cash,Walk-in,Self pickup
O001799,2024-09-28,C0046,Wholesale / dealer,V01,Chilli,Nursery bed,5200,1.07,8.8,5074.37,Cash,WhatsApp,Van delivery
O001800,2024-09-28,C0361,Wholesale / dealer,V07,Chilli,Nursery bed,5700,0.89,8.6,4636.72,Cash,Phone call,Van delivery
O001801,2024-09-28,C0797,Retail farmer,V01,Chilli,Pro-tray,3900,1.56,0.0,6084.0,UPI,Phone call,Self pickup
O001802,2024-09-28,C0798,Retail farmer,V07,Chilli,Pro-tray,1400,1.23,0.0,1722.0,Cash,Phone call,Self pickup
O001803,2024-09-28,C0414,Wholesale / dealer,V11,Capsicum,Pro-tray,2800,3.21,9.7,8116.16,UPI,Walk-in,Self pickup
O001804,2024-09-28,C0380,Retail farmer,V11,Capsicum,Pro-tray,900,3.17,0.0,2853.0,Cash,WhatsApp,Self pickup
O001805,2024-09-28,C0239,Retail farmer,V12,Tomato,Pro-tray,800,1.77,0.0,1416.0,Cash,Walk-in,Self pickup
O001806,2024-09-28,C0379,Retail farmer,V12,Tomato,Pro-tray,700,1.85,0.0,1295.0,Credit,Walk-in,Self pickup
O001807,2024-09-28,C0299,Retail farmer,V12,Tomato,Pro-tray,1200,1.83,0.0,2196.0,UPI,Walk-in,Self pickup
O001808,2024-09-28,C0101,Retail farmer,V13,Brinjal,Nursery bed,600,0.78,0.0,468.0,Cash,Phone call,Self pickup
O001809,2024-09-28,C0799,Home gardener,V15,Marigold,Pro-tray,20,1.66,0.0,33.2,Cash,Phone call,Self pickup
O001810,2024-09-28,C0220,Retail farmer,V15,Marigold,Pro-tray,1500,1.71,0.0,2565.0,UPI,Walk-in,Self pickup
O001811,2024-09-28,C0266,Wholesale / dealer,V16,Tobacco,Nursery bed,39000,0.12,10.0,4212.0,Cash,Phone call,Van delivery
O001812,2024-09-29,C0686,Retail farmer,V02,Chilli,Pro-tray,1100,1.49,0.0,1639.0,Cash,Phone call,Self pickup
O001813,2024-09-29,C0800,Home gardener,V02,Chilli,Pro-tray,150,1.47,0.0,220.5,UPI,Phone call,Self pickup
O001814,2024-09-29,C0685,Retail farmer,V04,Chilli,Pro-tray,2000,1.7,0.0,3400.0,Cash,WhatsApp,Self pickup
O001815,2024-09-29,C0064,Retail farmer,V02,Chilli,Pro-tray,800,1.54,0.0,1232.0,UPI,Walk-in,Self pickup
O001816,2024-09-29,C0661,Wholesale / dealer,V08,Chilli,Nursery bed,5700,1.07,11.8,5379.32,UPI,Phone call,Self pickup
O001817,2024-09-29,C0720,Retail farmer,V09,Chilli,Pro-tray,2100,1.71,0.0,3591.0,Cash,WhatsApp,Van delivery
O001818,2024-09-29,C0801,Retail farmer,V09,Chilli,Nursery bed,3400,1.2,0.0,4080.0,UPI,Walk-in,Van delivery
O001819,2024-09-29,C0719,Retail farmer,V03,Chilli,Pro-tray,1100,1.7,0.0,1870.0,UPI,WhatsApp,Self pickup
O001820,2024-09-29,C0802,Home gardener,V03,Chilli,Pro-tray,170,1.65,0.0,280.5,UPI,Walk-in,Self pickup
O001821,2024-09-29,C0001,Retail farmer,V11,Capsicum,Nursery bed,700,2.4,0.0,1680.0,UPI,WhatsApp,Self pickup
O001822,2024-09-29,C0378,Retail farmer,V11,Capsicum,Pro-tray,400,3.21,0.0,1284.0,UPI,Phone call,Self pickup
O001823,2024-09-29,C0803,Wholesale / dealer,V11,Capsicum,Pro-tray,2700,3.11,11.1,7464.93,UPI,Walk-in,Self pickup
O001824,2024-09-29,C0804,Retail farmer,V13,Brinjal,Pro-tray,800,1.18,0.0,944.0,Cash,Walk-in,Van delivery
O001825,2024-09-29,C0805,Retail farmer,V14,Marigold,Pro-tray,2300,1.81,0.0,4163.0,Credit,Phone call,Self pickup
O001826,2024-09-29,C0806,Retail farmer,V15,Marigold,Pro-tray,1200,1.67,0.0,2004.0,Cash,WhatsApp,Self pickup
O001827,2024-09-29,C0807,Retail farmer,V16,Tobacco,Nursery bed,17500,0.12,0.8,2083.2,UPI,Walk-in,Van delivery
O001828,2024-09-29,C0808,Retail farmer,V16,Tobacco,Nursery bed,2600,0.12,0.0,312.0,Cash,WhatsApp,Self pickup
O001829,2024-09-29,C0809,Retail farmer,V16,Tobacco,Nursery bed,24500,0.12,1.4,2898.84,Cash,WhatsApp,Self pickup
O001830,2024-09-30,C0174,Retail farmer,V07,Chilli,Pro-tray,1200,1.28,0.0,1536.0,UPI,Walk-in,Self pickup
O001831,2024-09-30,C0810,Retail farmer,V01,Chilli,Pro-tray,1200,1.55,0.0,1860.0,UPI,Walk-in,Self pickup
O001832,2024-09-30,C0032,Retail farmer,V01,Chilli,Pro-tray,600,1.55,0.0,930.0,Cash,WhatsApp,Self pickup
O001833,2024-09-30,C0217,Retail farmer,V11,Capsicum,Pro-tray,1500,3.18,0.0,4770.0,Cash,Phone call,Self pickup
O001834,2024-09-30,C0584,Retail farmer,V11,Capsicum,Pro-tray,1000,3.21,0.0,3210.0,UPI,Walk-in,Self pickup
O001835,2024-09-30,C0811,Retail farmer,V12,Tomato,Pro-tray,2000,1.77,0.0,3540.0,Cash,Walk-in,Self pickup
O001836,2024-09-30,C0433,Retail farmer,V12,Tomato,Nursery bed,6300,1.21,2.3,7447.67,Cash,Phone call,Van delivery
O001837,2024-09-30,C0232,Home gardener,V12,Tomato,Pro-tray,180,1.77,0.0,318.6,UPI,Phone call,Van delivery
O001838,2024-09-30,C0812,Wholesale / dealer,V16,Tobacco,Nursery bed,23300,0.12,8.5,2558.34,Credit,Walk-in,Van delivery
O001839,2024-09-30,C0813,Retail farmer,V16,Tobacco,Nursery bed,4600,0.12,0.0,552.0,Cash,Walk-in,Self pickup
O001840,2024-09-30,C0237,Retail farmer,V16,Tobacco,Nursery bed,5600,0.12,2.5,655.2,Cash,Walk-in,Van delivery
O001841,2024-09-30,C0056,Retail farmer,V16,Tobacco,Nursery bed,14600,0.12,3.8,1685.42,UPI,Walk-in,Van delivery
O001842,2024-10-01,C0209,Retail farmer,V05,Chilli,Nursery bed,1600,1.12,0.0,1792.0,Credit,Walk-in,Van delivery
O001843,2024-10-01,C0238,Retail farmer,V01,Chilli,Pro-tray,1500,1.57,0.0,2355.0,Credit,Phone call,Self pickup
O001844,2024-10-01,C0526,Retail farmer,V09,Chilli,Pro-tray,1000,1.73,0.0,1730.0,UPI,Phone call,Self pickup
O001845,2024-10-01,C0446,Home gardener,V07,Chilli,Pro-tray,70,1.28,0.0,89.6,UPI,Walk-in,Van delivery
O001846,2024-10-01,C0814,Retail farmer,V07,Chilli,Nursery bed,1000,0.9,0.0,900.0,UPI,WhatsApp,Van delivery
O001847,2024-10-01,C0815,Retail farmer,V11,Capsicum,Pro-tray,300,3.14,0.0,942.0,UPI,Phone call,Self pickup
O001848,2024-10-01,C0335,Retail farmer,V12,Tomato,Pro-tray,1800,1.75,0.0,3150.0,Credit,Phone call,Self pickup
O001849,2024-10-01,C0031,Retail farmer,V12,Tomato,Nursery bed,1000,1.25,0.0,1250.0,UPI,Walk-in,Self pickup
O001850,2024-10-01,C0549,Retail farmer,V15,Marigold,Nursery bed,600,1.25,0.0,750.0,Cash,Walk-in,Self pickup
O001851,2024-10-01,C0816,Retail farmer,V15,Marigold,Pro-tray,1000,1.66,0.0,1660.0,Cash,Walk-in,Self pickup
O001852,2024-10-02,C0817,Retail farmer,V01,Chilli,Pro-tray,2500,1.58,0.0,3950.0,UPI,Walk-in,Self pickup
O001853,2024-10-02,C0262,Wholesale / dealer,V02,Chilli,Pro-tray,6700,1.51,8.5,9257.06,Credit,Walk-in,Self pickup
O001854,2024-10-02,C0528,Retail farmer,V03,Chilli,Nursery bed,800,1.18,0.0,944.0,Cash,Walk-in,Self pickup
O001855,2024-10-02,C0212,Wholesale / dealer,V01,Chilli,Nursery bed,9800,1.12,8.8,10010.11,Credit,Walk-in,Van delivery
O001856,2024-10-02,C0818,Retail farmer,V06,Chilli,Pro-tray,1600,1.27,0.0,2032.0,Cash,WhatsApp,Van delivery
O001857,2024-10-02,C0014,Home gardener,V11,Capsicum,Pro-tray,100,3.26,0.0,326.0,Cash,Phone call,Self pickup
O001858,2024-10-02,C0637,Retail farmer,V11,Capsicum,Pro-tray,800,3.23,0.0,2584.0,UPI,Walk-in,Self pickup
O001859,2024-10-02,C0819,Wholesale / dealer,V13,Brinjal,Pro-tray,7000,1.17,11.7,7231.77,Credit,Walk-in,Van delivery
O001860,2024-10-02,C0793,Retail farmer,V16,Tobacco,Nursery bed,21600,0.12,0.9,2568.67,UPI,Walk-in,Self pickup
O001861,2024-10-03,C0820,Retail farmer,V01,Chilli,Pro-tray,1400,1.59,0.0,2226.0,UPI,Phone call,Self pickup
O001862,2024-10-03,C0273,Retail farmer,V05,Chilli,Pro-tray,2100,1.57,0.0,3297.0,Cash,Walk-in,Self pickup
O001863,2024-10-03,C0821,Retail farmer,V08,Chilli,Pro-tray,2800,1.57,0.0,4396.0,Credit,Walk-in,Self pickup
O001864,2024-10-03,C0620,Retail farmer,V01,Chilli,Pro-tray,2400,1.52,0.0,3648.0,Cash,Walk-in,Self pickup
O001865,2024-10-03,C0822,Home gardener,V03,Chilli,Pro-tray,170,1.61,0.0,273.7,Cash,Walk-in,Van delivery
O001866,2024-10-03,C0371,Retail farmer,V10,Chilli,Nursery bed,1900,0.97,0.0,1843.0,UPI,Phone call,Self pickup
O001867,2024-10-03,C0823,Retail farmer,V02,Chilli,Nursery bed,800,1.04,0.0,832.0,UPI,Walk-in,Self pickup
O001868,2024-10-03,C0185,Retail farmer,V11,Capsicum,Pro-tray,500,3.21,0.0,1605.0,Cash,Walk-in,Self pickup
O001869,2024-10-03,C0480,Retail farmer,V16,Tobacco,Nursery bed,12600,0.12,3.5,1459.08,UPI,Walk-in,Self pickup
O001870,2024-10-04,C0279,Retail farmer,V06,Chilli,Pro-tray,1400,1.28,0.0,1792.0,UPI,Phone call,Self pickup
O001871,2024-10-04,C0079,Wholesale / dealer,V06,Chilli,Nursery bed,3000,0.9,9.1,2454.3,Cash,Phone call,Self pickup
O001872,2024-10-04,C0696,Retail farmer,V03,Chilli,Pro-tray,2400,1.67,0.0,4008.0,Credit,Walk-in,Self pickup
O001873,2024-10-04,C0824,Retail farmer,V12,Tomato,Pro-tray,600,1.76,0.0,1056.0,UPI,Phone call,Self pickup
O001874,2024-10-04,C0825,Retail farmer,V15,Marigold,Nursery bed,700,1.23,0.0,861.0,Cash,Walk-in,Self pickup
O001875,2024-10-05,C0292,Wholesale / dealer,V06,Chilli,Pro-tray,5500,1.32,11.4,6432.36,Credit,WhatsApp,Van delivery
O001876,2024-10-05,C0692,Retail farmer,V09,Chilli,Nursery bed,1900,1.18,0.0,2242.0,Cash,Walk-in,Self pickup
O001877,2024-10-05,C0703,Wholesale / dealer,V08,Chilli,Nursery bed,4100,1.08,9.2,4020.62,Credit,Walk-in,Self pickup
O001878,2024-10-05,C0184,Retail farmer,V12,Tomato,Pro-tray,1100,1.85,0.0,2035.0,UPI,Phone call,Self pickup
O001879,2024-10-05,C0478,Wholesale / dealer,V14,Marigold,Pro-tray,4200,1.76,10.8,6593.66,UPI,Phone call,Self pickup
O001880,2024-10-05,C0826,Retail farmer,V14,Marigold,Pro-tray,1000,1.81,0.0,1810.0,Cash,Walk-in,Self pickup
O001881,2024-10-05,C0342,Retail farmer,V16,Tobacco,Nursery bed,9800,0.12,2.7,1144.25,UPI,Walk-in,Van delivery
O001882,2024-10-06,C0602,Retail farmer,V05,Chilli,Nursery bed,500,1.14,0.0,570.0,Cash,WhatsApp,Self pickup
O001883,2024-10-06,C0827,Retail farmer,V06,Chilli,Pro-tray,1400,1.29,0.0,1806.0,Cash,WhatsApp,Self pickup
O001884,2024-10-06,C0828,Retail farmer,V11,Capsicum,Pro-tray,800,3.25,0.0,2600.0,UPI,Walk-in,Self pickup
O001885,2024-10-06,C0829,Retail farmer,V13,Brinjal,Pro-tray,700,1.22,0.0,854.0,Cash,Walk-in,Self pickup
O001886,2024-10-06,C0658,Retail farmer,V13,Brinjal,Nursery bed,700,0.79,0.0,553.0,UPI,WhatsApp,Self pickup
O001887,2024-10-06,C0210,Retail farmer,V14,Marigold,Pro-tray,900,1.79,0.0,1611.0,Cash,WhatsApp,Self pickup
O001888,2024-10-07,C0406,Retail farmer,V01,Chilli,Nursery bed,1000,1.12,0.0,1120.0,Credit,Phone call,Self pickup
O001889,2024-10-07,C0830,Retail farmer,V05,Chilli,Pro-tray,800,1.56,0.0,1248.0,Cash,Walk-in,Self pickup
O001890,2024-10-07,C0501,Wholesale / dealer,V09,Chilli,Nursery bed,7200,1.21,9.7,7866.94,UPI,Walk-in,Self pickup
O001891,2024-10-07,C0831,Retail farmer,V13,Brinjal,Nursery bed,1800,0.8,0.0,1440.0,Cash,Walk-in,Van delivery
O001892,2024-10-08,C0169,Retail farmer,V04,Chilli,Pro-tray,2800,1.7,0.0,4760.0,UPI,Walk-in,Self pickup
O001893,2024-10-08,C0712,Retail farmer,V16,Tobacco,Nursery bed,3500,0.12,0.0,420.0,Cash,Walk-in,Self pickup
O001894,2024-10-08,C0832,Retail farmer,V16,Tobacco,Nursery bed,7900,0.12,1.4,934.73,Cash,Phone call,Self pickup
O001895,2024-10-09,C0675,Retail farmer,V05,Chilli,Nursery bed,1700,1.13,0.0,1921.0,Cash,Walk-in,Self pickup
O001896,2024-10-10,C0833,Retail farmer,V08,Chilli,Pro-tray,3100,1.52,0.0,4712.0,UPI,Phone call,Van delivery
O001897,2024-10-10,C0188,Retail farmer,V05,Chilli,Pro-tray,1400,1.57,0.0,2198.0,Credit,Walk-in,Self pickup
O001898,2024-10-10,C0834,Retail farmer,V09,Chilli,Nursery bed,1200,1.17,0.0,1404.0,Cash,Phone call,Self pickup
O001899,2024-10-10,C0835,Retail farmer,V06,Chilli,Nursery bed,800,0.89,0.0,712.0,Cash,Walk-in,Self pickup
O001900,2024-10-10,C0158,Retail farmer,V11,Capsicum,Pro-tray,900,3.13,0.0,2817.0,UPI,Walk-in,Self pickup
O001901,2024-10-10,C0640,Wholesale / dealer,V12,Tomato,Pro-tray,4400,1.85,11.1,7236.46,Credit,Walk-in,Self pickup
O001902,2024-10-10,C0836,Retail farmer,V14,Marigold,Pro-tray,1700,1.84,0.0,3128.0,Cash,Walk-in,Self pickup
O001903,2024-10-10,C0473,Retail farmer,V14,Marigold,Nursery bed,1800,1.34,0.0,2412.0,Cash,Phone call,Van delivery
O001904,2024-10-11,C0602,Retail farmer,V12,Tomato,Nursery bed,900,1.21,0.0,1089.0,Credit,Walk-in,Self pickup
O001905,2024-10-11,C0837,Retail farmer,V15,Marigold,Pro-tray,2000,1.67,0.0,3340.0,Cash,WhatsApp,Self pickup
O001906,2024-10-12,C0838,Retail farmer,V10,Chilli,Nursery bed,1200,0.95,0.0,1140.0,Credit,Phone call,Self pickup
O001907,2024-10-12,C0539,Retail farmer,V01,Chilli,Pro-tray,2300,1.55,0.0,3565.0,Cash,Phone call,Self pickup
O001908,2024-10-12,C0839,Retail farmer,V07,Chilli,Nursery bed,2200,0.88,0.0,1936.0,Cash,Phone call,Self pickup
O001909,2024-10-12,C0840,Retail farmer,V11,Capsicum,Pro-tray,1100,3.15,0.0,3465.0,UPI,Phone call,Self pickup
O001910,2024-10-12,C0841,Retail farmer,V12,Tomato,Pro-tray,600,1.79,0.0,1074.0,Cash,Walk-in,Self pickup
O001911,2024-10-12,C0842,Retail farmer,V12,Tomato,Nursery bed,1400,1.24,0.0,1736.0,Cash,Phone call,Self pickup
O001912,2024-10-12,C0378,Retail farmer,V12,Tomato,Nursery bed,1700,1.24,0.0,2108.0,UPI,Walk-in,Self pickup
O001913,2024-10-12,C0843,Home gardener,V14,Marigold,Pro-tray,200,1.77,0.0,354.0,Cash,Phone call,Van delivery
O001914,2024-10-13,C0361,Wholesale / dealer,V01,Chilli,Pro-tray,5200,1.52,11.2,7018.75,UPI,Walk-in,Van delivery
O001915,2024-10-13,C0844,Retail farmer,V05,Chilli,Pro-tray,1700,1.64,0.0,2788.0,UPI,Walk-in,Van delivery
O001916,2024-10-13,C0363,Wholesale / dealer,V10,Chilli,Pro-tray,10700,1.35,9.5,13072.73,Cash,Phone call,Van delivery
O001917,2024-10-13,C0591,Retail farmer,V12,Tomato,Pro-tray,900,1.82,0.0,1638.0,Cash,Walk-in,Self pickup
O001918,2024-10-13,C0845,Retail farmer,V12,Tomato,Pro-tray,3300,1.81,0.0,5973.0,UPI,Phone call,Self pickup
O001919,2024-10-13,C0170,Retail farmer,V13,Brinjal,Pro-tray,1200,1.2,0.0,1440.0,Cash,Walk-in,Self pickup
O001920,2024-10-13,C0846,Retail farmer,V14,Marigold,Pro-tray,1000,1.79,0.0,1790.0,UPI,Walk-in,Self pickup
O001921,2024-10-14,C0620,Retail farmer,V06,Chilli,Nursery bed,3600,0.92,0.0,3312.0,Credit,Walk-in,Self pickup
O001922,2024-10-14,C0336,Retail farmer,V13,Brinjal,Pro-tray,1800,1.2,0.0,2160.0,UPI,WhatsApp,Self pickup
O001923,2024-10-15,C0847,Wholesale / dealer,V08,Chilli,Nursery bed,9000,1.08,10.4,8709.12,UPI,Walk-in,Self pickup
O001924,2024-10-15,C0848,Retail farmer,V03,Chilli,Pro-tray,1100,1.67,0.0,1837.0,UPI,Walk-in,Van delivery
O001925,2024-10-15,C0579,Wholesale / dealer,V05,Chilli,Pro-tray,14700,1.56,9.8,20684.66,Cash,Walk-in,Van delivery
O001926,2024-10-15,C0849,Retail farmer,V01,Chilli,Pro-tray,800,1.54,0.0,1232.0,Cash,WhatsApp,Self pickup
O001927,2024-10-15,C0850,Retail farmer,V03,Chilli,Pro-tray,1500,1.68,0.0,2520.0,Cash,Phone call,Self pickup
O001928,2024-10-15,C0851,Wholesale / dealer,V12,Tomato,Nursery bed,7800,1.24,8.7,8830.54,Credit,Phone call,Van delivery
O001929,2024-10-15,C0712,Retail farmer,V13,Brinjal,Pro-tray,900,1.23,0.0,1107.0,UPI,Phone call,Self pickup
O001930,2024-10-16,C0852,Retail farmer,V08,Chilli,Pro-tray,1200,1.54,0.0,1848.0,Cash,Phone call,Self pickup
O001931,2024-10-17,C0853,Retail farmer,V01,Chilli,Nursery bed,1500,1.08,0.0,1620.0,Cash,Walk-in,Van delivery
O001932,2024-10-17,C0854,Retail farmer,V07,Chilli,Pro-tray,2300,1.24,0.0,2852.0,Cash,Walk-in,Self pickup
O001933,2024-10-17,C0658,Retail farmer,V11,Capsicum,Pro-tray,800,3.13,0.0,2504.0,UPI,Phone call,Self pickup
O001934,2024-10-17,C0403,Home gardener,V15,Marigold,Pro-tray,110,1.74,0.0,191.4,UPI,WhatsApp,Self pickup
O001935,2024-10-17,C0411,Retail farmer,V14,Marigold,Pro-tray,1600,1.81,0.0,2896.0,Cash,Walk-in,Self pickup
O001936,2024-10-18,C0124,Retail farmer,V09,Chilli,Pro-tray,4200,1.74,0.0,7308.0,UPI,Phone call,Self pickup
O001937,2024-10-18,C0283,Retail farmer,V02,Chilli,Pro-tray,1900,1.51,0.0,2869.0,Credit,Walk-in,Self pickup
O001938,2024-10-18,C0614,Retail farmer,V03,Chilli,Pro-tray,800,1.62,0.0,1296.0,UPI,Walk-in,Self pickup
O001939,2024-10-18,C0582,Retail farmer,V08,Chilli,Nursery bed,1200,1.12,0.0,1344.0,Credit,Phone call,Self pickup
O001940,2024-10-18,C0012,Retail farmer,V15,Marigold,Pro-tray,200,1.75,0.0,350.0,Cash,Phone call,Self pickup
O001941,2024-10-19,C0855,Retail farmer,V10,Chilli,Pro-tray,1800,1.31,0.0,2358.0,UPI,Phone call,Self pickup
O001942,2024-10-19,C0198,Retail farmer,V07,Chilli,Nursery bed,1600,0.9,0.0,1440.0,UPI,WhatsApp,Self pickup
O001943,2024-10-19,C0856,Retail farmer,V12,Tomato,Nursery bed,600,1.28,0.0,768.0,UPI,Walk-in,Self pickup
O001944,2024-10-20,C0857,Retail farmer,V07,Chilli,Nursery bed,1900,0.86,0.0,1634.0,UPI,Phone call,Self pickup
O001945,2024-10-20,C0508,Retail farmer,V06,Chilli,Nursery bed,1300,0.88,0.0,1144.0,Cash,Walk-in,Self pickup
O001946,2024-10-20,C0062,Retail farmer,V07,Chilli,Pro-tray,2600,1.27,0.0,3302.0,Cash,Walk-in,Self pickup
O001947,2024-10-20,C0858,Retail farmer,V10,Chilli,Pro-tray,2900,1.32,0.0,3828.0,UPI,Walk-in,Self pickup
O001948,2024-10-20,C0854,Retail farmer,V12,Tomato,Pro-tray,800,1.81,0.0,1448.0,Cash,Walk-in,Van delivery
O001949,2024-10-20,C0859,Retail farmer,V13,Brinjal,Pro-tray,700,1.23,0.0,861.0,Cash,WhatsApp,Self pickup
O001950,2024-10-20,C0217,Retail farmer,V16,Tobacco,Nursery bed,5300,0.12,2.9,617.56,Cash,WhatsApp,Self pickup
O001951,2024-10-21,C0860,Home gardener,V12,Tomato,Pro-tray,90,1.81,0.0,162.9,UPI,Walk-in,Self pickup
O001952,2024-10-21,C0037,Retail farmer,V13,Brinjal,Nursery bed,1200,0.78,0.0,936.0,Cash,Walk-in,Self pickup
O001953,2024-10-21,C0861,Retail farmer,V13,Brinjal,Nursery bed,400,0.79,0.0,316.0,UPI,Phone call,Van delivery
O001954,2024-10-21,C0393,Retail farmer,V14,Marigold,Pro-tray,600,1.79,0.0,1074.0,Cash,Phone call,Self pickup
O001955,2024-10-22,C0862,Retail farmer,V01,Chilli,Nursery bed,3200,1.09,0.0,3488.0,UPI,Walk-in,Self pickup
O001956,2024-10-22,C0237,Retail farmer,V07,Chilli,Pro-tray,1500,1.23,0.0,1845.0,Cash,Walk-in,Self pickup
O001957,2024-10-22,C0847,Wholesale / dealer,V01,Chilli,Nursery bed,8700,1.08,8.5,8597.34,Cash,Walk-in,Van delivery
O001958,2024-10-22,C0675,Retail farmer,V11,Capsicum,Pro-tray,600,3.2,0.0,1920.0,UPI,Walk-in,Self pickup
O001959,2024-10-23,C0863,Wholesale / dealer,V07,Chilli,Pro-tray,4900,1.27,8.7,5681.6,Credit,Walk-in,Self pickup
O001960,2024-10-23,C0585,Retail farmer,V08,Chilli,Pro-tray,3600,1.57,0.0,5652.0,UPI,Walk-in,Self pickup
O001961,2024-10-23,C0863,Wholesale / dealer,V01,Chilli,Pro-tray,9900,1.58,8.4,14328.07,Credit,WhatsApp,Van delivery
O001962,2024-10-23,C0416,Retail farmer,V01,Chilli,Nursery bed,3100,1.07,0.0,3317.0,Credit,Walk-in,Van delivery
O001963,2024-10-23,C0864,Retail farmer,V16,Tobacco,Nursery bed,15100,0.12,3.0,1757.64,Cash,Walk-in,Van delivery
O001964,2024-10-24,C0851,Wholesale / dealer,V01,Chilli,Pro-tray,7000,1.56,10.4,9784.32,UPI,Walk-in,Self pickup
O001965,2024-10-24,C0865,Retail farmer,V12,Tomato,Nursery bed,1400,1.25,0.0,1750.0,UPI,WhatsApp,Van delivery
O001966,2024-10-24,C0438,Retail farmer,V13,Brinjal,Nursery bed,1400,0.78,0.0,1092.0,UPI,Phone call,Self pickup
O001967,2024-10-24,C0356,Home gardener,V13,Brinjal,Pro-tray,50,1.23,0.0,61.5,UPI,Walk-in,Self pickup
O001968,2024-10-24,C0277,Retail farmer,V13,Brinjal,Pro-tray,1200,1.17,0.0,1404.0,Cash,Walk-in,Self pickup
O001969,2024-10-24,C0182,Wholesale / dealer,V15,Marigold,Pro-tray,2300,1.7,8.1,3593.29,Cash,Walk-in,Self pickup
O001970,2024-10-24,C0779,Home gardener,V14,Marigold,Pro-tray,20,1.79,0.0,35.8,UPI,Phone call,Self pickup
O001971,2024-10-24,C0866,Home gardener,V14,Marigold,Pro-tray,120,1.84,0.0,220.8,Cash,WhatsApp,Self pickup
O001972,2024-10-25,C0867,Retail farmer,V06,Chilli,Nursery bed,3000,0.88,0.0,2640.0,Credit,Phone call,Self pickup
O001973,2024-10-25,C0698,Retail farmer,V11,Capsicum,Pro-tray,700,3.2,0.0,2240.0,Cash,WhatsApp,Self pickup
O001974,2024-10-25,C0868,Retail farmer,V15,Marigold,Pro-tray,1800,1.71,0.0,3078.0,UPI,Walk-in,Van delivery
O001975,2024-10-25,C0869,Retail farmer,V14,Marigold,Pro-tray,2800,1.76,0.0,4928.0,Cash,Walk-in,Self pickup
O001976,2024-10-25,C0071,Retail farmer,V16,Tobacco,Nursery bed,22000,0.12,3.0,2560.8,UPI,Walk-in,Van delivery
O001977,2024-10-26,C0843,Home gardener,V01,Chilli,Pro-tray,30,1.55,0.0,46.5,UPI,Phone call,Self pickup
O001978,2024-10-26,C0870,Home gardener,V10,Chilli,Pro-tray,150,1.34,0.0,201.0,UPI,Walk-in,Self pickup
O001979,2024-10-26,C0871,Retail farmer,V03,Chilli,Nursery bed,800,1.13,0.0,904.0,UPI,Phone call,Self pickup
O001980,2024-10-26,C0872,Wholesale / dealer,V15,Marigold,Pro-tray,5000,1.72,11.1,7645.4,UPI,Phone call,Van delivery
O001981,2024-10-27,C0471,Retail farmer,V10,Chilli,Pro-tray,5500,1.31,1.1,7125.74,Cash,Walk-in,Self pickup
O001982,2024-10-27,C0873,Retail farmer,V03,Chilli,Nursery bed,1100,1.14,0.0,1254.0,Cash,Walk-in,Self pickup
O001983,2024-10-27,C0874,Wholesale / dealer,V05,Chilli,Nursery bed,3500,1.11,10.8,3465.42,Credit,Walk-in,Self pickup
O001984,2024-10-27,C0875,Retail farmer,V05,Chilli,Pro-tray,1200,1.63,0.0,1956.0,UPI,Walk-in,Self pickup
O001985,2024-10-27,C0783,Retail farmer,V03,Chilli,Pro-tray,1200,1.69,0.0,2028.0,Cash,Walk-in,Van delivery
O001986,2024-10-27,C0054,Retail farmer,V13,Brinjal,Pro-tray,1500,1.24,0.0,1860.0,UPI,Phone call,Self pickup
O001987,2024-10-28,C0230,Retail farmer,V01,Chilli,Pro-tray,1300,1.55,0.0,2015.0,UPI,Walk-in,Van delivery
O001988,2024-10-28,C0623,Retail farmer,V12,Tomato,Pro-tray,2000,1.85,0.0,3700.0,Cash,Phone call,Self pickup
O001989,2024-10-28,C0876,Retail farmer,V16,Tobacco,Nursery bed,15300,0.12,0.2,1832.33,Credit,Phone call,Van delivery
O001990,2024-10-29,C0661,Wholesale / dealer,V12,Tomato,Pro-tray,7900,1.81,8.0,13155.08,Credit,Walk-in,Van delivery
O001991,2024-10-29,C0769,Wholesale / dealer,V13,Brinjal,Pro-tray,4000,1.19,9.7,4298.28,Cash,Walk-in,Self pickup
O001992,2024-10-29,C0783,Retail farmer,V15,Marigold,Pro-tray,1700,1.72,0.0,2924.0,UPI,Walk-in,Self pickup
O001993,2024-10-29,C0877,Retail farmer,V15,Marigold,Pro-tray,800,1.74,0.0,1392.0,UPI,Phone call,Self pickup
O001994,2024-10-30,C0516,Retail farmer,V03,Chilli,Nursery bed,3200,1.16,0.0,3712.0,Cash,Walk-in,Self pickup
O001995,2024-10-30,C0878,Retail farmer,V12,Tomato,Pro-tray,800,1.75,0.0,1400.0,Cash,Walk-in,Self pickup
O001996,2024-10-30,C0593,Retail farmer,V13,Brinjal,Nursery bed,3000,0.79,0.0,2370.0,Cash,WhatsApp,Self pickup
O001997,2024-10-30,C0879,Retail farmer,V13,Brinjal,Nursery bed,900,0.8,0.0,720.0,Cash,Phone call,Self pickup
O001998,2024-10-30,C0880,Retail farmer,V15,Marigold,Nursery bed,1500,1.25,0.0,1875.0,UPI,Walk-in,Self pickup
O001999,2024-10-30,C0418,Wholesale / dealer,V16,Tobacco,Nursery bed,89800,0.12,10.4,9655.3,Cash,Walk-in,Self pickup
O002000,2024-10-31,C0881,Retail farmer,V06,Chilli,Pro-tray,2800,1.3,0.0,3640.0,UPI,Phone call,Self pickup
O002001,2024-10-31,C0882,Retail farmer,V06,Chilli,Pro-tray,1100,1.29,0.0,1419.0,UPI,Phone call,Self pickup
O002002,2024-10-31,C0883,Retail farmer,V13,Brinjal,Nursery bed,1100,0.79,0.0,869.0,UPI,Walk-in,Self pickup
O002003,2024-10-31,C0806,Retail farmer,V14,Marigold,Pro-tray,1400,1.78,0.0,2492.0,Cash,Phone call,Self pickup
O002004,2024-10-31,C0164,Retail farmer,V14,Marigold,Pro-tray,2200,1.78,0.0,3916.0,UPI,WhatsApp,Self pickup
O002005,2024-11-01,C0023,Retail farmer,V02,Chilli,Nursery bed,4400,1.05,0.0,4620.0,Cash,Walk-in,Self pickup
O002006,2024-11-01,C0308,Retail farmer,V03,Chilli,Pro-tray,2200,1.68,0.0,3696.0,Cash,Walk-in,Van delivery
O002007,2024-11-01,C0884,Retail farmer,V08,Chilli,Pro-tray,4500,1.54,0.0,6930.0,UPI,Walk-in,Self pickup
O002008,2024-11-02,C0885,Retail farmer,V02,Chilli,Pro-tray,1000,1.5,0.0,1500.0,Credit,Walk-in,Self pickup
O002009,2024-11-02,C0856,Retail farmer,V07,Chilli,Nursery bed,2000,0.85,0.0,1700.0,UPI,Phone call,Self pickup
O002010,2024-11-02,C0886,Retail farmer,V12,Tomato,Pro-tray,1000,1.81,0.0,1810.0,Cash,Walk-in,Self pickup
O002011,2024-11-02,C0887,Home gardener,V12,Tomato,Pro-tray,60,1.84,0.0,110.4,UPI,Walk-in,Self pickup
O002012,2024-11-02,C0888,Retail farmer,V14,Marigold,Pro-tray,1300,1.8,0.0,2340.0,Cash,Walk-in,Self pickup
O002013,2024-11-02,C0212,Wholesale / dealer,V15,Marigold,Pro-tray,9400,1.66,10.7,13934.37,UPI,Phone call,Van delivery
O002014,2024-11-03,C0083,Wholesale / dealer,V02,Chilli,Pro-tray,4700,1.53,8.2,6601.34,Credit,Walk-in,Self pickup
O002015,2024-11-03,C0889,Retail farmer,V08,Chilli,Nursery bed,3900,1.12,0.0,4368.0,Cash,Walk-in,Self pickup
O002016,2024-11-03,C0303,Retail farmer,V06,Chilli,Pro-tray,1000,1.34,0.0,1340.0,UPI,Walk-in,Self pickup
O002017,2024-11-03,C0655,Retail farmer,V12,Tomato,Pro-tray,1000,1.76,0.0,1760.0,Credit,Phone call,Self pickup
O002018,2024-11-04,C0890,Home gardener,V01,Chilli,Pro-tray,40,1.6,0.0,64.0,UPI,WhatsApp,Self pickup
O002019,2024-11-04,C0891,Home gardener,V13,Brinjal,Pro-tray,140,1.19,0.0,166.6,Credit,Walk-in,Self pickup
O002020,2024-11-04,C0892,Wholesale / dealer,V13,Brinjal,Nursery bed,5900,0.78,8.1,4229.24,Credit,Walk-in,Van delivery
O002021,2024-11-05,C0893,Retail farmer,V01,Chilli,Pro-tray,1000,1.5,0.0,1500.0,UPI,Walk-in,Self pickup
O002022,2024-11-05,C0515,Retail farmer,V05,Chilli,Pro-tray,1000,1.56,0.0,1560.0,UPI,Walk-in,Self pickup
O002023,2024-11-05,C0454,Retail farmer,V12,Tomato,Pro-tray,1500,1.75,0.0,2625.0,Cash,Walk-in,Self pickup
O002024,2024-11-05,C0894,Home gardener,V14,Marigold,Pro-tray,190,1.79,0.0,340.1,Cash,Walk-in,Self pickup
O002025,2024-11-06,C0452,Retail farmer,V12,Tomato,Pro-tray,2000,1.79,0.0,3580.0,UPI,WhatsApp,Self pickup
O002026,2024-11-06,C0175,Retail farmer,V12,Tomato,Nursery bed,2500,1.26,0.0,3150.0,Credit,Walk-in,Self pickup
O002027,2024-11-07,C0895,Retail farmer,V09,Chilli,Pro-tray,900,1.66,0.0,1494.0,Cash,Walk-in,Self pickup
O002028,2024-11-07,C0319,Wholesale / dealer,V13,Brinjal,Pro-tray,2400,1.18,11.6,2503.49,Credit,Phone call,Self pickup
O002029,2024-11-08,C0896,Retail farmer,V02,Chilli,Pro-tray,1200,1.52,0.0,1824.0,Cash,Walk-in,Self pickup
O002030,2024-11-08,C0897,Retail farmer,V06,Chilli,Pro-tray,3800,1.33,0.0,5054.0,Cash,Phone call,Self pickup
O002031,2024-11-08,C0301,Retail farmer,V05,Chilli,Nursery bed,1700,1.15,0.0,1955.0,Credit,Walk-in,Self pickup
O002032,2024-11-08,C0577,Wholesale / dealer,V03,Chilli,Nursery bed,8300,1.15,11.9,8409.14,Cash,WhatsApp,Self pickup
O002033,2024-11-08,C0200,Retail farmer,V12,Tomato,Pro-tray,700,1.85,0.0,1295.0,UPI,Walk-in,Van delivery
O002034,2024-11-08,C0341,Retail farmer,V12,Tomato,Pro-tray,1900,1.76,0.0,3344.0,Cash,Walk-in,Self pickup
O002035,2024-11-08,C0590,Retail farmer,V12,Tomato,Pro-tray,700,1.82,0.0,1274.0,Cash,Walk-in,Van delivery
O002036,2024-11-08,C0098,Retail farmer,V13,Brinjal,Pro-tray,900,1.22,0.0,1098.0,Credit,Walk-in,Self pickup
O002037,2024-11-09,C0898,Retail farmer,V13,Brinjal,Nursery bed,700,0.8,0.0,560.0,Credit,Walk-in,Self pickup
O002038,2024-11-09,C0899,Retail farmer,V13,Brinjal,Nursery bed,1200,0.81,0.0,972.0,Cash,Walk-in,Self pickup
O002039,2024-11-10,C0249,Wholesale / dealer,V09,Chilli,Pro-tray,4600,1.66,9.6,6902.94,Cash,Walk-in,Self pickup
O002040,2024-11-10,C0900,Retail farmer,V11,Capsicum,Nursery bed,400,2.37,0.0,948.0,Cash,Phone call,Self pickup
O002041,2024-11-10,C0901,Retail farmer,V12,Tomato,Pro-tray,1600,1.75,0.0,2800.0,Credit,Walk-in,Self pickup
O002042,2024-11-10,C0650,Retail farmer,V12,Tomato,Nursery bed,900,1.25,0.0,1125.0,UPI,Phone call,Self pickup
O002043,2024-11-10,C0902,Retail farmer,V12,Tomato,Pro-tray,900,1.78,0.0,1602.0,UPI,Phone call,Self pickup
O002044,2024-11-11,C0562,Retail farmer,V01,Chilli,Pro-tray,6900,1.57,2.1,10605.51,UPI,WhatsApp,Van delivery
O002045,2024-11-11,C0903,Wholesale / dealer,V08,Chilli,Pro-tray,16500,1.59,11.0,23349.15,Credit,Walk-in,Van delivery
O002046,2024-11-11,C0825,Retail farmer,V11,Capsicum,Nursery bed,800,2.4,0.0,1920.0,Cash,Walk-in,Self pickup
O002047,2024-11-11,C0904,Retail farmer,V12,Tomato,Nursery bed,1800,1.25,0.0,2250.0,Cash,Walk-in,Self pickup
O002048,2024-11-12,C0905,Retail farmer,V07,Chilli,Nursery bed,1800,0.86,0.0,1548.0,Credit,Walk-in,Van delivery
O002049,2024-11-12,C0640,Wholesale / dealer,V10,Chilli,Pro-tray,4500,1.36,11.4,5422.32,Credit,Walk-in,Self pickup
O002050,2024-11-12,C0906,Retail farmer,V12,Tomato,Pro-tray,2900,1.79,0.0,5191.0,Cash,Walk-in,Van delivery
O002051,2024-11-12,C0907,Retail farmer,V13,Brinjal,Pro-tray,900,1.19,0.0,1071.0,Cash,Walk-in,Self pickup
O002052,2024-11-12,C0604,Retail farmer,V14,Marigold,Pro-tray,1600,1.76,0.0,2816.0,UPI,Walk-in,Self pickup
O002053,2024-11-13,C0405,Retail farmer,V01,Chilli,Pro-tray,1400,1.51,0.0,2114.0,Cash,WhatsApp,Self pickup
O002054,2024-11-14,C0908,Wholesale / dealer,V01,Chilli,Nursery bed,8300,1.07,10.8,7921.85,Credit,Walk-in,Van delivery
O002055,2024-11-14,C0553,Retail farmer,V12,Tomato,Nursery bed,1200,1.26,0.0,1512.0,Cash,WhatsApp,Self pickup
O002056,2024-11-14,C0354,Retail farmer,V15,Marigold,Pro-tray,1200,1.73,0.0,2076.0,Cash,Walk-in,Self pickup
O002057,2024-11-14,C0638,Wholesale / dealer,V15,Marigold,Pro-tray,3800,1.7,8.6,5904.44,Credit,Phone call,Self pickup
O002058,2024-11-14,C0909,Home gardener,V14,Marigold,Pro-tray,50,1.76,0.0,88.0,Credit,Phone call,Self pickup
O002059,2024-11-15,C0910,Retail farmer,V08,Chilli,Nursery bed,600,1.08,0.0,648.0,Cash,Walk-in,Self pickup
O002060,2024-11-15,C0911,Retail farmer,V01,Chilli,Nursery bed,1600,1.09,0.0,1744.0,Cash,Phone call,Self pickup
O002061,2024-11-15,C0656,Retail farmer,V12,Tomato,Pro-tray,500,1.82,0.0,910.0,UPI,Phone call,Self pickup
O002062,2024-11-15,C0912,Home gardener,V14,Marigold,Pro-tray,190,1.77,0.0,336.3,UPI,Phone call,Self pickup
O002063,2024-11-16,C0913,Retail farmer,V14,Marigold,Pro-tray,1600,1.83,0.0,2928.0,Cash,Walk-in,Self pickup
O002064,2024-11-17,C0216,Retail farmer,V01,Chilli,Nursery bed,700,1.07,0.0,749.0,Cash,WhatsApp,Self pickup
O002065,2024-11-17,C0914,Retail farmer,V13,Brinjal,Pro-tray,900,1.23,0.0,1107.0,Cash,Walk-in,Van delivery
O002066,2024-11-18,C0915,Wholesale / dealer,V10,Chilli,Nursery bed,6200,0.94,10.0,5245.2,UPI,Phone call,Van delivery
O002067,2024-11-18,C0916,Retail farmer,V12,Tomato,Pro-tray,6200,1.77,0.3,10941.08,Cash,Walk-in,Van delivery
O002068,2024-11-18,C0917,Retail farmer,V12,Tomato,Pro-tray,1200,1.76,0.0,2112.0,Credit,Walk-in,Self pickup
O002069,2024-11-18,C0918,Wholesale / dealer,V12,Tomato,Pro-tray,4900,1.82,9.0,8115.38,Credit,Walk-in,Self pickup
O002070,2024-11-18,C0318,Retail farmer,V12,Tomato,Nursery bed,800,1.22,0.0,976.0,UPI,Walk-in,Van delivery
O002071,2024-11-18,C0919,Retail farmer,V13,Brinjal,Pro-tray,1100,1.21,0.0,1331.0,UPI,Walk-in,Self pickup
O002072,2024-11-19,C0614,Retail farmer,V09,Chilli,Nursery bed,5000,1.19,2.4,5807.2,Cash,Phone call,Self pickup
O002073,2024-11-19,C0421,Retail farmer,V03,Chilli,Nursery bed,3900,1.13,0.0,4407.0,Cash,Walk-in,Self pickup
O002074,2024-11-19,C0920,Retail farmer,V12,Tomato,Pro-tray,1200,1.85,0.0,2220.0,UPI,Phone call,Self pickup
O002075,2024-11-19,C0624,Retail farmer,V12,Tomato,Pro-tray,2500,1.83,0.0,4575.0,UPI,WhatsApp,Self pickup
O002076,2024-11-19,C0561,Retail farmer,V14,Marigold,Pro-tray,1700,1.83,0.0,3111.0,Cash,Phone call,Self pickup
O002077,2024-11-21,C0502,Retail farmer,V01,Chilli,Pro-tray,2400,1.5,0.0,3600.0,Cash,Phone call,Self pickup
O002078,2024-11-22,C0703,Wholesale / dealer,V11,Capsicum,Pro-tray,6700,3.25,10.9,19401.53,UPI,Phone call,Van delivery
O002079,2024-11-23,C0237,Retail farmer,V08,Chilli,Pro-tray,1600,1.55,0.0,2480.0,UPI,Walk-in,Self pickup
O002080,2024-11-23,C0921,Wholesale / dealer,V01,Chilli,Pro-tray,10100,1.57,10.9,14128.59,Cash,WhatsApp,Van delivery
O002081,2024-11-23,C0728,Retail farmer,V12,Tomato,Nursery bed,1100,1.26,0.0,1386.0,UPI,Walk-in,Self pickup
O002082,2024-11-23,C0580,Retail farmer,V13,Brinjal,Pro-tray,1200,1.23,0.0,1476.0,UPI,Walk-in,Self pickup
O002083,2024-11-24,C0730,Retail farmer,V10,Chilli,Nursery bed,1000,0.95,0.0,950.0,Cash,Walk-in,Self pickup
O002084,2024-11-24,C0922,Retail farmer,V02,Chilli,Pro-tray,700,1.47,0.0,1029.0,Cash,Phone call,Self pickup
O002085,2024-11-24,C0787,Retail farmer,V12,Tomato,Pro-tray,6000,1.83,1.1,10859.22,Cash,Phone call,Self pickup
O002086,2024-11-24,C0595,Retail farmer,V12,Tomato,Nursery bed,3800,1.28,0.0,4864.0,Cash,Walk-in,Self pickup
O002087,2024-11-25,C0245,Retail farmer,V08,Chilli,Nursery bed,2000,1.13,0.0,2260.0,Cash,Walk-in,Self pickup
O002088,2024-11-25,C0923,Home gardener,V12,Tomato,Pro-tray,140,1.76,0.0,246.4,UPI,Walk-in,Self pickup
O002089,2024-11-26,C0050,Retail farmer,V03,Chilli,Nursery bed,700,1.12,0.0,784.0,UPI,Walk-in,Van delivery
O002090,2024-11-26,C0202,Home gardener,V12,Tomato,Pro-tray,90,1.8,0.0,162.0,Cash,Walk-in,Self pickup
O002091,2024-11-26,C0504,Retail farmer,V12,Tomato,Pro-tray,1000,1.84,0.0,1840.0,Cash,Walk-in,Self pickup
O002092,2024-11-26,C0197,Retail farmer,V13,Brinjal,Nursery bed,1100,0.79,0.0,869.0,Cash,Phone call,Self pickup
O002093,2024-11-27,C0843,Home gardener,V01,Chilli,Pro-tray,190,1.59,0.0,302.1,UPI,Walk-in,Self pickup
O002094,2024-11-27,C0924,Retail farmer,V12,Tomato,Pro-tray,3700,1.8,0.0,6660.0,UPI,Phone call,Self pickup
O002095,2024-11-27,C0566,Retail farmer,V14,Marigold,Pro-tray,1300,1.85,0.0,2405.0,Cash,Walk-in,Self pickup
O002096,2024-11-28,C0447,Retail farmer,V01,Chilli,Pro-tray,3200,1.59,0.0,5088.0,UPI,WhatsApp,Self pickup
O002097,2024-11-28,C0542,Retail farmer,V12,Tomato,Pro-tray,2700,1.85,0.0,4995.0,Cash,Phone call,Self pickup
O002098,2024-11-28,C0025,Retail farmer,V12,Tomato,Pro-tray,1700,1.78,0.0,3026.0,UPI,Phone call,Self pickup
O002099,2024-11-28,C0925,Home gardener,V13,Brinjal,Pro-tray,60,1.22,0.0,73.2,Cash,Walk-in,Self pickup
O002100,2024-11-29,C0751,Retail farmer,V07,Chilli,Nursery bed,1300,0.86,0.0,1118.0,Credit,Walk-in,Van delivery
O002101,2024-11-29,C0926,Wholesale / dealer,V06,Chilli,Nursery bed,3200,0.9,9.7,2600.64,Cash,Walk-in,Self pickup
O002102,2024-11-29,C0586,Retail farmer,V08,Chilli,Pro-tray,900,1.55,0.0,1395.0,UPI,Walk-in,Self pickup
O002103,2024-11-29,C0927,Wholesale / dealer,V05,Chilli,Nursery bed,13100,1.1,9.4,13055.46,Cash,Phone call,Van delivery
O002104,2024-11-29,C0723,Retail farmer,V11,Capsicum,Pro-tray,1000,3.11,0.0,3110.0,Cash,Phone call,Van delivery
O002105,2024-11-29,C0928,Wholesale / dealer,V11,Capsicum,Nursery bed,6700,2.47,10.8,14761.71,Credit,Phone call,Self pickup
O002106,2024-11-29,C0528,Retail farmer,V12,Tomato,Nursery bed,1000,1.27,0.0,1270.0,Cash,WhatsApp,Self pickup
O002107,2024-11-29,C0083,Wholesale / dealer,V15,Marigold,Pro-tray,3600,1.71,11.1,5472.68,UPI,Walk-in,Van delivery
O002108,2024-11-30,C0929,Retail farmer,V01,Chilli,Pro-tray,1700,1.58,0.0,2686.0,UPI,Phone call,Self pickup
O002109,2024-11-30,C0751,Retail farmer,V01,Chilli,Nursery bed,2200,1.08,0.0,2376.0,Cash,WhatsApp,Self pickup
O002110,2024-11-30,C0728,Retail farmer,V13,Brinjal,Pro-tray,700,1.23,0.0,861.0,Cash,WhatsApp,Self pickup
O002111,2024-11-30,C0211,Retail farmer,V15,Marigold,Pro-tray,900,1.67,0.0,1503.0,Cash,Walk-in,Self pickup
O002112,2024-12-01,C0068,Wholesale / dealer,V07,Chilli,Pro-tray,5600,1.24,9.9,6256.54,UPI,Walk-in,Van delivery
O002113,2024-12-01,C0915,Wholesale / dealer,V03,Chilli,Pro-tray,9200,1.68,9.5,13987.68,Credit,Phone call,Van delivery
O002114,2024-12-01,C0182,Wholesale / dealer,V05,Chilli,Pro-tray,8800,1.57,11.9,12171.9,UPI,Walk-in,Self pickup
O002115,2024-12-01,C0411,Retail farmer,V12,Tomato,Nursery bed,1300,1.25,0.0,1625.0,Cash,Walk-in,Self pickup
O002116,2024-12-01,C0930,Retail farmer,V12,Tomato,Nursery bed,2000,1.27,0.0,2540.0,UPI,Walk-in,Self pickup
O002117,2024-12-01,C0573,Retail farmer,V13,Brinjal,Nursery bed,400,0.81,0.0,324.0,Cash,Walk-in,Self pickup
O002118,2024-12-02,C0530,Wholesale / dealer,V02,Chilli,Nursery bed,11900,1.04,9.5,11200.28,Cash,Walk-in,Self pickup
O002119,2024-12-02,C0713,Wholesale / dealer,V02,Chilli,Pro-tray,1800,1.47,10.3,2373.46,UPI,Walk-in,Self pickup
O002120,2024-12-04,C0350,Retail farmer,V10,Chilli,Pro-tray,2600,1.32,0.0,3432.0,Credit,Walk-in,Self pickup
O002121,2024-12-04,C0291,Home gardener,V12,Tomato,Pro-tray,200,1.76,0.0,352.0,Cash,Walk-in,Self pickup
O002122,2024-12-04,C0530,Wholesale / dealer,V12,Tomato,Pro-tray,3600,1.83,8.1,6054.37,Cash,Phone call,Self pickup
O002123,2024-12-04,C0931,Wholesale / dealer,V13,Brinjal,Pro-tray,3400,1.22,11.9,3654.39,Credit,Walk-in,Van delivery
O002124,2024-12-05,C0932,Retail farmer,V04,Chilli,Nursery bed,2100,1.18,0.0,2478.0,Cash,WhatsApp,Self pickup
O002125,2024-12-05,C0005,Wholesale / dealer,V07,Chilli,Pro-tray,3300,1.22,11.7,3554.96,UPI,Walk-in,Van delivery
O002126,2024-12-05,C0221,Retail farmer,V12,Tomato,Pro-tray,1800,1.84,0.0,3312.0,Cash,Phone call,Self pickup
O002127,2024-12-06,C0933,Retail farmer,V01,Chilli,Pro-tray,3800,1.51,0.0,5738.0,Cash,Phone call,Self pickup
O002128,2024-12-06,C0427,Wholesale / dealer,V03,Chilli,Pro-tray,8000,1.64,10.1,11794.88,Cash,Walk-in,Self pickup
O002129,2024-12-06,C0216,Retail farmer,V13,Brinjal,Nursery bed,1900,0.82,0.0,1558.0,UPI,Walk-in,Van delivery
O002130,2024-12-07,C0823,Retail farmer,V05,Chilli,Pro-tray,900,1.6,0.0,1440.0,Cash,Walk-in,Self pickup
O002131,2024-12-07,C0934,Wholesale / dealer,V12,Tomato,Nursery bed,2000,1.27,11.9,2237.74,Credit,Walk-in,Self pickup
O002132,2024-12-07,C0105,Retail farmer,V12,Tomato,Nursery bed,2200,1.29,0.0,2838.0,UPI,Walk-in,Self pickup
O002133,2024-12-08,C0935,Retail farmer,V07,Chilli,Pro-tray,800,1.22,0.0,976.0,UPI,Walk-in,Self pickup
O002134,2024-12-09,C0936,Retail farmer,V03,Chilli,Nursery bed,1100,1.14,0.0,1254.0,Cash,Walk-in,Self pickup
O002135,2024-12-09,C0572,Retail farmer,V06,Chilli,Nursery bed,1600,0.9,0.0,1440.0,Cash,Phone call,Self pickup
O002136,2024-12-09,C0937,Retail farmer,V12,Tomato,Nursery bed,1300,1.22,0.0,1586.0,Credit,Walk-in,Self pickup
O002137,2024-12-09,C0726,Retail farmer,V13,Brinjal,Pro-tray,800,1.21,0.0,968.0,Cash,Walk-in,Self pickup
O002138,2024-12-09,C0938,Retail farmer,V14,Marigold,Pro-tray,1300,1.84,0.0,2392.0,Cash,Walk-in,Self pickup
O002139,2024-12-10,C0939,Retail farmer,V02,Chilli,Pro-tray,3300,1.46,0.0,4818.0,Cash,Walk-in,Van delivery
O002140,2024-12-10,C0940,Retail farmer,V07,Chilli,Nursery bed,800,0.87,0.0,696.0,UPI,Walk-in,Self pickup
O002141,2024-12-10,C0068,Wholesale / dealer,V12,Tomato,Pro-tray,8300,1.79,11.2,13193.02,Cash,Walk-in,Van delivery
O002142,2024-12-12,C0840,Retail farmer,V12,Tomato,Pro-tray,600,1.79,0.0,1074.0,UPI,Phone call,Self pickup
O002143,2024-12-12,C0008,Wholesale / dealer,V12,Tomato,Nursery bed,3400,1.23,11.2,3713.62,Cash,Phone call,Self pickup
O002144,2024-12-12,C0941,Retail farmer,V13,Brinjal,Nursery bed,1200,0.82,0.0,984.0,Cash,WhatsApp,Van delivery
O002145,2024-12-13,C0942,Retail farmer,V06,Chilli,Nursery bed,1800,0.9,0.0,1620.0,Cash,WhatsApp,Self pickup
O002146,2024-12-13,C0933,Retail farmer,V03,Chilli,Nursery bed,1800,1.18,0.0,2124.0,Credit,Walk-in,Self pickup
O002147,2024-12-13,C0407,Retail farmer,V05,Chilli,Pro-tray,1700,1.56,0.0,2652.0,UPI,Phone call,Self pickup
O002148,2024-12-13,C0176,Retail farmer,V01,Chilli,Nursery bed,1000,1.09,0.0,1090.0,UPI,WhatsApp,Self pickup
O002149,2024-12-13,C0663,Retail farmer,V12,Tomato,Pro-tray,1300,1.82,0.0,2366.0,UPI,Walk-in,Self pickup
O002150,2024-12-13,C0943,Retail farmer,V12,Tomato,Nursery bed,2700,1.28,0.0,3456.0,Cash,Walk-in,Self pickup
O002151,2024-12-14,C0390,Retail farmer,V01,Chilli,Pro-tray,1800,1.52,0.0,2736.0,UPI,Phone call,Self pickup
O002152,2024-12-14,C0281,Retail farmer,V05,Chilli,Nursery bed,1000,1.13,0.0,1130.0,Credit,Walk-in,Self pickup
O002153,2024-12-14,C0856,Retail farmer,V10,Chilli,Pro-tray,400,1.37,0.0,548.0,UPI,Walk-in,Self pickup
O002154,2024-12-15,C0728,Retail farmer,V12,Tomato,Nursery bed,2100,1.24,0.0,2604.0,Credit,Walk-in,Van delivery
O002155,2024-12-15,C0523,Retail farmer,V13,Brinjal,Pro-tray,2000,1.18,0.0,2360.0,Credit,Phone call,Self pickup
O002156,2024-12-16,C0449,Retail farmer,V12,Tomato,Pro-tray,800,1.83,0.0,1464.0,Credit,Walk-in,Self pickup
O002157,2024-12-17,C0621,Retail farmer,V15,Marigold,Nursery bed,3500,1.26,0.0,4410.0,UPI,Walk-in,Self pickup
O002158,2024-12-18,C0944,Retail farmer,V12,Tomato,Nursery bed,1300,1.24,0.0,1612.0,Cash,WhatsApp,Van delivery
O002159,2024-12-19,C0510,Retail farmer,V08,Chilli,Nursery bed,3200,1.08,0.0,3456.0,Credit,Walk-in,Self pickup
O002160,2024-12-19,C0256,Wholesale / dealer,V06,Chilli,Nursery bed,9300,0.92,11.2,7597.73,UPI,WhatsApp,Van delivery
O002161,2024-12-19,C0017,Retail farmer,V11,Capsicum,Pro-tray,1000,3.23,0.0,3230.0,Cash,WhatsApp,Self pickup
O002162,2024-12-20,C0945,Retail farmer,V11,Capsicum,Pro-tray,1400,3.14,0.0,4396.0,Cash,Phone call,Self pickup
O002163,2024-12-20,C0018,Retail farmer,V12,Tomato,Pro-tray,2800,1.77,0.0,4956.0,UPI,Walk-in,Self pickup
O002164,2024-12-21,C0897,Retail farmer,V01,Chilli,Nursery bed,2200,1.11,0.0,2442.0,UPI,Walk-in,Self pickup
O002165,2024-12-21,C0946,Retail farmer,V12,Tomato,Nursery bed,500,1.25,0.0,625.0,Cash,Phone call,Self pickup
O002166,2024-12-22,C0303,Retail farmer,V13,Brinjal,Nursery bed,400,0.8,0.0,320.0,Cash,Walk-in,Self pickup
O002167,2024-12-22,C0007,Retail farmer,V15,Marigold,Nursery bed,1500,1.25,0.0,1875.0,UPI,Walk-in,Self pickup
O002168,2024-12-23,C0304,Retail farmer,V12,Tomato,Pro-tray,1300,1.77,0.0,2301.0,Cash,Walk-in,Self pickup
O002169,2024-12-23,C0947,Retail farmer,V13,Brinjal,Nursery bed,1200,0.81,0.0,972.0,Cash,Walk-in,Self pickup
O002170,2024-12-24,C0397,Retail farmer,V01,Chilli,Pro-tray,2800,1.59,0.0,4452.0,UPI,Walk-in,Self pickup
O002171,2024-12-24,C0751,Retail farmer,V04,Chilli,Nursery bed,800,1.23,0.0,984.0,Cash,Phone call,Self pickup
O002172,2024-12-25,C0022,Retail farmer,V03,Chilli,Pro-tray,2100,1.68,0.0,3528.0,Cash,Walk-in,Van delivery
O002173,2024-12-25,C0437,Retail farmer,V01,Chilli,Pro-tray,900,1.6,0.0,1440.0,Cash,Walk-in,Self pickup
O002174,2024-12-25,C0692,Retail farmer,V06,Chilli,Pro-tray,2100,1.26,0.0,2646.0,Cash,Walk-in,Self pickup
O002175,2024-12-25,C0108,Retail farmer,V12,Tomato,Pro-tray,1600,1.85,0.0,2960.0,UPI,Phone call,Self pickup
O002176,2024-12-25,C0288,Retail farmer,V12,Tomato,Nursery bed,1100,1.22,0.0,1342.0,UPI,Walk-in,Self pickup
O002177,2024-12-26,C0203,Wholesale / dealer,V07,Chilli,Pro-tray,3100,1.27,10.0,3543.3,Credit,Walk-in,Van delivery
O002178,2024-12-26,C0883,Retail farmer,V02,Chilli,Pro-tray,1200,1.5,0.0,1800.0,UPI,Phone call,Self pickup
O002179,2024-12-26,C0732,Retail farmer,V01,Chilli,Pro-tray,2800,1.59,0.0,4452.0,Credit,Phone call,Self pickup
O002180,2024-12-26,C0948,Retail farmer,V12,Tomato,Pro-tray,500,1.77,0.0,885.0,Cash,Walk-in,Self pickup
O002181,2024-12-27,C0933,Retail farmer,V09,Chilli,Nursery bed,900,1.2,0.0,1080.0,Cash,Walk-in,Van delivery
O002182,2024-12-28,C0179,Retail farmer,V01,Chilli,Nursery bed,1600,1.1,0.0,1760.0,UPI,Walk-in,Self pickup
O002183,2024-12-28,C0949,Retail farmer,V11,Capsicum,Pro-tray,800,3.19,0.0,2552.0,Cash,WhatsApp,Self pickup
O002184,2024-12-28,C0134,Retail farmer,V13,Brinjal,Nursery bed,1800,0.78,0.0,1404.0,Cash,Walk-in,Self pickup
O002185,2024-12-29,C0820,Retail farmer,V08,Chilli,Nursery bed,2500,1.09,0.0,2725.0,Cash,Walk-in,Van delivery
O002186,2024-12-29,C0016,Retail farmer,V12,Tomato,Nursery bed,1200,1.27,0.0,1524.0,Cash,Walk-in,Self pickup
O002187,2024-12-29,C0950,Retail farmer,V13,Brinjal,Pro-tray,1900,1.19,0.0,2261.0,Cash,Walk-in,Van delivery
O002188,2024-12-30,C0012,Retail farmer,V10,Chilli,Nursery bed,900,0.97,0.0,873.0,Cash,Walk-in,Self pickup
O002189,2024-12-30,C0027,Retail farmer,V02,Chilli,Nursery bed,1500,1.07,0.0,1605.0,Cash,Walk-in,Van delivery
O002190,2024-12-30,C0951,Retail farmer,V01,Chilli,Nursery bed,600,1.09,0.0,654.0,UPI,Walk-in,Self pickup
O002191,2024-12-31,C0952,Retail farmer,V01,Chilli,Pro-tray,1300,1.5,0.0,1950.0,UPI,WhatsApp,Self pickup
O002192,2024-12-31,C0051,Retail farmer,V12,Tomato,Nursery bed,1200,1.28,0.0,1536.0,UPI,WhatsApp,Self pickup
O002193,2024-12-31,C0953,Retail farmer,V12,Tomato,Nursery bed,1300,1.27,0.0,1651.0,UPI,Phone call,Self pickup
O002194,2024-12-31,C0290,Retail farmer,V13,Brinjal,Nursery bed,300,0.8,0.0,240.0,UPI,Phone call,Self pickup
O002195,2024-12-31,C0278,Retail farmer,V13,Brinjal,Nursery bed,1000,0.78,0.0,780.0,UPI,Walk-in,Self pickup
O002196,2025-01-02,C0797,Retail farmer,V09,Chilli,Pro-tray,2500,1.73,0.0,4325.0,UPI,WhatsApp,Self pickup
O002197,2025-01-03,C0954,Retail farmer,V05,Chilli,Nursery bed,1100,1.14,0.0,1254.0,Cash,Walk-in,Self pickup
O002198,2025-01-03,C0955,Retail farmer,V05,Chilli,Pro-tray,2100,1.73,0.0,3633.0,UPI,WhatsApp,Van delivery
O002199,2025-01-03,C0186,Retail farmer,V13,Brinjal,Pro-tray,700,1.28,0.0,896.0,UPI,WhatsApp,Self pickup
O002200,2025-01-03,C0956,Home gardener,V14,Marigold,Pro-tray,50,1.86,0.0,93.0,Cash,Walk-in,Self pickup
O002201,2025-01-04,C0654,Retail farmer,V05,Chilli,Pro-tray,1700,1.69,0.0,2873.0,Credit,Phone call,Self pickup
O002202,2025-01-04,C0957,Retail farmer,V07,Chilli,Pro-tray,500,1.3,0.0,650.0,Credit,Walk-in,Self pickup
O002203,2025-01-04,C0930,Retail farmer,V07,Chilli,Nursery bed,1900,0.94,0.0,1786.0,Cash,Walk-in,Self pickup
O002204,2025-01-04,C0958,Retail farmer,V08,Chilli,Pro-tray,500,1.62,0.0,810.0,UPI,Walk-in,Self pickup
O002205,2025-01-04,C0670,Retail farmer,V07,Chilli,Nursery bed,1500,0.91,0.0,1365.0,Cash,Walk-in,Self pickup
O002206,2025-01-04,C0959,Retail farmer,V12,Tomato,Pro-tray,2000,1.9,0.0,3800.0,UPI,Phone call,Self pickup
O002207,2025-01-05,C0960,Home gardener,V14,Marigold,Pro-tray,150,1.87,0.0,280.5,Cash,WhatsApp,Self pickup
O002208,2025-01-06,C0961,Wholesale / dealer,V01,Chilli,Nursery bed,7800,1.13,11.6,7791.58,UPI,Walk-in,Van delivery
O002209,2025-01-06,C0038,Retail farmer,V06,Chilli,Pro-tray,1800,1.38,0.0,2484.0,Credit,Walk-in,Self pickup
O002210,2025-01-06,C0264,Home gardener,V07,Chilli,Pro-tray,110,1.29,0.0,141.9,UPI,Walk-in,Self pickup
O002211,2025-01-06,C0334,Retail farmer,V12,Tomato,Nursery bed,1300,1.34,0.0,1742.0,Cash,Walk-in,Van delivery
O002212,2025-01-06,C0962,Retail farmer,V12,Tomato,Pro-tray,1300,1.94,0.0,2522.0,Cash,Walk-in,Self pickup
O002213,2025-01-07,C0245,Retail farmer,V08,Chilli,Nursery bed,1200,1.17,0.0,1404.0,UPI,Walk-in,Self pickup
O002214,2025-01-07,C0733,Retail farmer,V11,Capsicum,Pro-tray,2100,3.45,0.0,7245.0,UPI,Walk-in,Self pickup
O002215,2025-01-08,C0308,Retail farmer,V06,Chilli,Pro-tray,1700,1.38,0.0,2346.0,UPI,Walk-in,Self pickup
O002216,2025-01-08,C0963,Retail farmer,V12,Tomato,Pro-tray,1600,1.91,0.0,3056.0,Credit,Walk-in,Self pickup
O002217,2025-01-08,C0964,Retail farmer,V12,Tomato,Nursery bed,900,1.28,0.0,1152.0,UPI,Walk-in,Self pickup
O002218,2025-01-08,C0965,Retail farmer,V13,Brinjal,Pro-tray,800,1.3,0.0,1040.0,UPI,Walk-in,Self pickup
O002219,2025-01-09,C0156,Retail farmer,V13,Brinjal,Pro-tray,1100,1.26,0.0,1386.0,Credit,Walk-in,Self pickup
O002220,2025-01-09,C0676,Retail farmer,V13,Brinjal,Nursery bed,500,0.86,0.0,430.0,Credit,Walk-in,Self pickup
O002221,2025-01-09,C0966,Wholesale / dealer,V13,Brinjal,Nursery bed,2300,0.85,8.3,1792.74,Cash,WhatsApp,Self pickup
O002222,2025-01-10,C0523,Retail farmer,V07,Chilli,Pro-tray,1700,1.35,0.0,2295.0,UPI,Phone call,Self pickup
O002223,2025-01-10,C0653,Retail farmer,V13,Brinjal,Pro-tray,500,1.24,0.0,620.0,UPI,Walk-in,Van delivery
O002224,2025-01-11,C0967,Retail farmer,V04,Chilli,Nursery bed,1000,1.26,0.0,1260.0,Cash,Walk-in,Self pickup
O002225,2025-01-11,C0555,Wholesale / dealer,V13,Brinjal,Nursery bed,2700,0.81,11.1,1944.24,UPI,Walk-in,Self pickup
O002226,2025-01-12,C0485,Wholesale / dealer,V09,Chilli,Pro-tray,6300,1.76,9.9,9990.29,UPI,Phone call,Self pickup
O002227,2025-01-12,C0968,Retail farmer,V02,Chilli,Nursery bed,1200,1.08,0.0,1296.0,UPI,Phone call,Van delivery
O002228,2025-01-12,C0133,Retail farmer,V14,Marigold,Pro-tray,900,1.93,0.0,1737.0,Cash,Walk-in,Self pickup
O002229,2025-01-13,C0969,Home gardener,V14,Marigold,Pro-tray,200,1.94,0.0,388.0,UPI,WhatsApp,Self pickup
O002230,2025-01-14,C0012,Retail farmer,V04,Chilli,Nursery bed,1100,1.26,0.0,1386.0,UPI,Phone call,Self pickup
O002231,2025-01-14,C0725,Retail farmer,V03,Chilli,Pro-tray,800,1.71,0.0,1368.0,UPI,Phone call,Self pickup
O002232,2025-01-14,C0970,Retail farmer,V12,Tomato,Pro-tray,1200,1.91,0.0,2292.0,Credit,Phone call,Self pickup
O002233,2025-01-14,C0971,Retail farmer,V13,Brinjal,Pro-tray,1700,1.28,0.0,2176.0,UPI,Walk-in,Self pickup
O002234,2025-01-14,C0972,Retail farmer,V14,Marigold,Pro-tray,1700,1.91,0.0,3247.0,Credit,Walk-in,Self pickup
O002235,2025-01-14,C0503,Wholesale / dealer,V15,Marigold,Pro-tray,6900,1.84,9.9,11439.1,Credit,WhatsApp,Self pickup
O002236,2025-01-15,C0081,Retail farmer,V01,Chilli,Pro-tray,600,1.62,0.0,972.0,UPI,WhatsApp,Self pickup
O002237,2025-01-15,C0973,Retail farmer,V04,Chilli,Nursery bed,1700,1.28,0.0,2176.0,Cash,Walk-in,Self pickup
O002238,2025-01-15,C0941,Retail farmer,V11,Capsicum,Pro-tray,1500,3.39,0.0,5085.0,Cash,Walk-in,Self pickup
O002239,2025-01-15,C0001,Retail farmer,V12,Tomato,Nursery bed,1300,1.31,0.0,1703.0,UPI,Walk-in,Self pickup
O002240,2025-01-15,C0919,Retail farmer,V12,Tomato,Pro-tray,1700,1.92,0.0,3264.0,UPI,Phone call,Self pickup
O002241,2025-01-15,C0421,Retail farmer,V12,Tomato,Nursery bed,900,1.33,0.0,1197.0,Cash,WhatsApp,Self pickup
O002242,2025-01-17,C0974,Retail farmer,V06,Chilli,Nursery bed,900,0.97,0.0,873.0,UPI,WhatsApp,Self pickup
O002243,2025-01-17,C0975,Retail farmer,V08,Chilli,Nursery bed,1200,1.17,0.0,1404.0,Cash,Phone call,Self pickup
O002244,2025-01-17,C0976,Home gardener,V12,Tomato,Pro-tray,200,1.9,0.0,380.0,Credit,Walk-in,Self pickup
O002245,2025-01-18,C0240,Retail farmer,V08,Chilli,Pro-tray,2200,1.61,0.0,3542.0,Cash,Walk-in,Self pickup
O002246,2025-01-18,C0977,Retail farmer,V08,Chilli,Nursery bed,1600,1.19,0.0,1904.0,UPI,Walk-in,Self pickup
O002247,2025-01-18,C0627,Retail farmer,V13,Brinjal,Nursery bed,800,0.85,0.0,680.0,Cash,Walk-in,Van delivery
O002248,2025-01-18,C0978,Retail farmer,V13,Brinjal,Nursery bed,900,0.82,0.0,738.0,UPI,Phone call,Self pickup
O002249,2025-01-19,C0410,Wholesale / dealer,V01,Chilli,Nursery bed,1700,1.15,10.3,1753.63,Cash,WhatsApp,Self pickup
O002250,2025-01-19,C0979,Retail farmer,V02,Chilli,Nursery bed,2700,1.09,0.0,2943.0,Cash,WhatsApp,Self pickup
O002251,2025-01-19,C0980,Retail farmer,V07,Chilli,Pro-tray,1600,1.31,0.0,2096.0,UPI,Walk-in,Self pickup
O002252,2025-01-19,C0981,Wholesale / dealer,V07,Chilli,Pro-tray,7100,1.28,8.6,8306.43,Cash,Phone call,Self pickup
O002253,2025-01-19,C0622,Retail farmer,V12,Tomato,Nursery bed,1200,1.3,0.0,1560.0,UPI,Walk-in,Self pickup
O002254,2025-01-19,C0466,Retail farmer,V13,Brinjal,Pro-tray,700,1.23,0.0,861.0,UPI,Walk-in,Self pickup
O002255,2025-01-19,C0170,Retail farmer,V15,Marigold,Pro-tray,1300,1.75,0.0,2275.0,Cash,Walk-in,Self pickup
O002256,2025-01-20,C0162,Retail farmer,V07,Chilli,Nursery bed,1100,0.94,0.0,1034.0,UPI,Phone call,Self pickup
O002257,2025-01-20,C0982,Home gardener,V12,Tomato,Pro-tray,160,1.9,0.0,304.0,Credit,Walk-in,Self pickup
O002258,2025-01-20,C0983,Home gardener,V14,Marigold,Pro-tray,100,1.88,0.0,188.0,Cash,Walk-in,Self pickup
O002259,2025-01-21,C0702,Retail farmer,V12,Tomato,Pro-tray,500,1.9,0.0,950.0,Cash,Walk-in,Self pickup
O002260,2025-01-22,C0207,Retail farmer,V11,Capsicum,Pro-tray,800,3.37,0.0,2696.0,Cash,Phone call,Self pickup
O002261,2025-01-23,C0984,Retail farmer,V13,Brinjal,Nursery bed,400,0.85,0.0,340.0,Cash,Walk-in,Self pickup
O002262,2025-01-24,C0965,Retail farmer,V03,Chilli,Pro-tray,1800,1.78,0.0,3204.0,Cash,Walk-in,Self pickup
O002263,2025-01-25,C0481,Retail farmer,V13,Brinjal,Nursery bed,900,0.84,0.0,756.0,UPI,Walk-in,Self pickup
O002264,2025-01-26,C0985,Retail farmer,V06,Chilli,Pro-tray,3300,1.39,0.0,4587.0,Cash,Phone call,Van delivery
O002265,2025-01-27,C0986,Retail farmer,V13,Brinjal,Nursery bed,600,0.86,0.0,516.0,UPI,Phone call,Self pickup
O002266,2025-01-27,C0987,Home gardener,V13,Brinjal,Pro-tray,180,1.25,0.0,225.0,UPI,Phone call,Self pickup
O002267,2025-01-27,C0988,Retail farmer,V13,Brinjal,Pro-tray,2000,1.28,0.0,2560.0,UPI,Walk-in,Self pickup
O002268,2025-01-27,C0564,Retail farmer,V15,Marigold,Pro-tray,1000,1.75,0.0,1750.0,UPI,Phone call,Self pickup
O002269,2025-01-28,C0731,Wholesale / dealer,V07,Chilli,Pro-tray,13800,1.31,10.3,16215.97,Credit,WhatsApp,Van delivery
O002270,2025-01-28,C0989,Retail farmer,V13,Brinjal,Nursery bed,600,0.83,0.0,498.0,UPI,Phone call,Van delivery
O002271,2025-01-28,C0990,Retail farmer,V13,Brinjal,Nursery bed,600,0.85,0.0,510.0,Cash,Walk-in,Van delivery
O002272,2025-01-28,C0959,Retail farmer,V15,Marigold,Pro-tray,800,1.81,0.0,1448.0,UPI,Walk-in,Self pickup
O002273,2025-01-29,C0963,Retail farmer,V12,Tomato,Pro-tray,1000,1.93,0.0,1930.0,UPI,Walk-in,Self pickup
O002274,2025-01-30,C0185,Retail farmer,V01,Chilli,Pro-tray,1400,1.65,0.0,2310.0,Cash,Phone call,Self pickup
O002275,2025-01-30,C0160,Retail farmer,V12,Tomato,Pro-tray,2100,1.9,0.0,3990.0,Cash,WhatsApp,Self pickup
O002276,2025-01-31,C0915,Wholesale / dealer,V07,Chilli,Nursery bed,6700,0.93,10.1,5601.67,UPI,Walk-in,Self pickup
O002277,2025-01-31,C0296,Retail farmer,V05,Chilli,Pro-tray,2500,1.68,0.0,4200.0,UPI,Walk-in,Self pickup
O002278,2025-01-31,C0991,Retail farmer,V07,Chilli,Pro-tray,1900,1.28,0.0,2432.0,Cash,WhatsApp,Self pickup
O002279,2025-01-31,C0992,Home gardener,V12,Tomato,Pro-tray,150,1.86,0.0,279.0,Cash,Walk-in,Self pickup
O002280,2025-01-31,C0993,Retail farmer,V12,Tomato,Pro-tray,2000,1.84,0.0,3680.0,Cash,Phone call,Self pickup
O002281,2025-01-31,C0994,Home gardener,V13,Brinjal,Pro-tray,50,1.27,0.0,63.5,Cash,Walk-in,Self pickup
O002282,2025-01-31,C0897,Retail farmer,V14,Marigold,Pro-tray,400,1.92,0.0,768.0,UPI,WhatsApp,Self pickup
O002283,2025-02-01,C0644,Retail farmer,V01,Chilli,Pro-tray,2400,1.6,0.0,3840.0,UPI,Walk-in,Self pickup
O002284,2025-02-01,C0995,Home gardener,V14,Marigold,Pro-tray,170,1.83,0.0,311.1,Cash,Phone call,Self pickup
O002285,2025-02-02,C0792,Retail farmer,V12,Tomato,Pro-tray,800,1.88,0.0,1504.0,UPI,Phone call,Self pickup
O002286,2025-02-02,C0996,Retail farmer,V13,Brinjal,Nursery bed,600,0.83,0.0,498.0,Cash,Phone call,Self pickup
O002287,2025-02-03,C0997,Retail farmer,V11,Capsicum,Pro-tray,1800,3.41,0.0,6138.0,UPI,Walk-in,Self pickup
O002288,2025-02-03,C0335,Retail farmer,V13,Brinjal,Nursery bed,2300,0.83,0.0,1909.0,UPI,Walk-in,Self pickup
O002289,2025-02-05,C0476,Retail farmer,V01,Chilli,Pro-tray,2700,1.62,0.0,4374.0,UPI,Phone call,Self pickup
O002290,2025-02-05,C0189,Retail farmer,V12,Tomato,Pro-tray,2100,1.94,0.0,4074.0,Cash,WhatsApp,Van delivery
O002291,2025-02-05,C0998,Retail farmer,V14,Marigold,Nursery bed,600,1.38,0.0,828.0,UPI,Phone call,Self pickup
O002292,2025-02-06,C0102,Retail farmer,V03,Chilli,Pro-tray,2300,1.77,0.0,4071.0,UPI,WhatsApp,Self pickup
O002293,2025-02-06,C0999,Retail farmer,V10,Chilli,Nursery bed,1000,1.0,0.0,1000.0,Cash,Walk-in,Self pickup
O002294,2025-02-06,C1000,Home gardener,V13,Brinjal,Pro-tray,200,1.29,0.0,258.0,Cash,Walk-in,Self pickup
O002295,2025-02-06,C1001,Retail farmer,V13,Brinjal,Pro-tray,1100,1.23,0.0,1353.0,Credit,Phone call,Self pickup
O002296,2025-02-06,C0179,Retail farmer,V15,Marigold,Pro-tray,1400,1.79,0.0,2506.0,UPI,Phone call,Self pickup
O002297,2025-02-06,C0801,Retail farmer,V15,Marigold,Nursery bed,1200,1.33,0.0,1596.0,Credit,Phone call,Self pickup
O002298,2025-02-07,C0769,Wholesale / dealer,V08,Chilli,Pro-tray,3200,1.66,8.1,4881.73,Credit,WhatsApp,Self pickup
O002299,2025-02-07,C0308,Retail farmer,V06,Chilli,Pro-tray,1300,1.39,0.0,1807.0,Cash,Walk-in,Self pickup
O002300,2025-02-08,C1002,Retail farmer,V11,Capsicum,Pro-tray,400,3.3,0.0,1320.0,Cash,WhatsApp,Van delivery
O002301,2025-02-08,C0043,Retail farmer,V13,Brinjal,Nursery bed,1300,0.82,0.0,1066.0,UPI,Walk-in,Self pickup
O002302,2025-02-08,C0149,Retail farmer,V13,Brinjal,Pro-tray,2000,1.29,0.0,2580.0,Cash,Phone call,Self pickup
O002303,2025-02-09,C1003,Retail farmer,V05,Chilli,Nursery bed,2900,1.15,0.0,3335.0,UPI,Walk-in,Van delivery
O002304,2025-02-09,C1004,Retail farmer,V07,Chilli,Pro-tray,1500,1.31,0.0,1965.0,UPI,Phone call,Self pickup
O002305,2025-02-09,C0644,Retail farmer,V13,Brinjal,Pro-tray,700,1.26,0.0,882.0,Cash,Walk-in,Self pickup
O002306,2025-02-09,C1005,Retail farmer,V14,Marigold,Pro-tray,600,1.93,0.0,1158.0,UPI,WhatsApp,Self pickup
O002307,2025-02-09,C1006,Retail farmer,V15,Marigold,Pro-tray,1200,1.82,0.0,2184.0,UPI,Phone call,Self pickup
O002308,2025-02-09,C0633,Retail farmer,V15,Marigold,Nursery bed,2800,1.3,0.0,3640.0,UPI,Phone call,Self pickup
O002309,2025-02-10,C0445,Retail farmer,V01,Chilli,Pro-tray,1500,1.6,0.0,2400.0,UPI,Phone call,Self pickup
O002310,2025-02-10,C0323,Wholesale / dealer,V12,Tomato,Pro-tray,12800,1.91,9.2,22198.78,Credit,Walk-in,Self pickup
O002311,2025-02-13,C1007,Retail farmer,V02,Chilli,Pro-tray,2000,1.6,0.0,3200.0,Cash,Phone call,Van delivery
O002312,2025-02-13,C1008,Retail farmer,V03,Chilli,Pro-tray,1900,1.72,0.0,3268.0,UPI,WhatsApp,Self pickup
O002313,2025-02-14,C0113,Retail farmer,V12,Tomato,Pro-tray,3700,1.88,0.0,6956.0,UPI,Phone call,Self pickup
O002314,2025-02-14,C0035,Home gardener,V13,Brinjal,Pro-tray,50,1.25,0.0,62.5,UPI,Walk-in,Van delivery
O002315,2025-02-14,C1009,Retail farmer,V15,Marigold,Pro-tray,1200,1.82,0.0,2184.0,UPI,Walk-in,Self pickup
O002316,2025-02-15,C0231,Retail farmer,V13,Brinjal,Pro-tray,2100,1.23,0.0,2583.0,Cash,Walk-in,Self pickup
O002317,2025-02-15,C0676,Retail farmer,V15,Marigold,Pro-tray,1800,1.79,0.0,3222.0,Credit,Walk-in,Self pickup
O002318,2025-02-16,C1010,Retail farmer,V07,Chilli,Pro-tray,1300,1.28,0.0,1664.0,Credit,WhatsApp,Self pickup
O002319,2025-02-16,C1011,Retail farmer,V02,Chilli,Nursery bed,1500,1.11,0.0,1665.0,Cash,WhatsApp,Self pickup
O002320,2025-02-16,C1012,Retail farmer,V03,Chilli,Pro-tray,5400,1.75,1.4,9317.7,Credit,WhatsApp,Van delivery
O002321,2025-02-16,C0661,Wholesale / dealer,V12,Tomato,Pro-tray,5400,1.84,10.0,8942.4,Credit,Walk-in,Van delivery
O002322,2025-02-16,C1013,Home gardener,V13,Brinjal,Pro-tray,200,1.28,0.0,256.0,Cash,WhatsApp,Self pickup
O002323,2025-02-17,C0900,Retail farmer,V09,Chilli,Pro-tray,1200,1.74,0.0,2088.0,UPI,Phone call,Self pickup
O002324,2025-02-18,C1014,Home gardener,V09,Chilli,Pro-tray,110,1.82,0.0,200.2,UPI,WhatsApp,Self pickup
O002325,2025-02-19,C0326,Retail farmer,V12,Tomato,Pro-tray,2000,1.89,0.0,3780.0,Cash,Walk-in,Self pickup
O002326,2025-02-19,C1015,Retail farmer,V13,Brinjal,Pro-tray,300,1.26,0.0,378.0,Cash,WhatsApp,Self pickup
O002327,2025-02-19,C1016,Home gardener,V14,Marigold,Pro-tray,70,1.9,0.0,133.0,Cash,Walk-in,Self pickup
O002328,2025-02-20,C1017,Retail farmer,V13,Brinjal,Pro-tray,900,1.27,0.0,1143.0,Cash,WhatsApp,Self pickup
O002329,2025-02-21,C1018,Retail farmer,V03,Chilli,Nursery bed,1000,1.19,0.0,1190.0,Cash,Walk-in,Self pickup
O002330,2025-02-21,C0334,Retail farmer,V14,Marigold,Pro-tray,600,1.88,0.0,1128.0,Credit,Walk-in,Self pickup
O002331,2025-02-22,C1019,Home gardener,V11,Capsicum,Pro-tray,190,3.45,0.0,655.5,UPI,Walk-in,Self pickup
O002332,2025-02-23,C1020,Wholesale / dealer,V01,Chilli,Nursery bed,6700,1.18,10.7,7060.06,Cash,Walk-in,Van delivery
O002333,2025-02-23,C1021,Retail farmer,V13,Brinjal,Pro-tray,900,1.23,0.0,1107.0,Cash,WhatsApp,Self pickup
O002334,2025-02-23,C1022,Home gardener,V13,Brinjal,Pro-tray,190,1.25,0.0,237.5,Cash,WhatsApp,Self pickup
O002335,2025-02-25,C0569,Retail farmer,V07,Chilli,Pro-tray,1500,1.33,0.0,1995.0,UPI,Walk-in,Self pickup
O002336,2025-02-25,C0936,Retail farmer,V15,Marigold,Pro-tray,1100,1.84,0.0,2024.0,Credit,Phone call,Van delivery
O002337,2025-02-26,C1023,Retail farmer,V13,Brinjal,Pro-tray,900,1.28,0.0,1152.0,Cash,Walk-in,Self pickup
O002338,2025-02-27,C1024,Retail farmer,V13,Brinjal,Nursery bed,1600,0.82,0.0,1312.0,Cash,WhatsApp,Self pickup
O002339,2025-02-28,C0816,Retail farmer,V09,Chilli,Nursery bed,3000,1.26,0.0,3780.0,Cash,Walk-in,Self pickup
O002340,2025-02-28,C0347,Wholesale / dealer,V15,Marigold,Pro-tray,3100,1.75,10.3,4866.23,Credit,Walk-in,Van delivery
O002341,2025-03-01,C1025,Retail farmer,V06,Chilli,Nursery bed,1600,0.92,0.0,1472.0,UPI,Walk-in,Self pickup
O002342,2025-03-02,C1026,Retail farmer,V02,Chilli,Pro-tray,1700,1.59,0.0,2703.0,Cash,WhatsApp,Self pickup
O002343,2025-03-02,C1027,Retail farmer,V13,Brinjal,Pro-tray,700,1.27,0.0,889.0,UPI,Walk-in,Self pickup
O002344,2025-03-02,C1028,Home gardener,V13,Brinjal,Pro-tray,160,1.26,0.0,201.6,Cash,Walk-in,Self pickup
O002345,2025-03-02,C0418,Wholesale / dealer,V13,Brinjal,Nursery bed,3500,0.84,8.8,2681.28,Cash,WhatsApp,Self pickup
O002346,2025-03-02,C1029,Home gardener,V15,Marigold,Pro-tray,70,1.8,0.0,126.0,UPI,Walk-in,Self pickup
O002347,2025-03-03,C0424,Retail farmer,V07,Chilli,Pro-tray,3400,1.28,0.0,4352.0,UPI,Phone call,Self pickup
O002348,2025-03-03,C1030,Retail farmer,V06,Chilli,Pro-tray,700,1.37,0.0,959.0,Cash,WhatsApp,Self pickup
O002349,2025-03-03,C0823,Retail farmer,V12,Tomato,Nursery bed,1500,1.35,0.0,2025.0,UPI,Phone call,Self pickup
O002350,2025-03-04,C0108,Retail farmer,V04,Chilli,Nursery bed,500,1.24,0.0,620.0,UPI,Walk-in,Self pickup
O002351,2025-03-04,C0781,Retail farmer,V12,Tomato,Pro-tray,600,1.85,0.0,1110.0,UPI,WhatsApp,Self pickup
O002352,2025-03-04,C1031,Retail farmer,V13,Brinjal,Pro-tray,4000,1.22,0.0,4880.0,Cash,Phone call,Self pickup
O002353,2025-03-05,C1001,Retail farmer,V13,Brinjal,Pro-tray,1200,1.22,0.0,1464.0,UPI,Walk-in,Self pickup
O002354,2025-03-06,C0027,Retail farmer,V06,Chilli,Nursery bed,1600,0.93,0.0,1488.0,UPI,WhatsApp,Self pickup
O002355,2025-03-06,C1032,Home gardener,V12,Tomato,Pro-tray,170,1.87,0.0,317.9,UPI,Phone call,Self pickup
O002356,2025-03-07,C1033,Retail farmer,V13,Brinjal,Nursery bed,500,0.84,0.0,420.0,Cash,Walk-in,Self pickup
O002357,2025-03-08,C0978,Retail farmer,V10,Chilli,Nursery bed,1900,0.98,0.0,1862.0,Credit,Walk-in,Self pickup
O002358,2025-03-08,C0449,Retail farmer,V01,Chilli,Pro-tray,2000,1.6,0.0,3200.0,UPI,Phone call,Self pickup
O002359,2025-03-08,C1034,Home gardener,V14,Marigold,Pro-tray,160,1.94,0.0,310.4,UPI,Phone call,Self pickup
O002360,2025-03-09,C0931,Wholesale / dealer,V07,Chilli,Nursery bed,7100,0.93,10.0,5942.7,Credit,WhatsApp,Self pickup
O002361,2025-03-10,C1035,Retail farmer,V06,Chilli,Pro-tray,1600,1.4,0.0,2240.0,Cash,Phone call,Self pickup
O002362,2025-03-10,C1036,Retail farmer,V09,Chilli,Pro-tray,3700,1.78,0.0,6586.0,UPI,Walk-in,Self pickup
O002363,2025-03-10,C0682,Retail farmer,V13,Brinjal,Nursery bed,600,0.83,0.0,498.0,UPI,Walk-in,Self pickup
O002364,2025-03-11,C0760,Retail farmer,V07,Chilli,Pro-tray,2600,1.28,0.0,3328.0,UPI,Walk-in,Self pickup
O002365,2025-03-11,C1037,Retail farmer,V14,Marigold,Pro-tray,800,1.89,0.0,1512.0,Cash,Walk-in,Self pickup
O002366,2025-03-12,C1038,Retail farmer,V13,Brinjal,Pro-tray,900,1.23,0.0,1107.0,UPI,Walk-in,Self pickup
O002367,2025-03-13,C0572,Retail farmer,V02,Chilli,Nursery bed,1000,1.08,0.0,1080.0,Cash,Phone call,Self pickup
O002368,2025-03-13,C0902,Retail farmer,V12,Tomato,Pro-tray,700,1.9,0.0,1330.0,Cash,Phone call,Self pickup
O002369,2025-03-14,C0709,Retail farmer,V10,Chilli,Pro-tray,800,1.4,0.0,1120.0,UPI,Walk-in,Self pickup
O002370,2025-03-14,C1039,Wholesale / dealer,V03,Chilli,Nursery bed,9900,1.22,9.3,10954.75,Cash,Walk-in,Van delivery
O002371,2025-03-15,C0219,Retail farmer,V07,Chilli,Nursery bed,1100,0.91,0.0,1001.0,UPI,Walk-in,Self pickup
O002372,2025-03-15,C0587,Retail farmer,V07,Chilli,Pro-tray,4800,1.32,0.0,6336.0,UPI,Walk-in,Self pickup
O002373,2025-03-15,C0123,Retail farmer,V11,Capsicum,Pro-tray,800,3.37,0.0,2696.0,Cash,Walk-in,Self pickup
O002374,2025-03-15,C0406,Retail farmer,V12,Tomato,Nursery bed,600,1.32,0.0,792.0,Cash,Walk-in,Van delivery
O002375,2025-03-15,C1040,Retail farmer,V13,Brinjal,Pro-tray,2500,1.25,0.0,3125.0,UPI,Phone call,Van delivery
O002376,2025-03-16,C0741,Retail farmer,V02,Chilli,Pro-tray,1300,1.54,0.0,2002.0,UPI,Walk-in,Self pickup
O002377,2025-03-16,C1041,Retail farmer,V05,Chilli,Pro-tray,1600,1.68,0.0,2688.0,Cash,Walk-in,Self pickup
O002378,2025-03-16,C0558,Retail farmer,V04,Chilli,Pro-tray,600,1.74,0.0,1044.0,UPI,Walk-in,Self pickup
O002379,2025-03-16,C0359,Home gardener,V12,Tomato,Pro-tray,170,1.88,0.0,319.6,Credit,Walk-in,Self pickup
O002380,2025-03-16,C1042,Retail farmer,V14,Marigold,Pro-tray,1000,1.85,0.0,1850.0,Cash,Walk-in,Self pickup
O002381,2025-03-17,C0130,Retail farmer,V10,Chilli,Nursery bed,2500,1.0,0.0,2500.0,UPI,WhatsApp,Self pickup
O002382,2025-03-17,C0871,Retail farmer,V08,Chilli,Pro-tray,6700,1.66,1.2,10988.54,UPI,Walk-in,Self pickup
O002383,2025-03-17,C1043,Retail farmer,V01,Chilli,Pro-tray,600,1.67,0.0,1002.0,Cash,WhatsApp,Van delivery
O002384,2025-03-17,C0772,Retail farmer,V11,Capsicum,Pro-tray,1200,3.33,0.0,3996.0,UPI,Phone call,Self pickup
O002385,2025-03-17,C0333,Retail farmer,V13,Brinjal,Pro-tray,1300,1.29,0.0,1677.0,Cash,WhatsApp,Self pickup
O002386,2025-03-17,C1044,Retail farmer,V13,Brinjal,Nursery bed,1000,0.83,0.0,830.0,UPI,Walk-in,Self pickup
O002387,2025-03-18,C0008,Wholesale / dealer,V13,Brinjal,Nursery bed,5300,0.81,9.2,3898.04,Credit,WhatsApp,Van delivery
O002388,2025-03-19,C0871,Retail farmer,V02,Chilli,Pro-tray,1900,1.53,0.0,2907.0,Cash,Walk-in,Van delivery
O002389,2025-03-19,C0150,Retail farmer,V08,Chilli,Pro-tray,900,1.62,0.0,1458.0,Cash,Walk-in,Self pickup
O002390,2025-03-20,C0576,Retail farmer,V13,Brinjal,Nursery bed,600,0.85,0.0,510.0,Cash,Walk-in,Self pickup
O002391,2025-03-21,C0405,Retail farmer,V12,Tomato,Pro-tray,3600,1.85,0.0,6660.0,Cash,WhatsApp,Van delivery
O002392,2025-03-22,C1045,Retail farmer,V09,Chilli,Pro-tray,1300,1.83,0.0,2379.0,Cash,Phone call,Self pickup
O002393,2025-03-22,C1046,Retail farmer,V07,Chilli,Nursery bed,1100,0.91,0.0,1001.0,Cash,Walk-in,Self pickup
O002394,2025-03-22,C1047,Wholesale / dealer,V13,Brinjal,Pro-tray,5000,1.27,8.5,5810.25,UPI,Walk-in,Self pickup
O002395,2025-03-23,C0608,Retail farmer,V09,Chilli,Nursery bed,500,1.27,0.0,635.0,UPI,Phone call,Self pickup
O002396,2025-03-23,C1048,Retail farmer,V03,Chilli,Nursery bed,1100,1.18,0.0,1298.0,Cash,Phone call,Self pickup
O002397,2025-03-23,C0811,Retail farmer,V13,Brinjal,Pro-tray,800,1.28,0.0,1024.0,Cash,Phone call,Self pickup
O002398,2025-03-24,C1049,Retail farmer,V12,Tomato,Pro-tray,2700,1.88,0.0,5076.0,UPI,WhatsApp,Self pickup
O002399,2025-03-24,C0849,Retail farmer,V15,Marigold,Pro-tray,1800,1.75,0.0,3150.0,Credit,Walk-in,Self pickup
O002400,2025-03-25,C1050,Retail farmer,V10,Chilli,Pro-tray,2200,1.44,0.0,3168.0,Credit,Walk-in,Van delivery
O002401,2025-03-25,C0189,Retail farmer,V13,Brinjal,Nursery bed,1100,0.86,0.0,946.0,UPI,Walk-in,Self pickup
O002402,2025-03-25,C1051,Home gardener,V14,Marigold,Pro-tray,190,1.84,0.0,349.6,Cash,WhatsApp,Self pickup
O002403,2025-03-26,C1052,Wholesale / dealer,V03,Chilli,Pro-tray,40600,1.73,11.5,62160.63,Cash,WhatsApp,Van delivery
O002404,2025-03-26,C0165,Retail farmer,V09,Chilli,Pro-tray,2700,1.83,0.0,4941.0,Cash,Walk-in,Self pickup
O002405,2025-03-26,C1053,Retail farmer,V09,Chilli,Pro-tray,2500,1.79,0.0,4475.0,Cash,Phone call,Self pickup
O002406,2025-03-26,C1054,Retail farmer,V15,Marigold,Pro-tray,1500,1.74,0.0,2610.0,Cash,Walk-in,Van delivery
O002407,2025-03-26,C0569,Retail farmer,V14,Marigold,Pro-tray,1300,1.94,0.0,2522.0,Credit,WhatsApp,Self pickup
O002408,2025-03-27,C0892,Wholesale / dealer,V02,Chilli,Nursery bed,3400,1.1,8.4,3425.84,Credit,Walk-in,Self pickup
O002409,2025-03-30,C1055,Retail farmer,V06,Chilli,Nursery bed,700,0.97,0.0,679.0,UPI,Walk-in,Self pickup
O002410,2025-03-30,C0174,Retail farmer,V07,Chilli,Pro-tray,2700,1.33,0.0,3591.0,Cash,Walk-in,Self pickup
O002411,2025-03-30,C0863,Wholesale / dealer,V08,Chilli,Nursery bed,20700,1.12,11.4,20541.02,UPI,WhatsApp,Van delivery
O002412,2025-03-30,C0525,Retail farmer,V07,Chilli,Pro-tray,1700,1.33,0.0,2261.0,Cash,Walk-in,Self pickup
O002413,2025-03-30,C0248,Wholesale / dealer,V15,Marigold,Pro-tray,3300,1.81,8.2,5483.21,UPI,Walk-in,Self pickup
O002414,2025-03-31,C1056,Wholesale / dealer,V13,Brinjal,Nursery bed,3100,0.85,9.2,2392.58,Credit,WhatsApp,Self pickup
O002415,2025-03-31,C0961,Wholesale / dealer,V13,Brinjal,Pro-tray,1300,1.24,9.8,1454.02,UPI,Walk-in,Self pickup
O002416,2025-04-01,C1057,Retail farmer,V04,Chilli,Pro-tray,1400,1.74,0.0,2436.0,Credit,Walk-in,Self pickup
O002417,2025-04-01,C1058,Retail farmer,V01,Chilli,Pro-tray,1100,1.59,0.0,1749.0,Cash,WhatsApp,Self pickup
O002418,2025-04-01,C1059,Wholesale / dealer,V08,Chilli,Pro-tray,3900,1.67,8.3,5972.42,Credit,Walk-in,Self pickup
O002419,2025-04-01,C0365,Retail farmer,V11,Capsicum,Pro-tray,1400,3.43,0.0,4802.0,Cash,Walk-in,Self pickup
O002420,2025-04-01,C0534,Retail farmer,V13,Brinjal,Pro-tray,800,1.23,0.0,984.0,Cash,WhatsApp,Self pickup
O002421,2025-04-02,C0284,Retail farmer,V01,Chilli,Pro-tray,1200,1.64,0.0,1968.0,Credit,Walk-in,Self pickup
O002422,2025-04-02,C0786,Retail farmer,V13,Brinjal,Nursery bed,1600,0.82,0.0,1312.0,UPI,Walk-in,Self pickup
O002423,2025-04-03,C1060,Retail farmer,V04,Chilli,Pro-tray,2300,1.77,0.0,4071.0,UPI,WhatsApp,Self pickup
O002424,2025-04-03,C1061,Retail farmer,V04,Chilli,Pro-tray,1400,1.75,0.0,2450.0,UPI,WhatsApp,Self pickup
O002425,2025-04-03,C1062,Retail farmer,V12,Tomato,Pro-tray,1300,1.94,0.0,2522.0,Credit,WhatsApp,Self pickup
O002426,2025-04-03,C1063,Retail farmer,V12,Tomato,Nursery bed,900,1.29,0.0,1161.0,UPI,Phone call,Self pickup
O002427,2025-04-03,C1064,Retail farmer,V13,Brinjal,Nursery bed,800,0.82,0.0,656.0,UPI,WhatsApp,Self pickup
O002428,2025-04-04,C1065,Retail farmer,V04,Chilli,Pro-tray,600,1.77,0.0,1062.0,Cash,Walk-in,Self pickup
O002429,2025-04-04,C1066,Retail farmer,V05,Chilli,Nursery bed,1800,1.2,0.0,2160.0,Credit,Phone call,Self pickup
O002430,2025-04-04,C1067,Home gardener,V13,Brinjal,Pro-tray,30,1.28,0.0,38.4,Cash,Phone call,Self pickup
O002431,2025-04-05,C1068,Wholesale / dealer,V08,Chilli,Pro-tray,1700,1.58,8.8,2449.63,Credit,Walk-in,Self pickup
O002432,2025-04-05,C0449,Retail farmer,V07,Chilli,Pro-tray,1100,1.31,0.0,1441.0,Cash,Phone call,Self pickup
O002433,2025-04-06,C0692,Retail farmer,V06,Chilli,Pro-tray,1000,1.34,0.0,1340.0,UPI,Walk-in,Self pickup
O002434,2025-04-07,C1069,Retail farmer,V04,Chilli,Pro-tray,1600,1.83,0.0,2928.0,UPI,Phone call,Self pickup
O002435,2025-04-07,C0002,Retail farmer,V12,Tomato,Nursery bed,1900,1.31,0.0,2489.0,Cash,WhatsApp,Van delivery
O002436,2025-04-08,C1070,Retail farmer,V10,Chilli,Nursery bed,1700,1.0,0.0,1700.0,Cash,Phone call,Self pickup
O002437,2025-04-08,C0753,Retail farmer,V08,Chilli,Pro-tray,4700,1.61,0.0,7567.0,UPI,WhatsApp,Self pickup
O002438,2025-04-08,C0266,Wholesale / dealer,V11,Capsicum,Pro-tray,3600,3.38,9.9,10963.37,UPI,Walk-in,Self pickup
O002439,2025-04-08,C0864,Retail farmer,V12,Tomato,Pro-tray,800,1.93,0.0,1544.0,UPI,Walk-in,Self pickup
O002440,2025-04-08,C1071,Retail farmer,V12,Tomato,Nursery bed,400,1.33,0.0,532.0,UPI,Walk-in,Self pickup
O002441,2025-04-09,C0966,Wholesale / dealer,V06,Chilli,Pro-tray,8100,1.32,11.1,9505.19,Cash,Walk-in,Van delivery
O002442,2025-04-10,C0417,Wholesale / dealer,V07,Chilli,Nursery bed,3000,0.94,8.4,2583.12,UPI,WhatsApp,Self pickup
O002443,2025-04-10,C0375,Retail farmer,V06,Chilli,Pro-tray,1200,1.36,0.0,1632.0,UPI,Walk-in,Self pickup
O002444,2025-04-10,C1072,Retail farmer,V14,Marigold,Nursery bed,1300,1.4,0.0,1820.0,Credit,Walk-in,Self pickup
O002445,2025-04-11,C1073,Retail farmer,V01,Chilli,Pro-tray,1000,1.6,0.0,1600.0,UPI,Phone call,Self pickup
O002446,2025-04-11,C1074,Retail farmer,V11,Capsicum,Pro-tray,1000,3.37,0.0,3370.0,UPI,Phone call,Self pickup
O002447,2025-04-12,C0409,Wholesale / dealer,V08,Chilli,Pro-tray,3400,1.61,8.1,5030.61,Cash,Walk-in,Van delivery
O002448,2025-04-12,C1075,Retail farmer,V15,Marigold,Pro-tray,700,1.83,0.0,1281.0,Cash,Walk-in,Self pickup
O002449,2025-04-13,C0008,Wholesale / dealer,V03,Chilli,Pro-tray,6400,1.78,8.3,10446.46,UPI,Walk-in,Van delivery
O002450,2025-04-13,C0124,Retail farmer,V03,Chilli,Nursery bed,1400,1.2,0.0,1680.0,Credit,Walk-in,Self pickup
O002451,2025-04-13,C1076,Wholesale / dealer,V03,Chilli,Pro-tray,6100,1.75,11.8,9415.35,UPI,Walk-in,Self pickup
O002452,2025-04-13,C0287,Wholesale / dealer,V11,Capsicum,Pro-tray,6400,3.31,8.5,19383.36,Credit,WhatsApp,Van delivery
O002453,2025-04-13,C1077,Retail farmer,V13,Brinjal,Pro-tray,1100,1.28,0.0,1408.0,Cash,Walk-in,Self pickup
O002454,2025-04-13,C1078,Retail farmer,V14,Marigold,Pro-tray,700,1.93,0.0,1351.0,Cash,Phone call,Self pickup
O002455,2025-04-14,C0127,Retail farmer,V02,Chilli,Pro-tray,1100,1.57,0.0,1727.0,Credit,Phone call,Self pickup
O002456,2025-04-15,C1079,Home gardener,V03,Chilli,Pro-tray,50,1.75,0.0,87.5,Cash,WhatsApp,Self pickup
O002457,2025-04-15,C1080,Retail farmer,V05,Chilli,Pro-tray,2000,1.64,0.0,3280.0,Cash,WhatsApp,Van delivery
O002458,2025-04-15,C1081,Retail farmer,V12,Tomato,Nursery bed,700,1.3,0.0,910.0,UPI,Walk-in,Self pickup
O002459,2025-04-16,C1082,Retail farmer,V03,Chilli,Pro-tray,1500,1.7,0.0,2550.0,Cash,Walk-in,Self pickup
O002460,2025-04-16,C0815,Retail farmer,V04,Chilli,Nursery bed,2500,1.22,0.0,3050.0,UPI,Phone call,Self pickup
O002461,2025-04-16,C0972,Retail farmer,V04,Chilli,Pro-tray,1500,1.84,0.0,2760.0,UPI,Phone call,Self pickup
O002462,2025-04-16,C0251,Retail farmer,V05,Chilli,Nursery bed,1300,1.14,0.0,1482.0,UPI,Walk-in,Self pickup
O002463,2025-04-16,C0122,Retail farmer,V12,Tomato,Nursery bed,500,1.35,0.0,675.0,UPI,Phone call,Self pickup
O002464,2025-04-16,C1083,Retail farmer,V13,Brinjal,Nursery bed,1100,0.83,0.0,913.0,UPI,Walk-in,Van delivery
O002465,2025-04-17,C0325,Retail farmer,V01,Chilli,Nursery bed,1400,1.16,0.0,1624.0,Cash,Phone call,Van delivery
O002466,2025-04-17,C0066,Wholesale / dealer,V13,Brinjal,Nursery bed,1600,0.81,11.3,1149.55,Credit,Walk-in,Self pickup
O002467,2025-04-17,C1084,Retail farmer,V13,Brinjal,Pro-tray,1400,1.29,0.0,1806.0,Cash,Phone call,Van delivery
O002468,2025-04-18,C0579,Wholesale / dealer,V08,Chilli,Nursery bed,5500,1.17,8.1,5913.76,Credit,Walk-in,Van delivery
O002469,2025-04-18,C0514,Wholesale / dealer,V03,Chilli,Nursery bed,28000,1.19,9.6,30121.28,UPI,Phone call,Van delivery
O002470,2025-04-20,C1085,Home gardener,V03,Chilli,Pro-tray,170,1.76,0.0,299.2,Cash,WhatsApp,Self pickup
O002471,2025-04-20,C1086,Retail farmer,V14,Marigold,Nursery bed,800,1.33,0.0,1064.0,Cash,Walk-in,Self pickup
O002472,2025-04-21,C0739,Retail farmer,V06,Chilli,Pro-tray,1700,1.37,0.0,2329.0,UPI,Phone call,Self pickup
O002473,2025-04-21,C0249,Wholesale / dealer,V10,Chilli,Nursery bed,6300,1.02,11.6,5680.58,Credit,Phone call,Van delivery
O002474,2025-04-21,C0130,Retail farmer,V01,Chilli,Pro-tray,600,1.65,0.0,990.0,UPI,Phone call,Van delivery
O002475,2025-04-21,C1087,Retail farmer,V11,Capsicum,Pro-tray,1200,3.43,0.0,4116.0,UPI,Phone call,Self pickup
O002476,2025-04-22,C0252,Retail farmer,V01,Chilli,Pro-tray,2300,1.59,0.0,3657.0,Cash,Walk-in,Self pickup
O002477,2025-04-22,C1088,Wholesale / dealer,V05,Chilli,Nursery bed,5300,1.19,8.7,5758.29,UPI,Walk-in,Van delivery
O002478,2025-04-22,C0961,Wholesale / dealer,V01,Chilli,Pro-tray,10700,1.64,10.8,15652.82,Cash,Walk-in,Van delivery
O002479,2025-04-22,C1089,Retail farmer,V13,Brinjal,Nursery bed,900,0.83,0.0,747.0,Cash,WhatsApp,Self pickup
O002480,2025-04-22,C1090,Retail farmer,V14,Marigold,Pro-tray,600,1.85,0.0,1110.0,Cash,WhatsApp,Self pickup
O002481,2025-04-23,C1091,Retail farmer,V08,Chilli,Pro-tray,2200,1.63,0.0,3586.0,Cash,Walk-in,Self pickup
O002482,2025-04-23,C1092,Retail farmer,V03,Chilli,Pro-tray,1300,1.73,0.0,2249.0,Credit,Walk-in,Self pickup
O002483,2025-04-24,C1093,Wholesale / dealer,V07,Chilli,Pro-tray,4100,1.28,10.1,4717.95,Credit,Walk-in,Self pickup
O002484,2025-04-25,C0900,Retail farmer,V07,Chilli,Pro-tray,1400,1.3,0.0,1820.0,UPI,Walk-in,Self pickup
O002485,2025-04-25,C0804,Retail farmer,V03,Chilli,Pro-tray,500,1.71,0.0,855.0,Cash,Walk-in,Self pickup
O002486,2025-04-25,C1094,Retail farmer,V13,Brinjal,Nursery bed,2400,0.82,0.0,1968.0,UPI,Walk-in,Self pickup
O002487,2025-04-25,C1095,Retail farmer,V13,Brinjal,Pro-tray,500,1.28,0.0,640.0,UPI,Walk-in,Self pickup
O002488,2025-04-26,C0731,Wholesale / dealer,V03,Chilli,Pro-tray,5600,1.74,10.9,8681.9,UPI,Walk-in,Van delivery
O002489,2025-04-26,C0005,Wholesale / dealer,V12,Tomato,Nursery bed,1900,1.35,10.2,2303.37,UPI,Walk-in,Self pickup
O002490,2025-04-26,C1096,Retail farmer,V13,Brinjal,Pro-tray,1400,1.29,0.0,1806.0,Cash,Walk-in,Self pickup
O002491,2025-04-26,C0423,Retail farmer,V15,Marigold,Pro-tray,2600,1.84,0.0,4784.0,Cash,Phone call,Self pickup
O002492,2025-04-27,C0790,Retail farmer,V03,Chilli,Pro-tray,400,1.73,0.0,692.0,UPI,Walk-in,Self pickup
O002493,2025-04-27,C0443,Retail farmer,V09,Chilli,Pro-tray,1700,1.75,0.0,2975.0,Cash,Phone call,Van delivery
O002494,2025-04-27,C0580,Retail farmer,V05,Chilli,Nursery bed,1100,1.21,0.0,1331.0,Cash,Phone call,Self pickup
O002495,2025-04-27,C0869,Retail farmer,V11,Capsicum,Pro-tray,700,3.44,0.0,2408.0,UPI,Walk-in,Self pickup
O002496,2025-04-28,C1070,Retail farmer,V15,Marigold,Pro-tray,1600,1.75,0.0,2800.0,Cash,Phone call,Self pickup
O002497,2025-04-29,C1097,Retail farmer,V07,Chilli,Pro-tray,5200,1.34,3.2,6745.02,UPI,Phone call,Van delivery
O002498,2025-04-29,C0462,Retail farmer,V12,Tomato,Pro-tray,1500,1.85,0.0,2775.0,UPI,Phone call,Self pickup
O002499,2025-04-30,C1056,Wholesale / dealer,V12,Tomato,Nursery bed,5000,1.32,11.0,5874.0,Credit,Phone call,Van delivery
O002500,2025-04-30,C1098,Retail farmer,V13,Brinjal,Nursery bed,1400,0.86,0.0,1204.0,Cash,WhatsApp,Self pickup
O002501,2025-04-30,C0108,Retail farmer,V14,Marigold,Pro-tray,1100,1.85,0.0,2035.0,Credit,Walk-in,Self pickup
O002502,2025-04-30,C0486,Wholesale / dealer,V14,Marigold,Pro-tray,4900,1.88,10.9,8207.89,Credit,Walk-in,Self pickup
O002503,2025-05-01,C1099,Wholesale / dealer,V02,Chilli,Nursery bed,6200,1.08,8.4,6133.54,UPI,Walk-in,Van delivery
O002504,2025-05-01,C0927,Wholesale / dealer,V02,Chilli,Nursery bed,7100,1.09,10.4,6934.14,UPI,Phone call,Van delivery
O002505,2025-05-01,C1100,Retail farmer,V12,Tomato,Pro-tray,900,1.85,0.0,1665.0,UPI,WhatsApp,Self pickup
O002506,2025-05-02,C1101,Retail farmer,V10,Chilli,Pro-tray,1500,1.41,0.0,2115.0,Cash,Walk-in,Van delivery
O002507,2025-05-02,C0258,Retail farmer,V05,Chilli,Pro-tray,1800,1.71,0.0,3078.0,Cash,Walk-in,Self pickup
O002508,2025-05-02,C1102,Retail farmer,V12,Tomato,Nursery bed,1600,1.29,0.0,2064.0,Cash,Walk-in,Self pickup
O002509,2025-05-02,C1031,Retail farmer,V14,Marigold,Pro-tray,1200,1.95,0.0,2340.0,UPI,Walk-in,Self pickup
O002510,2025-05-03,C1103,Retail farmer,V02,Chilli,Pro-tray,800,1.55,0.0,1240.0,Cash,Phone call,Self pickup
O002511,2025-05-03,C0131,Retail farmer,V09,Chilli,Pro-tray,1600,1.82,0.0,2912.0,UPI,Walk-in,Self pickup
O002512,2025-05-03,C0164,Retail farmer,V10,Chilli,Pro-tray,1400,1.44,0.0,2016.0,UPI,WhatsApp,Self pickup
O002513,2025-05-03,C1025,Retail farmer,V11,Capsicum,Pro-tray,1600,3.36,0.0,5376.0,Credit,Phone call,Self pickup
O002514,2025-05-03,C1104,Retail farmer,V11,Capsicum,Pro-tray,900,3.42,0.0,3078.0,UPI,Walk-in,Self pickup
O002515,2025-05-03,C0903,Wholesale / dealer,V12,Tomato,Pro-tray,2900,1.91,10.5,4957.4,UPI,Walk-in,Self pickup
O002516,2025-05-03,C0838,Retail farmer,V13,Brinjal,Pro-tray,1300,1.25,0.0,1625.0,UPI,Phone call,Self pickup
O002517,2025-05-03,C0250,Retail farmer,V13,Brinjal,Pro-tray,300,1.3,0.0,390.0,Cash,Phone call,Self pickup
O002518,2025-05-03,C1105,Retail farmer,V14,Marigold,Pro-tray,1000,1.89,0.0,1890.0,Cash,Phone call,Self pickup
O002519,2025-05-03,C0766,Retail farmer,V14,Marigold,Nursery bed,300,1.37,0.0,411.0,UPI,Walk-in,Self pickup
O002520,2025-05-04,C0481,Retail farmer,V02,Chilli,Nursery bed,2300,1.07,0.0,2461.0,Cash,Walk-in,Self pickup
O002521,2025-05-04,C1106,Retail farmer,V01,Chilli,Pro-tray,1400,1.64,0.0,2296.0,UPI,WhatsApp,Self pickup
O002522,2025-05-04,C1107,Retail farmer,V04,Chilli,Pro-tray,800,1.84,0.0,1472.0,Credit,Walk-in,Van delivery
O002523,2025-05-04,C1108,Retail farmer,V11,Capsicum,Pro-tray,300,3.37,0.0,1011.0,Cash,Phone call,Van delivery
O002524,2025-05-04,C1109,Retail farmer,V11,Capsicum,Pro-tray,3300,3.45,0.0,11385.0,UPI,Walk-in,Van delivery
O002525,2025-05-04,C1110,Retail farmer,V13,Brinjal,Pro-tray,2500,1.27,0.0,3175.0,UPI,WhatsApp,Van delivery
O002526,2025-05-05,C0131,Retail farmer,V03,Chilli,Nursery bed,4400,1.23,0.0,5412.0,Cash,Walk-in,Self pickup
O002527,2025-05-05,C0206,Retail farmer,V03,Chilli,Pro-tray,1800,1.74,0.0,3132.0,Cash,Walk-in,Self pickup
O002528,2025-05-05,C0614,Retail farmer,V07,Chilli,Nursery bed,2000,0.9,0.0,1800.0,Cash,Phone call,Van delivery
O002529,2025-05-05,C1111,Retail farmer,V07,Chilli,Pro-tray,1300,1.3,0.0,1690.0,Cash,Walk-in,Self pickup
O002530,2025-05-06,C0082,Retail farmer,V01,Chilli,Pro-tray,2200,1.64,0.0,3608.0,Cash,Walk-in,Van delivery
O002531,2025-05-06,C0508,Retail farmer,V01,Chilli,Pro-tray,3000,1.61,0.0,4830.0,Credit,WhatsApp,Self pickup
O002532,2025-05-07,C1112,Retail farmer,V02,Chilli,Nursery bed,3200,1.07,0.0,3424.0,UPI,Walk-in,Van delivery
O002533,2025-05-07,C1113,Home gardener,V02,Chilli,Pro-tray,50,1.54,0.0,77.0,UPI,Walk-in,Self pickup
O002534,2025-05-08,C0720,Retail farmer,V09,Chilli,Pro-tray,3100,1.78,0.0,5518.0,UPI,Walk-in,Self pickup
O002535,2025-05-08,C0624,Retail farmer,V06,Chilli,Nursery bed,2600,0.96,0.0,2496.0,Cash,Walk-in,Self pickup
O002536,2025-05-08,C0854,Retail farmer,V08,Chilli,Nursery bed,1300,1.18,0.0,1534.0,UPI,Phone call,Self pickup
O002537,2025-05-08,C1114,Retail farmer,V03,Chilli,Pro-tray,2300,1.78,0.0,4094.0,Credit,Phone call,Self pickup
O002538,2025-05-08,C1115,Retail farmer,V12,Tomato,Pro-tray,1900,1.91,0.0,3629.0,UPI,Phone call,Self pickup
O002539,2025-05-08,C1116,Retail farmer,V13,Brinjal,Nursery bed,1700,0.82,0.0,1394.0,Cash,Phone call,Self pickup
O002540,2025-05-08,C1117,Retail farmer,V13,Brinjal,Pro-tray,800,1.26,0.0,1008.0,UPI,Walk-in,Self pickup
O002541,2025-05-09,C1118,Retail farmer,V02,Chilli,Nursery bed,3800,1.1,0.0,4180.0,UPI,Walk-in,Self pickup
O002542,2025-05-09,C1119,Retail farmer,V03,Chilli,Pro-tray,2400,1.77,0.0,4248.0,Cash,Walk-in,Self pickup
O002543,2025-05-09,C1068,Wholesale / dealer,V09,Chilli,Nursery bed,7200,1.25,8.1,8271.0,Credit,Walk-in,Van delivery
O002544,2025-05-09,C0691,Retail farmer,V11,Capsicum,Pro-tray,600,3.37,0.0,2022.0,Cash,Walk-in,Self pickup
O002545,2025-05-10,C1120,Retail farmer,V10,Chilli,Nursery bed,1700,0.97,0.0,1649.0,Credit,Phone call,Self pickup
O002546,2025-05-10,C1121,Retail farmer,V04,Chilli,Nursery bed,6300,1.25,2.6,7670.25,UPI,WhatsApp,Van delivery
O002547,2025-05-10,C0460,Retail farmer,V01,Chilli,Pro-tray,1300,1.61,0.0,2093.0,Cash,Walk-in,Self pickup
O002548,2025-05-10,C1122,Retail farmer,V12,Tomato,Nursery bed,900,1.3,0.0,1170.0,UPI,Phone call,Van delivery
O002549,2025-05-11,C0172,Retail farmer,V03,Chilli,Nursery bed,1200,1.23,0.0,1476.0,UPI,Walk-in,Van delivery
O002550,2025-05-11,C0238,Retail farmer,V03,Chilli,Pro-tray,2700,1.75,0.0,4725.0,Cash,Phone call,Self pickup
O002551,2025-05-11,C0570,Retail farmer,V05,Chilli,Nursery bed,1600,1.16,0.0,1856.0,UPI,Walk-in,Self pickup
O002552,2025-05-11,C1123,Retail farmer,V06,Chilli,Nursery bed,700,0.95,0.0,665.0,Credit,Phone call,Self pickup
O002553,2025-05-11,C0528,Retail farmer,V12,Tomato,Pro-tray,1600,1.9,0.0,3040.0,Cash,Walk-in,Self pickup
O002554,2025-05-12,C1076,Wholesale / dealer,V05,Chilli,Nursery bed,11500,1.21,10.9,12398.26,Cash,Walk-in,Van delivery
O002555,2025-05-12,C0221,Retail farmer,V07,Chilli,Pro-tray,1300,1.35,0.0,1755.0,Cash,Walk-in,Self pickup
O002556,2025-05-12,C0368,Retail farmer,V01,Chilli,Nursery bed,800,1.14,0.0,912.0,UPI,Walk-in,Self pickup
O002557,2025-05-12,C1124,Retail farmer,V07,Chilli,Pro-tray,600,1.28,0.0,768.0,Cash,Walk-in,Self pickup
O002558,2025-05-12,C1011,Retail farmer,V10,Chilli,Nursery bed,900,0.99,0.0,891.0,Cash,Walk-in,Self pickup
O002559,2025-05-12,C0930,Retail farmer,V03,Chilli,Nursery bed,1100,1.23,0.0,1353.0,Cash,Walk-in,Self pickup
O002560,2025-05-13,C1125,Retail farmer,V10,Chilli,Pro-tray,1400,1.39,0.0,1946.0,Credit,Walk-in,Self pickup
O002561,2025-05-13,C0427,Wholesale / dealer,V08,Chilli,Pro-tray,9000,1.67,9.6,13587.12,UPI,Walk-in,Van delivery
O002562,2025-05-13,C0414,Wholesale / dealer,V10,Chilli,Pro-tray,8300,1.42,9.0,10725.26,Credit,Walk-in,Van delivery
O002563,2025-05-13,C1126,Retail farmer,V08,Chilli,Pro-tray,2000,1.58,0.0,3160.0,Credit,Walk-in,Van delivery
O002564,2025-05-13,C0212,Wholesale / dealer,V01,Chilli,Pro-tray,10400,1.59,9.7,14932.01,UPI,Walk-in,Van delivery
O002565,2025-05-13,C1127,Wholesale / dealer,V03,Chilli,Pro-tray,7000,1.73,8.8,11044.32,UPI,Walk-in,Van delivery
O002566,2025-05-13,C1128,Retail farmer,V14,Marigold,Pro-tray,1200,1.92,0.0,2304.0,Cash,Phone call,Van delivery
O002567,2025-05-14,C0421,Retail farmer,V06,Chilli,Nursery bed,3300,0.94,0.0,3102.0,UPI,WhatsApp,Self pickup
O002568,2025-05-14,C0876,Retail farmer,V03,Chilli,Pro-tray,2100,1.69,0.0,3549.0,Credit,Phone call,Van delivery
O002569,2025-05-14,C1129,Wholesale / dealer,V01,Chilli,Pro-tray,11700,1.64,11.3,17019.76,UPI,Phone call,Self pickup
O002570,2025-05-14,C0689,Retail farmer,V09,Chilli,Pro-tray,300,1.79,0.0,537.0,Cash,Walk-in,Van delivery
O002571,2025-05-14,C0340,Wholesale / dealer,V08,Chilli,Nursery bed,4000,1.19,10.0,4284.0,UPI,Walk-in,Self pickup
O002572,2025-05-14,C1130,Retail farmer,V10,Chilli,Pro-tray,2200,1.4,0.0,3080.0,Cash,WhatsApp,Self pickup
O002573,2025-05-15,C0589,Retail farmer,V03,Chilli,Pro-tray,1100,1.71,0.0,1881.0,UPI,Phone call,Self pickup
O002574,2025-05-15,C1131,Retail farmer,V06,Chilli,Pro-tray,1300,1.35,0.0,1755.0,Cash,Phone call,Self pickup
O002575,2025-05-15,C1068,Wholesale / dealer,V07,Chilli,Nursery bed,3200,0.95,11.0,2705.6,UPI,Walk-in,Self pickup
O002576,2025-05-15,C1132,Retail farmer,V09,Chilli,Pro-tray,1400,1.8,0.0,2520.0,Cash,Walk-in,Self pickup
O002577,2025-05-15,C1133,Wholesale / dealer,V02,Chilli,Pro-tray,14300,1.59,10.8,20281.4,Cash,Walk-in,Self pickup
O002578,2025-05-16,C1134,Retail farmer,V08,Chilli,Pro-tray,600,1.6,0.0,960.0,UPI,Phone call,Self pickup
O002579,2025-05-16,C1135,Retail farmer,V08,Chilli,Nursery bed,1100,1.14,0.0,1254.0,Cash,Phone call,Self pickup
O002580,2025-05-16,C0592,Retail farmer,V02,Chilli,Pro-tray,1200,1.59,0.0,1908.0,UPI,WhatsApp,Self pickup
O002581,2025-05-16,C1136,Retail farmer,V12,Tomato,Pro-tray,1300,1.84,0.0,2392.0,UPI,Walk-in,Self pickup
O002582,2025-05-16,C0917,Retail farmer,V12,Tomato,Pro-tray,1900,1.88,0.0,3572.0,UPI,Phone call,Self pickup
O002583,2025-05-16,C1137,Retail farmer,V13,Brinjal,Pro-tray,700,1.24,0.0,868.0,UPI,Walk-in,Self pickup
O002584,2025-05-16,C1138,Retail farmer,V13,Brinjal,Nursery bed,800,0.84,0.0,672.0,UPI,Walk-in,Self pickup
O002585,2025-05-17,C1129,Wholesale / dealer,V09,Chilli,Pro-tray,12200,1.82,9.1,20183.44,UPI,Walk-in,Van delivery
O002586,2025-05-17,C1139,Wholesale / dealer,V10,Chilli,Pro-tray,5700,1.4,11.4,7070.28,Credit,Phone call,Self pickup
O002587,2025-05-17,C0127,Retail farmer,V12,Tomato,Nursery bed,900,1.31,0.0,1179.0,UPI,Walk-in,Self pickup
O002588,2025-05-17,C0175,Retail farmer,V13,Brinjal,Pro-tray,600,1.26,0.0,756.0,UPI,Walk-in,Self pickup
O002589,2025-05-18,C1140,Retail farmer,V01,Chilli,Pro-tray,3000,1.64,0.0,4920.0,UPI,Walk-in,Self pickup
O002590,2025-05-18,C0803,Wholesale / dealer,V09,Chilli,Pro-tray,9600,1.75,9.3,15237.6,Credit,WhatsApp,Self pickup
O002591,2025-05-18,C1141,Retail farmer,V10,Chilli,Pro-tray,2300,1.44,0.0,3312.0,Cash,Walk-in,Self pickup
O002592,2025-05-18,C1005,Retail farmer,V10,Chilli,Pro-tray,2300,1.43,0.0,3289.0,Cash,Phone call,Self pickup
O002593,2025-05-18,C1142,Retail farmer,V05,Chilli,Pro-tray,1300,1.71,0.0,2223.0,Cash,Phone call,Self pickup
O002594,2025-05-18,C0798,Retail farmer,V05,Chilli,Pro-tray,3200,1.65,0.0,5280.0,Cash,Walk-in,Self pickup
O002595,2025-05-18,C1143,Retail farmer,V03,Chilli,Nursery bed,1300,1.23,0.0,1599.0,UPI,Walk-in,Self pickup
O002596,2025-05-18,C1144,Retail farmer,V15,Marigold,Pro-tray,1400,1.74,0.0,2436.0,UPI,Phone call,Van delivery
O002597,2025-05-19,C0083,Wholesale / dealer,V03,Chilli,Nursery bed,7600,1.24,10.1,8472.18,Credit,Phone call,Van delivery
O002598,2025-05-19,C0637,Retail farmer,V08,Chilli,Pro-tray,1400,1.64,0.0,2296.0,Credit,Walk-in,Self pickup
O002599,2025-05-19,C1145,Home gardener,V11,Capsicum,Pro-tray,130,3.43,0.0,445.9,UPI,Walk-in,Van delivery
O002600,2025-05-20,C1146,Retail farmer,V02,Chilli,Nursery bed,600,1.08,0.0,648.0,Credit,Walk-in,Self pickup
O002601,2025-05-20,C0079,Wholesale / dealer,V10,Chilli,Pro-tray,3300,1.39,9.4,4155.82,UPI,Walk-in,Self pickup
O002602,2025-05-20,C0348,Retail farmer,V05,Chilli,Nursery bed,2500,1.17,0.0,2925.0,Cash,Walk-in,Self pickup
O002603,2025-05-21,C0658,Retail farmer,V07,Chilli,Pro-tray,900,1.31,0.0,1179.0,Cash,Phone call,Self pickup
O002604,2025-05-21,C0748,Retail farmer,V07,Chilli,Pro-tray,500,1.34,0.0,670.0,Cash,Phone call,Self pickup
O002605,2025-05-21,C0544,Retail farmer,V07,Chilli,Pro-tray,2400,1.32,0.0,3168.0,Cash,WhatsApp,Van delivery
O002606,2025-05-21,C0524,Retail farmer,V01,Chilli,Pro-tray,1400,1.66,0.0,2324.0,Cash,Walk-in,Self pickup
O002607,2025-05-21,C0386,Retail farmer,V07,Chilli,Nursery bed,800,0.91,0.0,728.0,Cash,Phone call,Self pickup
O002608,2025-05-21,C1147,Retail farmer,V12,Tomato,Pro-tray,1700,1.86,0.0,3162.0,Cash,Phone call,Self pickup
O002609,2025-05-21,C0026,Retail farmer,V13,Brinjal,Pro-tray,400,1.26,0.0,504.0,Cash,Phone call,Self pickup
O002610,2025-05-22,C0209,Retail farmer,V02,Chilli,Pro-tray,3100,1.54,0.0,4774.0,Cash,Walk-in,Self pickup
O002611,2025-05-23,C1040,Retail farmer,V10,Chilli,Pro-tray,1300,1.42,0.0,1846.0,Cash,Phone call,Self pickup
O002612,2025-05-23,C1148,Retail farmer,V01,Chilli,Pro-tray,1500,1.64,0.0,2460.0,Cash,Walk-in,Self pickup
O002613,2025-05-23,C1149,Retail farmer,V02,Chilli,Nursery bed,2600,1.13,0.0,2938.0,Cash,Phone call,Self pickup
O002614,2025-05-23,C0257,Retail farmer,V13,Brinjal,Pro-tray,600,1.29,0.0,774.0,UPI,Walk-in,Self pickup
O002615,2025-05-23,C0317,Retail farmer,V14,Marigold,Pro-tray,800,1.84,0.0,1472.0,Cash,Phone call,Self pickup
O002616,2025-05-24,C1150,Retail farmer,V08,Chilli,Pro-tray,900,1.59,0.0,1431.0,UPI,Walk-in,Self pickup
O002617,2025-05-24,C0279,Retail farmer,V07,Chilli,Nursery bed,1400,0.91,0.0,1274.0,UPI,Phone call,Self pickup
O002618,2025-05-24,C1151,Retail farmer,V02,Chilli,Pro-tray,1200,1.62,0.0,1944.0,UPI,Walk-in,Self pickup
O002619,2025-05-24,C0015,Retail farmer,V08,Chilli,Nursery bed,1100,1.13,0.0,1243.0,Cash,WhatsApp,Van delivery
O002620,2025-05-24,C1152,Retail farmer,V03,Chilli,Pro-tray,1500,1.69,0.0,2535.0,Cash,WhatsApp,Self pickup
O002621,2025-05-24,C0624,Retail farmer,V06,Chilli,Pro-tray,1900,1.35,0.0,2565.0,Credit,Walk-in,Self pickup
O002622,2025-05-24,C1153,Home gardener,V13,Brinjal,Pro-tray,190,1.28,0.0,243.2,Cash,Walk-in,Van delivery
O002623,2025-05-25,C1024,Retail farmer,V01,Chilli,Pro-tray,600,1.62,0.0,972.0,Cash,Walk-in,Self pickup
O002624,2025-05-25,C0582,Retail farmer,V06,Chilli,Pro-tray,2200,1.34,0.0,2948.0,Cash,Walk-in,Self pickup
O002625,2025-05-25,C1154,Retail farmer,V13,Brinjal,Nursery bed,1000,0.83,0.0,830.0,UPI,Phone call,Self pickup
O002626,2025-05-26,C1126,Retail farmer,V04,Chilli,Nursery bed,1300,1.25,0.0,1625.0,UPI,Phone call,Self pickup
O002627,2025-05-26,C1155,Wholesale / dealer,V01,Chilli,Nursery bed,6700,1.13,10.1,6806.33,Credit,Phone call,Van delivery
O002628,2025-05-26,C1156,Retail farmer,V11,Capsicum,Pro-tray,400,3.32,0.0,1328.0,UPI,Walk-in,Self pickup
O002629,2025-05-26,C1157,Retail farmer,V12,Tomato,Nursery bed,3000,1.32,0.0,3960.0,UPI,Phone call,Self pickup
O002630,2025-05-26,C0615,Home gardener,V13,Brinjal,Pro-tray,200,1.26,0.0,252.0,UPI,WhatsApp,Self pickup
O002631,2025-05-27,C1158,Home gardener,V04,Chilli,Pro-tray,100,1.84,0.0,184.0,UPI,Walk-in,Self pickup
O002632,2025-05-27,C0627,Retail farmer,V06,Chilli,Nursery bed,2000,0.96,0.0,1920.0,UPI,Phone call,Self pickup
O002633,2025-05-27,C0634,Retail farmer,V13,Brinjal,Nursery bed,1200,0.85,0.0,1020.0,Cash,Walk-in,Self pickup
O002634,2025-05-28,C0333,Retail farmer,V10,Chilli,Nursery bed,1800,1.0,0.0,1800.0,Cash,Walk-in,Self pickup
O002635,2025-05-28,C0906,Retail farmer,V01,Chilli,Nursery bed,800,1.13,0.0,904.0,UPI,Phone call,Self pickup
O002636,2025-05-28,C1159,Wholesale / dealer,V08,Chilli,Pro-tray,4800,1.68,11.2,7160.83,Credit,WhatsApp,Van delivery
O002637,2025-05-28,C1160,Home gardener,V04,Chilli,Pro-tray,50,1.77,0.0,88.5,Cash,Phone call,Self pickup
O002638,2025-05-29,C0888,Retail farmer,V01,Chilli,Pro-tray,1100,1.62,0.0,1782.0,Credit,Walk-in,Van delivery
O002639,2025-05-29,C1159,Wholesale / dealer,V02,Chilli,Pro-tray,1800,1.58,8.6,2599.42,Credit,Walk-in,Van delivery
O002640,2025-05-29,C0082,Retail farmer,V06,Chilli,Pro-tray,800,1.36,0.0,1088.0,UPI,WhatsApp,Self pickup
O002641,2025-05-29,C1161,Retail farmer,V01,Chilli,Pro-tray,900,1.62,0.0,1458.0,UPI,Walk-in,Self pickup
O002642,2025-05-29,C0581,Wholesale / dealer,V05,Chilli,Nursery bed,8600,1.19,11.8,9026.39,UPI,Walk-in,Van delivery
O002643,2025-05-29,C1162,Home gardener,V13,Brinjal,Pro-tray,30,1.27,0.0,38.1,Cash,Phone call,Self pickup
O002644,2025-05-29,C0893,Retail farmer,V14,Marigold,Nursery bed,1200,1.4,0.0,1680.0,UPI,Phone call,Self pickup
O002645,2025-05-30,C1163,Retail farmer,V01,Chilli,Pro-tray,1100,1.64,0.0,1804.0,UPI,Phone call,Self pickup
O002646,2025-05-30,C0231,Retail farmer,V01,Chilli,Pro-tray,1500,1.6,0.0,2400.0,UPI,Walk-in,Self pickup
O002647,2025-05-30,C1164,Retail farmer,V06,Chilli,Pro-tray,2400,1.37,0.0,3288.0,Cash,Walk-in,Self pickup
O002648,2025-05-30,C1165,Retail farmer,V03,Chilli,Pro-tray,1500,1.73,0.0,2595.0,Cash,Walk-in,Self pickup
O002649,2025-05-30,C1015,Retail farmer,V03,Chilli,Pro-tray,3600,1.76,0.0,6336.0,Credit,Walk-in,Self pickup
O002650,2025-05-30,C1166,Retail farmer,V03,Chilli,Nursery bed,1000,1.21,0.0,1210.0,Credit,Phone call,Self pickup
O002651,2025-05-30,C0237,Retail farmer,V09,Chilli,Nursery bed,1800,1.27,0.0,2286.0,UPI,Walk-in,Self pickup
O002652,2025-05-30,C0779,Home gardener,V01,Chilli,Pro-tray,160,1.6,0.0,256.0,Cash,Walk-in,Self pickup
O002653,2025-05-31,C1167,Retail farmer,V07,Chilli,Pro-tray,700,1.29,0.0,903.0,Cash,Phone call,Self pickup
O002654,2025-05-31,C0578,Wholesale / dealer,V01,Chilli,Pro-tray,5300,1.64,10.9,7744.57,Credit,Walk-in,Van delivery
O002655,2025-05-31,C1168,Retail farmer,V05,Chilli,Pro-tray,1000,1.73,0.0,1730.0,Cash,Walk-in,Van delivery
O002656,2025-05-31,C1169,Retail farmer,V02,Chilli,Pro-tray,700,1.55,0.0,1085.0,Cash,Phone call,Self pickup
O002657,2025-05-31,C1170,Home gardener,V12,Tomato,Pro-tray,190,1.84,0.0,349.6,Cash,WhatsApp,Self pickup
O002658,2025-05-31,C0076,Retail farmer,V13,Brinjal,Nursery bed,1900,0.84,0.0,1596.0,UPI,Walk-in,Self pickup
O002659,2025-06-01,C0458,Retail farmer,V02,Chilli,Pro-tray,2000,1.58,0.0,3160.0,Cash,Phone call,Van delivery
O002660,2025-06-01,C0009,Wholesale / dealer,V08,Chilli,Pro-tray,4200,1.65,10.9,6174.63,Credit,Walk-in,Self pickup
O002661,2025-06-01,C1171,Retail farmer,V02,Chilli,Pro-tray,2100,1.57,0.0,3297.0,Cash,Walk-in,Self pickup
O002662,2025-06-01,C1172,Retail farmer,V01,Chilli,Pro-tray,900,1.6,0.0,1440.0,Cash,Phone call,Self pickup
O002663,2025-06-01,C0311,Retail farmer,V06,Chilli,Pro-tray,800,1.33,0.0,1064.0,UPI,Walk-in,Van delivery
O002664,2025-06-01,C1112,Retail farmer,V13,Brinjal,Nursery bed,500,0.82,0.0,410.0,Credit,Walk-in,Self pickup
O002665,2025-06-01,C1173,Retail farmer,V13,Brinjal,Nursery bed,1700,0.86,0.0,1462.0,Cash,Walk-in,Self pickup
O002666,2025-06-02,C0032,Retail farmer,V04,Chilli,Pro-tray,2000,1.76,0.0,3520.0,Cash,Walk-in,Self pickup
O002667,2025-06-02,C1148,Retail farmer,V07,Chilli,Pro-tray,2600,1.3,0.0,3380.0,UPI,WhatsApp,Self pickup
O002668,2025-06-02,C1174,Retail farmer,V07,Chilli,Pro-tray,1300,1.29,0.0,1677.0,Cash,Phone call,Self pickup
O002669,2025-06-02,C1175,Retail farmer,V08,Chilli,Nursery bed,1100,1.15,0.0,1265.0,Credit,Walk-in,Self pickup
O002670,2025-06-02,C0297,Retail farmer,V13,Brinjal,Nursery bed,900,0.82,0.0,738.0,Cash,Walk-in,Self pickup
O002671,2025-06-02,C1176,Wholesale / dealer,V13,Brinjal,Pro-tray,5000,1.23,11.9,5418.15,Cash,Phone call,Van delivery
O002672,2025-06-02,C1136,Retail farmer,V13,Brinjal,Pro-tray,1000,1.23,0.0,1230.0,UPI,Walk-in,Self pickup
O002673,2025-06-03,C0046,Wholesale / dealer,V05,Chilli,Nursery bed,5300,1.19,11.1,5606.92,Credit,Walk-in,Van delivery
O002674,2025-06-03,C0215,Wholesale / dealer,V07,Chilli,Nursery bed,5100,0.93,11.0,4221.27,Credit,Walk-in,Self pickup
O002675,2025-06-03,C1177,Wholesale / dealer,V07,Chilli,Pro-tray,5500,1.33,8.5,6693.22,Credit,WhatsApp,Self pickup
O002676,2025-06-03,C1178,Retail farmer,V06,Chilli,Nursery bed,900,0.95,0.0,855.0,Cash,Walk-in,Self pickup
O002677,2025-06-03,C1179,Retail farmer,V02,Chilli,Pro-tray,1200,1.62,0.0,1944.0,UPI,WhatsApp,Self pickup
O002678,2025-06-03,C1180,Retail farmer,V01,Chilli,Pro-tray,2400,1.6,0.0,3840.0,Cash,Walk-in,Self pickup
O002679,2025-06-03,C1181,Home gardener,V01,Chilli,Pro-tray,140,1.65,0.0,231.0,UPI,WhatsApp,Self pickup
O002680,2025-06-03,C1055,Retail farmer,V06,Chilli,Nursery bed,1000,0.97,0.0,970.0,UPI,WhatsApp,Self pickup
O002681,2025-06-03,C1182,Retail farmer,V02,Chilli,Pro-tray,1300,1.56,0.0,2028.0,Cash,Walk-in,Van delivery
O002682,2025-06-03,C1183,Retail farmer,V02,Chilli,Nursery bed,2200,1.11,0.0,2442.0,UPI,Walk-in,Self pickup
O002683,2025-06-03,C1184,Retail farmer,V10,Chilli,Pro-tray,900,1.39,0.0,1251.0,Cash,Walk-in,Self pickup
O002684,2025-06-03,C0975,Retail farmer,V07,Chilli,Pro-tray,2600,1.32,0.0,3432.0,Cash,Walk-in,Self pickup
O002685,2025-06-03,C1185,Retail farmer,V07,Chilli,Nursery bed,3600,0.92,0.0,3312.0,UPI,Walk-in,Self pickup
O002686,2025-06-03,C0476,Retail farmer,V13,Brinjal,Pro-tray,700,1.27,0.0,889.0,UPI,Walk-in,Self pickup
O002687,2025-06-04,C1186,Retail farmer,V06,Chilli,Nursery bed,1400,0.96,0.0,1344.0,UPI,Walk-in,Self pickup
O002688,2025-06-04,C0078,Retail farmer,V06,Chilli,Pro-tray,1800,1.33,0.0,2394.0,Credit,Phone call,Self pickup
O002689,2025-06-04,C0083,Wholesale / dealer,V10,Chilli,Pro-tray,18800,1.42,9.6,24133.18,UPI,Walk-in,Self pickup
O002690,2025-06-04,C1187,Retail farmer,V07,Chilli,Pro-tray,3900,1.29,0.0,5031.0,Credit,Walk-in,Self pickup
O002691,2025-06-04,C1008,Retail farmer,V01,Chilli,Pro-tray,1100,1.61,0.0,1771.0,Cash,Phone call,Self pickup
O002692,2025-06-04,C0417,Wholesale / dealer,V01,Chilli,Pro-tray,14000,1.6,10.9,19958.4,Cash,Phone call,Self pickup
O002693,2025-06-04,C1188,Retail farmer,V07,Chilli,Pro-tray,700,1.29,0.0,903.0,UPI,Phone call,Self pickup
O002694,2025-06-04,C1189,Retail farmer,V03,Chilli,Pro-tray,1500,1.74,0.0,2610.0,UPI,Phone call,Self pickup
O002695,2025-06-04,C1190,Home gardener,V11,Capsicum,Pro-tray,150,3.4,0.0,510.0,UPI,WhatsApp,Self pickup
O002696,2025-06-04,C1191,Home gardener,V14,Marigold,Pro-tray,100,1.86,0.0,186.0,Cash,WhatsApp,Self pickup
O002697,2025-06-05,C0905,Retail farmer,V05,Chilli,Nursery bed,2400,1.17,0.0,2808.0,UPI,Walk-in,Self pickup
O002698,2025-06-05,C0285,Retail farmer,V04,Chilli,Nursery bed,1000,1.24,0.0,1240.0,Cash,Walk-in,Self pickup
O002699,2025-06-05,C1192,Retail farmer,V02,Chilli,Nursery bed,700,1.08,0.0,756.0,Cash,Walk-in,Self pickup
O002700,2025-06-05,C1193,Retail farmer,V07,Chilli,Pro-tray,1500,1.35,0.0,2025.0,UPI,Walk-in,Self pickup
O002701,2025-06-05,C0784,Retail farmer,V03,Chilli,Pro-tray,1100,1.77,0.0,1947.0,Cash,Walk-in,Self pickup
O002702,2025-06-05,C0503,Wholesale / dealer,V07,Chilli,Pro-tray,3900,1.34,9.7,4719.08,UPI,Phone call,Self pickup
O002703,2025-06-05,C0838,Retail farmer,V07,Chilli,Pro-tray,400,1.29,0.0,516.0,Cash,Walk-in,Self pickup
O002704,2025-06-05,C0469,Retail farmer,V01,Chilli,Pro-tray,2800,1.64,0.0,4592.0,Cash,Phone call,Self pickup
O002705,2025-06-05,C0483,Retail farmer,V06,Chilli,Nursery bed,1900,0.93,0.0,1767.0,UPI,WhatsApp,Self pickup
O002706,2025-06-05,C1194,Retail farmer,V02,Chilli,Pro-tray,500,1.6,0.0,800.0,UPI,Phone call,Self pickup
O002707,2025-06-05,C1195,Retail farmer,V03,Chilli,Pro-tray,1500,1.73,0.0,2595.0,Cash,Phone call,Self pickup
O002708,2025-06-05,C1196,Retail farmer,V11,Capsicum,Pro-tray,1800,3.35,0.0,6030.0,UPI,Walk-in,Self pickup
O002709,2025-06-05,C1197,Retail farmer,V14,Marigold,Pro-tray,1300,1.92,0.0,2496.0,UPI,Phone call,Self pickup
O002710,2025-06-05,C1198,Retail farmer,V14,Marigold,Pro-tray,1500,1.88,0.0,2820.0,UPI,Walk-in,Self pickup
O002711,2025-06-06,C0789,Retail farmer,V06,Chilli,Pro-tray,800,1.37,0.0,1096.0,Cash,Phone call,Self pickup
O002712,2025-06-06,C1199,Retail farmer,V06,Chilli,Nursery bed,6800,0.96,2.4,6371.33,UPI,Walk-in,Van delivery
O002713,2025-06-06,C0556,Retail farmer,V07,Chilli,Nursery bed,1100,0.94,0.0,1034.0,Cash,Walk-in,Self pickup
O002714,2025-06-06,C1200,Retail farmer,V02,Chilli,Nursery bed,600,1.13,0.0,678.0,Cash,Walk-in,Self pickup
O002715,2025-06-06,C1201,Retail farmer,V02,Chilli,Pro-tray,3000,1.54,0.0,4620.0,Credit,Phone call,Self pickup
O002716,2025-06-06,C0279,Retail farmer,V06,Chilli,Nursery bed,400,0.92,0.0,368.0,UPI,Walk-in,Self pickup
O002717,2025-06-06,C1202,Wholesale / dealer,V01,Chilli,Pro-tray,2600,1.59,9.7,3733.0,UPI,Walk-in,Self pickup
O002718,2025-06-06,C0914,Retail farmer,V12,Tomato,Pro-tray,1200,1.85,0.0,2220.0,Cash,Walk-in,Van delivery
O002719,2025-06-06,C1203,Wholesale / dealer,V14,Marigold,Nursery bed,2600,1.36,9.8,3189.47,Cash,Walk-in,Self pickup
O002720,2025-06-06,C0935,Retail farmer,V14,Marigold,Nursery bed,1000,1.4,0.0,1400.0,Cash,Walk-in,Self pickup
O002721,2025-06-06,C0118,Retail farmer,V14,Marigold,Pro-tray,800,1.93,0.0,1544.0,Credit,Phone call,Self pickup
O002722,2025-06-07,C0733,Retail farmer,V09,Chilli,Pro-tray,1000,1.77,0.0,1770.0,Cash,Phone call,Self pickup
O002723,2025-06-07,C0819,Wholesale / dealer,V08,Chilli,Pro-tray,7300,1.64,8.7,10930.44,UPI,Walk-in,Van delivery
O002724,2025-06-07,C1204,Retail farmer,V05,Chilli,Pro-tray,700,1.64,0.0,1148.0,UPI,Walk-in,Van delivery
O002725,2025-06-07,C1205,Retail farmer,V01,Chilli,Nursery bed,1000,1.12,0.0,1120.0,Cash,Phone call,Self pickup
O002726,2025-06-07,C0859,Retail farmer,V09,Chilli,Pro-tray,1000,1.8,0.0,1800.0,Cash,WhatsApp,Self pickup
O002727,2025-06-07,C1197,Retail farmer,V01,Chilli,Nursery bed,1000,1.16,0.0,1160.0,UPI,Walk-in,Van delivery
O002728,2025-06-07,C1069,Retail farmer,V03,Chilli,Nursery bed,2900,1.18,0.0,3422.0,Cash,WhatsApp,Self pickup
O002729,2025-06-07,C0874,Wholesale / dealer,V07,Chilli,Pro-tray,13100,1.27,11.8,14673.83,Credit,Phone call,Van delivery
O002730,2025-06-07,C0183,Retail farmer,V06,Chilli,Pro-tray,5200,1.35,2.0,6879.6,Cash,Walk-in,Van delivery
O002731,2025-06-07,C1206,Retail farmer,V03,Chilli,Pro-tray,1700,1.71,0.0,2907.0,UPI,Walk-in,Self pickup
O002732,2025-06-07,C1207,Retail farmer,V05,Chilli,Pro-tray,1200,1.69,0.0,2028.0,UPI,Walk-in,Self pickup
O002733,2025-06-07,C1208,Retail farmer,V02,Chilli,Pro-tray,900,1.57,0.0,1413.0,UPI,Walk-in,Self pickup
O002734,2025-06-08,C0615,Home gardener,V09,Chilli,Pro-tray,180,1.8,0.0,324.0,UPI,Walk-in,Van delivery
O002735,2025-06-08,C0577,Wholesale / dealer,V01,Chilli,Pro-tray,4100,1.59,11.8,5749.76,Cash,Walk-in,Self pickup
O002736,2025-06-08,C0271,Wholesale / dealer,V10,Chilli,Pro-tray,12000,1.43,9.1,15598.44,UPI,Walk-in,Van delivery
O002737,2025-06-08,C0596,Wholesale / dealer,V01,Chilli,Pro-tray,13600,1.63,8.2,20350.22,UPI,Phone call,Van delivery
O002738,2025-06-08,C1209,Retail farmer,V06,Chilli,Pro-tray,2400,1.4,0.0,3360.0,Credit,Walk-in,Self pickup
O002739,2025-06-08,C0576,Retail farmer,V08,Chilli,Nursery bed,2100,1.13,0.0,2373.0,Credit,WhatsApp,Self pickup
O002740,2025-06-08,C0117,Retail farmer,V01,Chilli,Pro-tray,1000,1.61,0.0,1610.0,UPI,Phone call,Self pickup
O002741,2025-06-08,C0493,Retail farmer,V05,Chilli,Nursery bed,200,1.21,0.0,242.0,UPI,Walk-in,Self pickup
O002742,2025-06-08,C1210,Retail farmer,V09,Chilli,Nursery bed,2200,1.25,0.0,2750.0,UPI,WhatsApp,Van delivery
O002743,2025-06-08,C0224,Wholesale / dealer,V05,Chilli,Pro-tray,11400,1.71,9.1,17720.05,Cash,Phone call,Self pickup
O002744,2025-06-08,C0579,Wholesale / dealer,V11,Capsicum,Pro-tray,5000,3.34,8.8,15230.4,Credit,Phone call,Van delivery
O002745,2025-06-08,C1211,Retail farmer,V12,Tomato,Nursery bed,1000,1.29,0.0,1290.0,UPI,Walk-in,Self pickup
O002746,2025-06-08,C1212,Retail farmer,V13,Brinjal,Nursery bed,300,0.86,0.0,258.0,Cash,WhatsApp,Self pickup
O002747,2025-06-08,C0954,Retail farmer,V16,Tobacco,Nursery bed,2300,0.13,0.0,299.0,Cash,Walk-in,Self pickup
O002748,2025-06-08,C1213,Retail farmer,V16,Tobacco,Nursery bed,7800,0.13,3.5,978.51,Cash,WhatsApp,Self pickup
O002749,2025-06-09,C1214,Retail farmer,V05,Chilli,Pro-tray,2400,1.65,0.0,3960.0,UPI,Walk-in,Self pickup
O002750,2025-06-09,C1196,Retail farmer,V10,Chilli,Pro-tray,1200,1.4,0.0,1680.0,UPI,Walk-in,Self pickup
O002751,2025-06-09,C1215,Retail farmer,V06,Chilli,Nursery bed,1300,0.92,0.0,1196.0,UPI,Walk-in,Self pickup
O002752,2025-06-09,C0644,Retail farmer,V05,Chilli,Pro-tray,1700,1.67,0.0,2839.0,Cash,Phone call,Self pickup
O002753,2025-06-09,C0144,Retail farmer,V03,Chilli,Nursery bed,1400,1.24,0.0,1736.0,Cash,Phone call,Self pickup
O002754,2025-06-09,C1216,Wholesale / dealer,V13,Brinjal,Nursery bed,5900,0.82,10.9,4310.66,Credit,Walk-in,Van delivery
O002755,2025-06-09,C0962,Retail farmer,V13,Brinjal,Pro-tray,1300,1.26,0.0,1638.0,UPI,Phone call,Self pickup
O002756,2025-06-10,C1217,Retail farmer,V06,Chilli,Pro-tray,1300,1.37,0.0,1781.0,Credit,Walk-in,Self pickup
O002757,2025-06-10,C0605,Retail farmer,V06,Chilli,Nursery bed,1200,0.93,0.0,1116.0,UPI,Phone call,Self pickup
O002758,2025-06-10,C0607,Retail farmer,V01,Chilli,Pro-tray,1800,1.6,0.0,2880.0,UPI,Walk-in,Self pickup
O002759,2025-06-10,C0034,Retail farmer,V02,Chilli,Pro-tray,1500,1.53,0.0,2295.0,UPI,Phone call,Self pickup
O002760,2025-06-10,C1061,Retail farmer,V03,Chilli,Pro-tray,1000,1.75,0.0,1750.0,Cash,Walk-in,Self pickup
O002761,2025-06-10,C0198,Retail farmer,V03,Chilli,Nursery bed,800,1.24,0.0,992.0,Cash,Walk-in,Self pickup
O002762,2025-06-10,C0347,Wholesale / dealer,V06,Chilli,Pro-tray,10700,1.38,9.7,13333.7,Cash,Walk-in,Van delivery
O002763,2025-06-10,C0845,Retail farmer,V13,Brinjal,Nursery bed,500,0.85,0.0,425.0,UPI,Phone call,Self pickup
O002764,2025-06-11,C0128,Retail farmer,V02,Chilli,Pro-tray,1800,1.61,0.0,2898.0,Cash,Phone call,Self pickup
O002765,2025-06-11,C0137,Home gardener,V04,Chilli,Pro-tray,170,1.83,0.0,311.1,Cash,WhatsApp,Self pickup
O002766,2025-06-11,C1218,Retail farmer,V09,Chilli,Pro-tray,1400,1.75,0.0,2450.0,Credit,Phone call,Van delivery
O002767,2025-06-11,C0173,Retail farmer,V05,Chilli,Nursery bed,2800,1.17,0.0,3276.0,UPI,Phone call,Self pickup
O002768,2025-06-11,C1219,Retail farmer,V08,Chilli,Nursery bed,1700,1.12,0.0,1904.0,Cash,Phone call,Self pickup
O002769,2025-06-11,C1220,Retail farmer,V05,Chilli,Nursery bed,900,1.17,0.0,1053.0,Cash,Walk-in,Self pickup
O002770,2025-06-11,C0514,Wholesale / dealer,V03,Chilli,Pro-tray,5700,1.76,9.9,9038.83,Cash,Phone call,Van delivery
O002771,2025-06-11,C0474,Retail farmer,V09,Chilli,Pro-tray,1900,1.78,0.0,3382.0,UPI,WhatsApp,Self pickup
O002772,2025-06-11,C0334,Retail farmer,V05,Chilli,Nursery bed,2200,1.21,0.0,2662.0,Cash,Phone call,Self pickup
O002773,2025-06-11,C1013,Home gardener,V12,Tomato,Pro-tray,140,1.85,0.0,259.0,UPI,Phone call,Self pickup
O002774,2025-06-11,C0079,Wholesale / dealer,V13,Brinjal,Pro-tray,4300,1.29,10.8,4947.92,Cash,Walk-in,Self pickup
O002775,2025-06-11,C0660,Retail farmer,V13,Brinjal,Nursery bed,2100,0.84,0.0,1764.0,UPI,Walk-in,Self pickup
O002776,2025-06-11,C0928,Wholesale / dealer,V14,Marigold,Pro-tray,9500,1.91,9.7,16384.94,Credit,Walk-in,Van delivery
O002777,2025-06-11,C1221,Wholesale / dealer,V15,Marigold,Pro-tray,3900,1.8,10.4,6289.92,Credit,Walk-in,Self pickup
O002778,2025-06-11,C1222,Retail farmer,V16,Tobacco,Nursery bed,5700,0.13,0.8,735.07,Cash,Phone call,Van delivery
O002779,2025-06-12,C0834,Retail farmer,V07,Chilli,Nursery bed,800,0.94,0.0,752.0,UPI,Walk-in,Van delivery
O002780,2025-06-12,C1223,Retail farmer,V01,Chilli,Nursery bed,500,1.13,0.0,565.0,UPI,WhatsApp,Self pickup
O002781,2025-06-12,C1224,Retail farmer,V05,Chilli,Pro-tray,1800,1.64,0.0,2952.0,UPI,Walk-in,Self pickup
O002782,2025-06-12,C0476,Retail farmer,V01,Chilli,Nursery bed,3800,1.15,0.0,4370.0,Cash,Phone call,Self pickup
O002783,2025-06-12,C1225,Retail farmer,V03,Chilli,Pro-tray,700,1.71,0.0,1197.0,Credit,Walk-in,Self pickup
O002784,2025-06-12,C1226,Retail farmer,V08,Chilli,Pro-tray,900,1.65,0.0,1485.0,Credit,Phone call,Self pickup
O002785,2025-06-12,C1227,Retail farmer,V09,Chilli,Pro-tray,4100,1.77,0.0,7257.0,UPI,Phone call,Self pickup
O002786,2025-06-12,C1190,Home gardener,V01,Chilli,Pro-tray,120,1.67,0.0,200.4,UPI,Phone call,Self pickup
O002787,2025-06-12,C0245,Retail farmer,V07,Chilli,Nursery bed,2600,0.92,0.0,2392.0,Cash,Phone call,Self pickup
O002788,2025-06-12,C0527,Retail farmer,V13,Brinjal,Pro-tray,1000,1.27,0.0,1270.0,UPI,WhatsApp,Self pickup
O002789,2025-06-12,C0390,Retail farmer,V14,Marigold,Pro-tray,2600,1.87,0.0,4862.0,UPI,Walk-in,Self pickup
O002790,2025-06-12,C1228,Retail farmer,V16,Tobacco,Nursery bed,6600,0.13,3.1,831.4,UPI,WhatsApp,Van delivery
O002791,2025-06-13,C0478,Wholesale / dealer,V04,Chilli,Pro-tray,6000,1.75,12.0,9240.0,UPI,Walk-in,Van delivery
O002792,2025-06-13,C0686,Retail farmer,V03,Chilli,Nursery bed,1600,1.19,0.0,1904.0,Credit,Walk-in,Self pickup
O002793,2025-06-13,C0319,Wholesale / dealer,V03,Chilli,Pro-tray,17100,1.69,9.8,26066.9,Cash,WhatsApp,Van delivery
O002794,2025-06-13,C0419,Home gardener,V07,Chilli,Pro-tray,70,1.28,0.0,89.6,UPI,Walk-in,Self pickup
O002795,2025-06-13,C1229,Retail farmer,V03,Chilli,Pro-tray,3100,1.74,0.0,5394.0,UPI,Phone call,Self pickup
O002796,2025-06-13,C1230,Retail farmer,V08,Chilli,Pro-tray,1100,1.58,0.0,1738.0,Cash,Walk-in,Self pickup
O002797,2025-06-13,C1231,Retail farmer,V01,Chilli,Nursery bed,2400,1.19,0.0,2856.0,Cash,Walk-in,Van delivery
O002798,2025-06-13,C1232,Retail farmer,V07,Chilli,Pro-tray,2400,1.32,0.0,3168.0,Cash,Walk-in,Self pickup
O002799,2025-06-13,C0559,Retail farmer,V12,Tomato,Pro-tray,1200,1.9,0.0,2280.0,UPI,Walk-in,Self pickup
O002800,2025-06-13,C1233,Retail farmer,V16,Tobacco,Nursery bed,4900,0.13,0.0,637.0,UPI,Walk-in,Self pickup
O002801,2025-06-14,C1234,Retail farmer,V09,Chilli,Nursery bed,600,1.28,0.0,768.0,Cash,WhatsApp,Van delivery
O002802,2025-06-14,C1235,Retail farmer,V03,Chilli,Nursery bed,1600,1.23,0.0,1968.0,Cash,Walk-in,Self pickup
O002803,2025-06-14,C1236,Retail farmer,V01,Chilli,Nursery bed,1800,1.18,0.0,2124.0,UPI,Phone call,Van delivery
O002804,2025-06-14,C0599,Retail farmer,V09,Chilli,Nursery bed,800,1.25,0.0,1000.0,UPI,Walk-in,Self pickup
O002805,2025-06-14,C1237,Retail farmer,V03,Chilli,Pro-tray,1000,1.7,0.0,1700.0,Cash,Phone call,Van delivery
O002806,2025-06-14,C0093,Retail farmer,V08,Chilli,Pro-tray,1200,1.62,0.0,1944.0,UPI,Walk-in,Self pickup
O002807,2025-06-14,C0418,Wholesale / dealer,V04,Chilli,Pro-tray,5500,1.75,11.9,8479.62,Cash,Phone call,Van delivery
O002808,2025-06-14,C1238,Retail farmer,V06,Chilli,Pro-tray,1100,1.35,0.0,1485.0,Cash,Walk-in,Self pickup
O002809,2025-06-14,C0674,Wholesale / dealer,V16,Tobacco,Nursery bed,40400,0.13,10.0,4726.8,Credit,Walk-in,Van delivery
O002810,2025-06-15,C1239,Retail farmer,V03,Chilli,Pro-tray,1200,1.69,0.0,2028.0,Credit,Walk-in,Self pickup
O002811,2025-06-15,C1240,Wholesale / dealer,V03,Chilli,Pro-tray,8200,1.74,10.0,12841.2,UPI,Phone call,Van delivery
O002812,2025-06-15,C0757,Retail farmer,V02,Chilli,Pro-tray,800,1.61,0.0,1288.0,Cash,Walk-in,Self pickup
O002813,2025-06-15,C0820,Retail farmer,V09,Chilli,Pro-tray,3800,1.81,0.0,6878.0,UPI,Phone call,Van delivery
O002814,2025-06-15,C0696,Retail farmer,V09,Chilli,Pro-tray,1000,1.76,0.0,1760.0,Cash,WhatsApp,Self pickup
O002815,2025-06-15,C0271,Wholesale / dealer,V11,Capsicum,Pro-tray,5500,3.29,10.6,16176.93,Credit,Walk-in,Van delivery
O002816,2025-06-15,C1241,Retail farmer,V13,Brinjal,Nursery bed,800,0.85,0.0,680.0,UPI,Walk-in,Self pickup
O002817,2025-06-16,C1242,Home gardener,V06,Chilli,Pro-tray,20,1.39,0.0,27.8,UPI,Phone call,Self pickup
O002818,2025-06-16,C1243,Retail farmer,V02,Chilli,Nursery bed,2100,1.13,0.0,2373.0,UPI,WhatsApp,Self pickup
O002819,2025-06-16,C0652,Retail farmer,V08,Chilli,Pro-tray,3300,1.68,0.0,5544.0,Cash,WhatsApp,Self pickup
O002820,2025-06-16,C0034,Retail farmer,V07,Chilli,Pro-tray,800,1.34,0.0,1072.0,UPI,Walk-in,Self pickup
O002821,2025-06-16,C0901,Retail farmer,V05,Chilli,Pro-tray,4600,1.72,0.0,7912.0,UPI,Phone call,Self pickup
O002822,2025-06-16,C0252,Retail farmer,V05,Chilli,Nursery bed,1000,1.2,0.0,1200.0,Cash,WhatsApp,Self pickup
O002823,2025-06-16,C0106,Retail farmer,V14,Marigold,Pro-tray,1300,1.89,0.0,2457.0,Cash,Walk-in,Self pickup
O002824,2025-06-17,C1244,Retail farmer,V02,Chilli,Nursery bed,1700,1.11,0.0,1887.0,UPI,Walk-in,Self pickup
O002825,2025-06-17,C1245,Home gardener,V03,Chilli,Pro-tray,20,1.71,0.0,34.2,UPI,Walk-in,Self pickup
O002826,2025-06-17,C0400,Retail farmer,V08,Chilli,Pro-tray,900,1.62,0.0,1458.0,Cash,Walk-in,Van delivery
O002827,2025-06-17,C1246,Retail farmer,V01,Chilli,Pro-tray,2000,1.59,0.0,3180.0,UPI,Phone call,Self pickup
O002828,2025-06-17,C0174,Retail farmer,V01,Chilli,Nursery bed,900,1.17,0.0,1053.0,Cash,WhatsApp,Self pickup
O002829,2025-06-17,C1247,Retail farmer,V09,Chilli,Pro-tray,1000,1.8,0.0,1800.0,UPI,Walk-in,Self pickup
O002830,2025-06-17,C0427,Wholesale / dealer,V07,Chilli,Pro-tray,9300,1.3,10.5,10820.55,Credit,Walk-in,Van delivery
O002831,2025-06-17,C1248,Retail farmer,V01,Chilli,Pro-tray,1000,1.59,0.0,1590.0,Cash,Walk-in,Self pickup
O002832,2025-06-17,C0777,Retail farmer,V07,Chilli,Pro-tray,3500,1.34,0.0,4690.0,Cash,Phone call,Self pickup
O002833,2025-06-17,C1249,Retail farmer,V14,Marigold,Pro-tray,1400,1.87,0.0,2618.0,UPI,Phone call,Self pickup
O002834,2025-06-18,C1250,Retail farmer,V03,Chilli,Pro-tray,700,1.69,0.0,1183.0,UPI,Phone call,Self pickup
O002835,2025-06-18,C1251,Retail farmer,V07,Chilli,Pro-tray,3600,1.35,0.0,4860.0,Cash,Walk-in,Self pickup
O002836,2025-06-18,C1065,Retail farmer,V02,Chilli,Nursery bed,1600,1.1,0.0,1760.0,Credit,Phone call,Self pickup
O002837,2025-06-18,C0875,Retail farmer,V02,Chilli,Pro-tray,700,1.57,0.0,1099.0,UPI,Phone call,Van delivery
O002838,2025-06-18,C0155,Home gardener,V01,Chilli,Pro-tray,200,1.6,0.0,320.0,UPI,WhatsApp,Self pickup
O002839,2025-06-18,C1252,Retail farmer,V05,Chilli,Pro-tray,1300,1.72,0.0,2236.0,UPI,WhatsApp,Van delivery
O002840,2025-06-18,C1253,Retail farmer,V05,Chilli,Pro-tray,1200,1.65,0.0,1980.0,Credit,Phone call,Self pickup
O002841,2025-06-18,C1254,Retail farmer,V02,Chilli,Pro-tray,900,1.6,0.0,1440.0,UPI,WhatsApp,Self pickup
O002842,2025-06-18,C1255,Retail farmer,V06,Chilli,Pro-tray,1000,1.36,0.0,1360.0,UPI,Walk-in,Self pickup
O002843,2025-06-18,C0387,Retail farmer,V02,Chilli,Nursery bed,900,1.09,0.0,981.0,Credit,Phone call,Self pickup
O002844,2025-06-18,C0104,Retail farmer,V13,Brinjal,Nursery bed,1200,0.83,0.0,996.0,UPI,Walk-in,Self pickup
O002845,2025-06-18,C1256,Wholesale / dealer,V13,Brinjal,Pro-tray,1500,1.23,8.6,1686.33,Credit,Phone call,Self pickup
O002846,2025-06-18,C1257,Home gardener,V15,Marigold,Pro-tray,140,1.79,0.0,250.6,Cash,Walk-in,Self pickup
O002847,2025-06-18,C0630,Retail farmer,V16,Tobacco,Nursery bed,7900,0.13,4.0,985.92,Cash,Walk-in,Van delivery
O002848,2025-06-19,C0139,Wholesale / dealer,V01,Chilli,Pro-tray,10800,1.59,9.1,15609.35,Credit,Walk-in,Van delivery
O002849,2025-06-19,C0177,Home gardener,V10,Chilli,Pro-tray,100,1.4,0.0,140.0,Credit,Walk-in,Self pickup
O002850,2025-06-19,C1217,Retail farmer,V01,Chilli,Pro-tray,1100,1.59,0.0,1749.0,UPI,Phone call,Self pickup
O002851,2025-06-19,C1258,Retail farmer,V09,Chilli,Pro-tray,1900,1.76,0.0,3344.0,Cash,WhatsApp,Self pickup
O002852,2025-06-19,C0609,Retail farmer,V06,Chilli,Pro-tray,1600,1.37,0.0,2192.0,Credit,Walk-in,Self pickup
O002853,2025-06-19,C1003,Retail farmer,V08,Chilli,Pro-tray,2100,1.64,0.0,3444.0,UPI,Walk-in,Van delivery
O002854,2025-06-19,C1259,Retail farmer,V01,Chilli,Pro-tray,14200,1.65,0.2,23383.14,Cash,Phone call,Van delivery
O002855,2025-06-19,C0296,Retail farmer,V05,Chilli,Pro-tray,1400,1.67,0.0,2338.0,UPI,Phone call,Self pickup
O002856,2025-06-19,C0391,Retail farmer,V13,Brinjal,Nursery bed,700,0.82,0.0,574.0,Cash,Walk-in,Self pickup
O002857,2025-06-19,C1260,Retail farmer,V14,Marigold,Nursery bed,1100,1.33,0.0,1463.0,Cash,Walk-in,Van delivery
O002858,2025-06-20,C0601,Retail farmer,V05,Chilli,Nursery bed,1900,1.16,0.0,2204.0,Credit,Walk-in,Van delivery
O002859,2025-06-20,C1261,Retail farmer,V05,Chilli,Pro-tray,2100,1.67,0.0,3507.0,UPI,WhatsApp,Self pickup
O002860,2025-06-20,C0370,Retail farmer,V02,Chilli,Nursery bed,700,1.09,0.0,763.0,UPI,Walk-in,Self pickup
O002861,2025-06-20,C0120,Retail farmer,V05,Chilli,Nursery bed,800,1.19,0.0,952.0,Credit,WhatsApp,Self pickup
O002862,2025-06-20,C0983,Home gardener,V12,Tomato,Pro-tray,80,1.85,0.0,148.0,Cash,WhatsApp,Self pickup
O002863,2025-06-20,C0771,Retail farmer,V13,Brinjal,Pro-tray,900,1.26,0.0,1134.0,Cash,Phone call,Self pickup
O002864,2025-06-21,C0884,Retail farmer,V01,Chilli,Pro-tray,2200,1.62,0.0,3564.0,UPI,Walk-in,Self pickup
O002865,2025-06-21,C1262,Retail farmer,V07,Chilli,Nursery bed,1700,0.9,0.0,1530.0,Cash,Phone call,Self pickup
O002866,2025-06-21,C0363,Wholesale / dealer,V10,Chilli,Nursery bed,7400,1.01,9.9,6734.07,Cash,Walk-in,Self pickup
O002867,2025-06-21,C1263,Retail farmer,V10,Chilli,Pro-tray,2300,1.38,0.0,3174.0,UPI,WhatsApp,Self pickup
O002868,2025-06-21,C0896,Retail farmer,V12,Tomato,Pro-tray,1500,1.86,0.0,2790.0,Cash,Walk-in,Self pickup
O002869,2025-06-21,C1264,Retail farmer,V14,Marigold,Pro-tray,1700,1.88,0.0,3196.0,UPI,Phone call,Self pickup
O002870,2025-06-21,C1265,Retail farmer,V15,Marigold,Pro-tray,1400,1.82,0.0,2548.0,Cash,Walk-in,Self pickup
O002871,2025-06-22,C0635,Retail farmer,V03,Chilli,Nursery bed,3500,1.22,0.0,4270.0,UPI,Phone call,Self pickup
O002872,2025-06-22,C1266,Retail farmer,V10,Chilli,Pro-tray,1200,1.41,0.0,1692.0,Cash,Phone call,Self pickup
O002873,2025-06-22,C1267,Retail farmer,V07,Chilli,Pro-tray,1000,1.29,0.0,1290.0,UPI,Walk-in,Self pickup
O002874,2025-06-22,C0922,Retail farmer,V04,Chilli,Pro-tray,2300,1.75,0.0,4025.0,UPI,WhatsApp,Self pickup
O002875,2025-06-22,C1268,Retail farmer,V09,Chilli,Nursery bed,1700,1.26,0.0,2142.0,Cash,Walk-in,Self pickup
O002876,2025-06-22,C1269,Retail farmer,V01,Chilli,Pro-tray,1200,1.58,0.0,1896.0,UPI,Walk-in,Self pickup
O002877,2025-06-22,C1270,Retail farmer,V12,Tomato,Pro-tray,400,1.86,0.0,744.0,Cash,Walk-in,Self pickup
O002878,2025-06-22,C0922,Retail farmer,V16,Tobacco,Nursery bed,2400,0.13,0.0,312.0,UPI,Phone call,Self pickup
O002879,2025-06-23,C1271,Home gardener,V04,Chilli,Pro-tray,140,1.83,0.0,256.2,Cash,Walk-in,Self pickup
O002880,2025-06-23,C0116,Retail farmer,V03,Chilli,Pro-tray,1600,1.75,0.0,2800.0,UPI,Walk-in,Self pickup
O002881,2025-06-23,C0170,Retail farmer,V07,Chilli,Pro-tray,1200,1.33,0.0,1596.0,UPI,Phone call,Self pickup
O002882,2025-06-23,C0892,Wholesale / dealer,V09,Chilli,Nursery bed,6600,1.27,9.4,7594.09,UPI,Walk-in,Van delivery
O002883,2025-06-23,C0412,Retail farmer,V03,Chilli,Pro-tray,700,1.73,0.0,1211.0,Cash,Walk-in,Self pickup
O002884,2025-06-23,C0988,Retail farmer,V04,Chilli,Pro-tray,900,1.76,0.0,1584.0,Cash,Phone call,Self pickup
O002885,2025-06-23,C0550,Wholesale / dealer,V13,Brinjal,Pro-tray,2800,1.23,11.4,3051.38,Credit,Walk-in,Self pickup
O002886,2025-06-24,C0507,Retail farmer,V02,Chilli,Pro-tray,1600,1.59,0.0,2544.0,UPI,Walk-in,Self pickup
O002887,2025-06-24,C1272,Retail farmer,V03,Chilli,Pro-tray,1100,1.72,0.0,1892.0,Cash,WhatsApp,Self pickup
O002888,2025-06-24,C0489,Retail farmer,V09,Chilli,Pro-tray,1000,1.75,0.0,1750.0,Credit,WhatsApp,Self pickup
O002889,2025-06-24,C1273,Retail farmer,V04,Chilli,Pro-tray,2800,1.79,0.0,5012.0,Cash,WhatsApp,Self pickup
O002890,2025-06-24,C0717,Retail farmer,V06,Chilli,Pro-tray,2100,1.41,0.0,2961.0,UPI,Phone call,Self pickup
O002891,2025-06-24,C0565,Retail farmer,V06,Chilli,Nursery bed,800,0.93,0.0,744.0,Cash,Walk-in,Self pickup
O002892,2025-06-24,C0385,Retail farmer,V08,Chilli,Nursery bed,900,1.17,0.0,1053.0,Cash,Walk-in,Van delivery
O002893,2025-06-24,C1274,Retail farmer,V07,Chilli,Pro-tray,700,1.33,0.0,931.0,UPI,WhatsApp,Self pickup
O002894,2025-06-24,C0972,Retail farmer,V01,Chilli,Nursery bed,1100,1.19,0.0,1309.0,Cash,Walk-in,Self pickup
O002895,2025-06-24,C1031,Retail farmer,V09,Chilli,Pro-tray,3700,1.82,0.0,6734.0,Cash,Walk-in,Self pickup
O002896,2025-06-24,C0030,Retail farmer,V01,Chilli,Pro-tray,3000,1.61,0.0,4830.0,UPI,WhatsApp,Van delivery
O002897,2025-06-25,C1275,Retail farmer,V07,Chilli,Pro-tray,900,1.31,0.0,1179.0,UPI,WhatsApp,Self pickup
O002898,2025-06-25,C1276,Retail farmer,V02,Chilli,Pro-tray,1400,1.57,0.0,2198.0,UPI,Walk-in,Self pickup
O002899,2025-06-25,C0105,Retail farmer,V06,Chilli,Nursery bed,1900,0.96,0.0,1824.0,Cash,Phone call,Self pickup
O002900,2025-06-25,C1009,Retail farmer,V01,Chilli,Pro-tray,500,1.6,0.0,800.0,UPI,WhatsApp,Self pickup
O002901,2025-06-25,C0718,Wholesale / dealer,V02,Chilli,Pro-tray,4000,1.59,10.3,5704.92,UPI,Walk-in,Self pickup
O002902,2025-06-25,C1277,Retail farmer,V01,Chilli,Pro-tray,1300,1.59,0.0,2067.0,Cash,WhatsApp,Self pickup
O002903,2025-06-25,C0362,Retail farmer,V05,Chilli,Pro-tray,1200,1.71,0.0,2052.0,Cash,Phone call,Self pickup
O002904,2025-06-25,C1278,Retail farmer,V12,Tomato,Pro-tray,600,1.94,0.0,1164.0,Cash,Walk-in,Self pickup
O002905,2025-06-25,C0758,Wholesale / dealer,V15,Marigold,Pro-tray,4400,1.78,8.1,7197.61,Credit,WhatsApp,Self pickup
O002906,2025-06-26,C0915,Wholesale / dealer,V03,Chilli,Pro-tray,12500,1.76,10.2,19756.0,Cash,Phone call,Van delivery
O002907,2025-06-26,C0115,Retail farmer,V07,Chilli,Pro-tray,2200,1.33,0.0,2926.0,UPI,Walk-in,Self pickup
O002908,2025-06-26,C1279,Retail farmer,V06,Chilli,Pro-tray,2400,1.37,0.0,3288.0,UPI,Walk-in,Self pickup
O002909,2025-06-26,C0643,Retail farmer,V07,Chilli,Nursery bed,1700,0.9,0.0,1530.0,Cash,Walk-in,Self pickup
O002910,2025-06-26,C0910,Retail farmer,V06,Chilli,Pro-tray,1000,1.35,0.0,1350.0,Cash,WhatsApp,Van delivery
O002911,2025-06-26,C1280,Retail farmer,V12,Tomato,Pro-tray,1100,1.87,0.0,2057.0,Cash,WhatsApp,Self pickup
O002912,2025-06-27,C0757,Retail farmer,V03,Chilli,Pro-tray,2100,1.69,0.0,3549.0,UPI,Walk-in,Self pickup
O002913,2025-06-27,C0863,Wholesale / dealer,V06,Chilli,Pro-tray,4200,1.33,9.2,5072.09,Credit,Walk-in,Self pickup
O002914,2025-06-27,C0400,Retail farmer,V01,Chilli,Pro-tray,1500,1.6,0.0,2400.0,Cash,WhatsApp,Self pickup
O002915,2025-06-27,C1281,Retail farmer,V01,Chilli,Pro-tray,700,1.63,0.0,1141.0,Cash,Walk-in,Self pickup
O002916,2025-06-27,C1282,Wholesale / dealer,V01,Chilli,Nursery bed,4100,1.17,11.2,4259.74,Credit,Walk-in,Self pickup
O002917,2025-06-27,C0077,Retail farmer,V09,Chilli,Nursery bed,1700,1.27,0.0,2159.0,Cash,Walk-in,Self pickup
O002918,2025-06-27,C0068,Wholesale / dealer,V02,Chilli,Pro-tray,4300,1.58,8.8,6196.13,UPI,Phone call,Self pickup
O002919,2025-06-27,C0878,Retail farmer,V02,Chilli,Pro-tray,900,1.61,0.0,1449.0,UPI,Walk-in,Self pickup
O002920,2025-06-27,C0556,Retail farmer,V13,Brinjal,Nursery bed,700,0.86,0.0,602.0,UPI,Walk-in,Self pickup
O002921,2025-06-28,C1283,Retail farmer,V04,Chilli,Pro-tray,1300,1.83,0.0,2379.0,Cash,Walk-in,Self pickup
O002922,2025-06-28,C0133,Retail farmer,V05,Chilli,Pro-tray,1100,1.7,0.0,1870.0,Cash,WhatsApp,Self pickup
O002923,2025-06-28,C0189,Retail farmer,V05,Chilli,Pro-tray,1400,1.73,0.0,2422.0,Cash,Walk-in,Self pickup
O002924,2025-06-28,C0531,Retail farmer,V10,Chilli,Nursery bed,800,0.99,0.0,792.0,Cash,Phone call,Van delivery
O002925,2025-06-28,C0371,Retail farmer,V08,Chilli,Nursery bed,4000,1.18,0.0,4720.0,Cash,Walk-in,Self pickup
O002926,2025-06-28,C1284,Retail farmer,V03,Chilli,Nursery bed,2700,1.22,0.0,3294.0,Credit,Phone call,Van delivery
O002927,2025-06-28,C1285,Retail farmer,V06,Chilli,Pro-tray,900,1.33,0.0,1197.0,Cash,WhatsApp,Self pickup
O002928,2025-06-28,C1286,Retail farmer,V01,Chilli,Pro-tray,1900,1.63,0.0,3097.0,UPI,Walk-in,Self pickup
O002929,2025-06-28,C1287,Retail farmer,V03,Chilli,Pro-tray,1500,1.74,0.0,2610.0,Cash,WhatsApp,Self pickup
O002930,2025-06-28,C1288,Retail farmer,V11,Capsicum,Pro-tray,500,3.34,0.0,1670.0,UPI,Phone call,Self pickup
O002931,2025-06-28,C0712,Retail farmer,V13,Brinjal,Nursery bed,400,0.82,0.0,328.0,Cash,Phone call,Self pickup
O002932,2025-06-28,C0409,Wholesale / dealer,V14,Marigold,Pro-tray,2000,1.88,9.4,3406.56,UPI,Walk-in,Self pickup
O002933,2025-06-28,C0826,Retail farmer,V16,Tobacco,Nursery bed,7000,0.13,0.5,905.45,UPI,Phone call,Van delivery
O002934,2025-06-28,C1289,Retail farmer,V16,Tobacco,Nursery bed,8400,0.13,2.3,1066.88,UPI,Phone call,Self pickup
O002935,2025-06-29,C0530,Wholesale / dealer,V09,Chilli,Nursery bed,3000,1.23,11.9,3250.89,Cash,Walk-in,Van delivery
O002936,2025-06-29,C1217,Retail farmer,V03,Chilli,Nursery bed,4400,1.23,0.0,5412.0,UPI,WhatsApp,Self pickup
O002937,2025-06-29,C1290,Retail farmer,V05,Chilli,Pro-tray,2800,1.67,0.0,4676.0,UPI,Phone call,Self pickup
O002938,2025-06-29,C1017,Retail farmer,V06,Chilli,Pro-tray,1200,1.39,0.0,1668.0,UPI,Walk-in,Self pickup
O002939,2025-06-29,C1095,Retail farmer,V09,Chilli,Pro-tray,2300,1.83,0.0,4209.0,UPI,WhatsApp,Self pickup
O002940,2025-06-29,C1291,Retail farmer,V01,Chilli,Pro-tray,1900,1.64,0.0,3116.0,UPI,WhatsApp,Self pickup
O002941,2025-06-29,C1292,Retail farmer,V02,Chilli,Nursery bed,1000,1.08,0.0,1080.0,Cash,Walk-in,Self pickup
O002942,2025-06-29,C0453,Retail farmer,V12,Tomato,Nursery bed,700,1.34,0.0,938.0,UPI,Walk-in,Self pickup
O002943,2025-06-29,C1293,Home gardener,V15,Marigold,Pro-tray,40,1.78,0.0,71.2,Credit,Walk-in,Self pickup
O002944,2025-06-29,C1013,Home gardener,V15,Marigold,Pro-tray,90,1.83,0.0,164.7,Cash,Phone call,Self pickup
O002945,2025-06-29,C1294,Retail farmer,V14,Marigold,Nursery bed,500,1.4,0.0,700.0,Cash,Phone call,Self pickup
O002946,2025-06-29,C0964,Retail farmer,V15,Marigold,Nursery bed,400,1.34,0.0,536.0,Credit,Phone call,Van delivery
O002947,2025-06-30,C0521,Retail farmer,V06,Chilli,Nursery bed,1400,0.93,0.0,1302.0,Cash,WhatsApp,Self pickup
O002948,2025-06-30,C1295,Retail farmer,V07,Chilli,Nursery bed,1800,0.93,0.0,1674.0,Cash,Phone call,Self pickup
O002949,2025-06-30,C1296,Retail farmer,V05,Chilli,Pro-tray,1400,1.66,0.0,2324.0,UPI,Phone call,Self pickup
O002950,2025-06-30,C0822,Home gardener,V01,Chilli,Pro-tray,100,1.63,0.0,163.0,Cash,Phone call,Self pickup
O002951,2025-06-30,C0677,Retail farmer,V06,Chilli,Pro-tray,1400,1.36,0.0,1904.0,Credit,Walk-in,Self pickup
O002952,2025-06-30,C1036,Retail farmer,V09,Chilli,Pro-tray,1500,1.83,0.0,2745.0,Cash,Phone call,Van delivery
O002953,2025-06-30,C1297,Retail farmer,V08,Chilli,Pro-tray,1700,1.61,0.0,2737.0,Cash,Walk-in,Self pickup
O002954,2025-06-30,C1298,Retail farmer,V01,Chilli,Pro-tray,2100,1.67,0.0,3507.0,Cash,Walk-in,Self pickup
O002955,2025-06-30,C0754,Retail farmer,V01,Chilli,Nursery bed,1000,1.13,0.0,1130.0,UPI,Phone call,Self pickup
O002956,2025-06-30,C1299,Retail farmer,V05,Chilli,Pro-tray,5000,1.7,0.3,8474.5,Cash,Phone call,Van delivery
O002957,2025-06-30,C0459,Retail farmer,V03,Chilli,Nursery bed,2800,1.23,0.0,3444.0,UPI,WhatsApp,Self pickup
O002958,2025-06-30,C1300,Home gardener,V13,Brinjal,Pro-tray,90,1.23,0.0,110.7,Cash,Walk-in,Van delivery
O002959,2025-06-30,C1301,Retail farmer,V15,Marigold,Nursery bed,1300,1.29,0.0,1677.0,UPI,Phone call,Self pickup
O002960,2025-06-30,C0529,Retail farmer,V16,Tobacco,Nursery bed,6700,0.13,2.0,853.58,Cash,Phone call,Van delivery
O002961,2025-07-01,C1302,Retail farmer,V04,Chilli,Pro-tray,900,1.82,0.0,1638.0,UPI,Walk-in,Self pickup
O002962,2025-07-01,C0324,Retail farmer,V07,Chilli,Pro-tray,1000,1.34,0.0,1340.0,UPI,Walk-in,Self pickup
O002963,2025-07-01,C1303,Retail farmer,V03,Chilli,Pro-tray,1800,1.72,0.0,3096.0,UPI,WhatsApp,Self pickup
O002964,2025-07-01,C0237,Retail farmer,V09,Chilli,Pro-tray,2700,1.79,0.0,4833.0,UPI,Walk-in,Self pickup
O002965,2025-07-01,C1304,Retail farmer,V03,Chilli,Pro-tray,2100,1.75,0.0,3675.0,UPI,WhatsApp,Self pickup
O002966,2025-07-01,C1305,Retail farmer,V06,Chilli,Pro-tray,1800,1.35,0.0,2430.0,Cash,Phone call,Self pickup
O002967,2025-07-01,C0337,Retail farmer,V10,Chilli,Pro-tray,1300,1.45,0.0,1885.0,UPI,Walk-in,Self pickup
O002968,2025-07-01,C0819,Wholesale / dealer,V04,Chilli,Nursery bed,2100,1.24,9.3,2361.83,Credit,Phone call,Self pickup
O002969,2025-07-01,C0079,Wholesale / dealer,V03,Chilli,Pro-tray,6300,1.73,9.6,9852.7,Credit,Walk-in,Self pickup
O002970,2025-07-01,C1120,Retail farmer,V13,Brinjal,Nursery bed,800,0.86,0.0,688.0,Credit,Phone call,Self pickup
O002971,2025-07-01,C1013,Home gardener,V14,Marigold,Pro-tray,110,1.83,0.0,201.3,Cash,WhatsApp,Self pickup
O002972,2025-07-01,C1306,Wholesale / dealer,V16,Tobacco,Nursery bed,54100,0.13,10.4,6301.57,Credit,Walk-in,Van delivery
O002973,2025-07-02,C1103,Retail farmer,V02,Chilli,Pro-tray,1400,1.59,0.0,2226.0,Credit,Phone call,Self pickup
O002974,2025-07-02,C1288,Retail farmer,V02,Chilli,Nursery bed,2600,1.08,0.0,2808.0,Cash,Phone call,Self pickup
O002975,2025-07-02,C0884,Retail farmer,V03,Chilli,Pro-tray,3400,1.77,0.0,6018.0,UPI,Phone call,Self pickup
O002976,2025-07-02,C1307,Retail farmer,V02,Chilli,Pro-tray,2000,1.58,0.0,3160.0,Cash,WhatsApp,Self pickup
O002977,2025-07-02,C0100,Retail farmer,V01,Chilli,Pro-tray,1100,1.58,0.0,1738.0,Cash,Walk-in,Van delivery
O002978,2025-07-02,C0383,Retail farmer,V01,Chilli,Pro-tray,600,1.63,0.0,978.0,UPI,Walk-in,Self pickup
O002979,2025-07-02,C0116,Retail farmer,V09,Chilli,Pro-tray,2200,1.81,0.0,3982.0,UPI,Walk-in,Self pickup
O002980,2025-07-02,C1308,Retail farmer,V05,Chilli,Pro-tray,1000,1.68,0.0,1680.0,Cash,Walk-in,Van delivery
O002981,2025-07-02,C0730,Retail farmer,V01,Chilli,Pro-tray,1200,1.62,0.0,1944.0,Cash,Walk-in,Self pickup
O002982,2025-07-02,C1309,Retail farmer,V12,Tomato,Pro-tray,800,1.87,0.0,1496.0,Credit,Walk-in,Self pickup
O002983,2025-07-02,C0091,Retail farmer,V13,Brinjal,Pro-tray,1700,1.27,0.0,2159.0,UPI,Walk-in,Self pickup
O002984,2025-07-02,C1236,Retail farmer,V15,Marigold,Nursery bed,1000,1.29,0.0,1290.0,UPI,Walk-in,Self pickup
O002985,2025-07-02,C1310,Retail farmer,V16,Tobacco,Nursery bed,13900,0.13,2.9,1754.6,Cash,Phone call,Van delivery
O002986,2025-07-03,C1311,Retail farmer,V10,Chilli,Pro-tray,1900,1.4,0.0,2660.0,UPI,Walk-in,Self pickup
O002987,2025-07-03,C1312,Retail farmer,V05,Chilli,Pro-tray,1200,1.66,0.0,1992.0,UPI,Phone call,Self pickup
O002988,2025-07-03,C1313,Retail farmer,V07,Chilli,Pro-tray,700,1.33,0.0,931.0,Cash,Walk-in,Self pickup
O002989,2025-07-03,C1301,Retail farmer,V03,Chilli,Nursery bed,1500,1.17,0.0,1755.0,UPI,WhatsApp,Self pickup
O002990,2025-07-03,C1314,Retail farmer,V07,Chilli,Nursery bed,2300,0.92,0.0,2116.0,UPI,Walk-in,Self pickup
O002991,2025-07-03,C1315,Retail farmer,V05,Chilli,Nursery bed,600,1.17,0.0,702.0,UPI,WhatsApp,Self pickup
O002992,2025-07-03,C0965,Retail farmer,V05,Chilli,Pro-tray,2200,1.64,0.0,3608.0,Cash,WhatsApp,Self pickup
O002993,2025-07-03,C0328,Retail farmer,V09,Chilli,Nursery bed,800,1.24,0.0,992.0,UPI,Walk-in,Van delivery
O002994,2025-07-03,C1316,Retail farmer,V12,Tomato,Pro-tray,3100,1.84,0.0,5704.0,Cash,Phone call,Self pickup
O002995,2025-07-03,C1317,Retail farmer,V12,Tomato,Nursery bed,1800,1.34,0.0,2412.0,UPI,Walk-in,Self pickup
O002996,2025-07-03,C1318,Retail farmer,V15,Marigold,Pro-tray,500,1.76,0.0,880.0,UPI,Walk-in,Self pickup
O002997,2025-07-03,C1319,Retail farmer,V14,Marigold,Nursery bed,2300,1.37,0.0,3151.0,UPI,Walk-in,Self pickup
O002998,2025-07-03,C0686,Retail farmer,V14,Marigold,Pro-tray,1600,1.94,0.0,3104.0,Cash,Walk-in,Self pickup
O002999,2025-07-04,C1320,Retail farmer,V04,Chilli,Pro-tray,1900,1.75,0.0,3325.0,Credit,Phone call,Self pickup
O003000,2025-07-04,C0928,Wholesale / dealer,V08,Chilli,Pro-tray,8100,1.62,8.9,11954.14,Credit,Walk-in,Van delivery
O003001,2025-07-04,C1321,Retail farmer,V01,Chilli,Nursery bed,4500,1.14,0.0,5130.0,Credit,WhatsApp,Self pickup
O003002,2025-07-04,C1322,Retail farmer,V09,Chilli,Pro-tray,1900,1.82,0.0,3458.0,Cash,Walk-in,Van delivery
O003003,2025-07-04,C1199,Retail farmer,V03,Chilli,Pro-tray,800,1.74,0.0,1392.0,UPI,Walk-in,Self pickup
O003004,2025-07-04,C0995,Home gardener,V10,Chilli,Pro-tray,200,1.42,0.0,284.0,Cash,Phone call,Self pickup
O003005,2025-07-04,C1323,Retail farmer,V01,Chilli,Pro-tray,2700,1.67,0.0,4509.0,Cash,Walk-in,Self pickup
O003006,2025-07-04,C0807,Retail farmer,V01,Chilli,Nursery bed,700,1.14,0.0,798.0,UPI,Walk-in,Self pickup
O003007,2025-07-04,C1324,Wholesale / dealer,V07,Chilli,Pro-tray,8300,1.27,10.7,9413.11,UPI,Phone call,Van delivery
O003008,2025-07-04,C1325,Retail farmer,V02,Chilli,Pro-tray,1500,1.55,0.0,2325.0,UPI,Walk-in,Self pickup
O003009,2025-07-04,C0454,Retail farmer,V02,Chilli,Pro-tray,2500,1.61,0.0,4025.0,UPI,Phone call,Self pickup
O003010,2025-07-04,C1326,Wholesale / dealer,V03,Chilli,Pro-tray,4100,1.72,11.0,6276.28,Credit,WhatsApp,Self pickup
O003011,2025-07-04,C1327,Retail farmer,V11,Capsicum,Pro-tray,1900,3.41,0.0,6479.0,Cash,Phone call,Self pickup
O003012,2025-07-04,C0758,Wholesale / dealer,V12,Tomato,Pro-tray,2900,1.88,9.8,4917.7,Credit,Walk-in,Self pickup
O003013,2025-07-04,C0341,Retail farmer,V12,Tomato,Pro-tray,1100,1.85,0.0,2035.0,Cash,Walk-in,Self pickup
O003014,2025-07-04,C0586,Retail farmer,V14,Marigold,Nursery bed,1000,1.35,0.0,1350.0,Credit,Walk-in,Self pickup
O003015,2025-07-04,C0808,Retail farmer,V15,Marigold,Pro-tray,1000,1.83,0.0,1830.0,Cash,WhatsApp,Self pickup
O003016,2025-07-05,C1328,Retail farmer,V01,Chilli,Pro-tray,1200,1.64,0.0,1968.0,Cash,Phone call,Self pickup
O003017,2025-07-05,C1240,Wholesale / dealer,V07,Chilli,Pro-tray,2900,1.33,9.4,3494.44,UPI,Walk-in,Self pickup
O003018,2025-07-05,C0606,Retail farmer,V01,Chilli,Nursery bed,2900,1.14,0.0,3306.0,Cash,Phone call,Self pickup
O003019,2025-07-05,C1329,Retail farmer,V01,Chilli,Nursery bed,2300,1.13,0.0,2599.0,Cash,WhatsApp,Self pickup
O003020,2025-07-05,C0347,Wholesale / dealer,V01,Chilli,Pro-tray,5100,1.63,8.1,7639.65,Credit,WhatsApp,Van delivery
O003021,2025-07-05,C0937,Retail farmer,V10,Chilli,Pro-tray,4400,1.41,0.0,6204.0,UPI,Walk-in,Self pickup
O003022,2025-07-05,C1330,Retail farmer,V05,Chilli,Pro-tray,1200,1.64,0.0,1968.0,Cash,Walk-in,Self pickup
O003023,2025-07-05,C1331,Retail farmer,V08,Chilli,Pro-tray,1200,1.63,0.0,1956.0,Cash,Phone call,Self pickup
O003024,2025-07-05,C1052,Wholesale / dealer,V06,Chilli,Nursery bed,11700,0.95,10.8,9914.58,UPI,WhatsApp,Van delivery
O003025,2025-07-05,C1332,Home gardener,V12,Tomato,Pro-tray,20,1.86,0.0,37.2,Cash,Walk-in,Self pickup
O003026,2025-07-05,C1333,Retail farmer,V12,Tomato,Pro-tray,3000,1.92,0.0,5760.0,UPI,Walk-in,Self pickup
O003027,2025-07-05,C0934,Wholesale / dealer,V13,Brinjal,Pro-tray,4300,1.25,10.6,4805.25,Cash,Walk-in,Self pickup
O003028,2025-07-05,C0965,Retail farmer,V14,Marigold,Nursery bed,1600,1.36,0.0,2176.0,Cash,Walk-in,Self pickup
O003029,2025-07-05,C0183,Retail farmer,V14,Marigold,Pro-tray,4200,1.9,0.0,7980.0,Cash,Walk-in,Self pickup
O003030,2025-07-05,C0381,Retail farmer,V16,Tobacco,Nursery bed,5100,0.12,3.8,588.74,Cash,WhatsApp,Van delivery
O003031,2025-07-05,C0625,Wholesale / dealer,V16,Tobacco,Nursery bed,37200,0.13,11.9,4260.52,UPI,Phone call,Van delivery
O003032,2025-07-06,C0743,Retail farmer,V10,Chilli,Nursery bed,3000,0.98,0.0,2940.0,Credit,Phone call,Self pickup
O003033,2025-07-06,C0109,Retail farmer,V09,Chilli,Nursery bed,2200,1.3,0.0,2860.0,Cash,Walk-in,Self pickup
O003034,2025-07-06,C1334,Retail farmer,V08,Chilli,Nursery bed,1000,1.17,0.0,1170.0,Cash,Phone call,Van delivery
O003035,2025-07-06,C1335,Retail farmer,V09,Chilli,Pro-tray,1200,1.83,0.0,2196.0,Cash,Walk-in,Self pickup
O003036,2025-07-06,C1336,Retail farmer,V04,Chilli,Pro-tray,1600,1.82,0.0,2912.0,UPI,WhatsApp,Self pickup
O003037,2025-07-06,C1011,Retail farmer,V07,Chilli,Pro-tray,1800,1.33,0.0,2394.0,Cash,WhatsApp,Self pickup
O003038,2025-07-06,C1337,Retail farmer,V07,Chilli,Pro-tray,1500,1.33,0.0,1995.0,UPI,Walk-in,Self pickup
O003039,2025-07-06,C0881,Retail farmer,V09,Chilli,Pro-tray,2200,1.83,0.0,4026.0,UPI,WhatsApp,Self pickup
O003040,2025-07-06,C1338,Retail farmer,V04,Chilli,Nursery bed,3800,1.29,0.0,4902.0,Cash,WhatsApp,Self pickup
O003041,2025-07-06,C1339,Retail farmer,V02,Chilli,Nursery bed,2300,1.07,0.0,2461.0,Cash,Walk-in,Self pickup
O003042,2025-07-06,C1340,Retail farmer,V10,Chilli,Pro-tray,2300,1.46,0.0,3358.0,UPI,WhatsApp,Self pickup
O003043,2025-07-06,C1341,Retail farmer,V01,Chilli,Nursery bed,1300,1.18,0.0,1534.0,Cash,Walk-in,Van delivery
O003044,2025-07-06,C1342,Home gardener,V09,Chilli,Pro-tray,110,1.73,0.0,190.3,UPI,Phone call,Self pickup
O003045,2025-07-06,C1343,Retail farmer,V12,Tomato,Pro-tray,4300,1.89,0.0,8127.0,Cash,Walk-in,Self pickup
O003046,2025-07-06,C1344,Home gardener,V13,Brinjal,Pro-tray,150,1.27,0.0,190.5,Cash,WhatsApp,Self pickup
O003047,2025-07-06,C1059,Wholesale / dealer,V14,Marigold,Nursery bed,4300,1.36,8.3,5362.62,Credit,Walk-in,Self pickup
O003048,2025-07-06,C1345,Retail farmer,V15,Marigold,Nursery bed,1600,1.3,0.0,2080.0,UPI,WhatsApp,Self pickup
O003049,2025-07-06,C1141,Retail farmer,V16,Tobacco,Nursery bed,4100,0.13,0.0,533.0,UPI,Walk-in,Self pickup
O003050,2025-07-06,C1346,Retail farmer,V16,Tobacco,Nursery bed,6100,0.13,0.6,788.24,Cash,Walk-in,Van delivery
O003051,2025-07-07,C0042,Retail farmer,V01,Chilli,Nursery bed,1800,1.19,0.0,2142.0,UPI,Walk-in,Van delivery
O003052,2025-07-07,C1076,Wholesale / dealer,V06,Chilli,Pro-tray,9500,1.33,9.5,11434.68,Cash,WhatsApp,Self pickup
O003053,2025-07-07,C0305,Retail farmer,V07,Chilli,Pro-tray,1200,1.31,0.0,1572.0,UPI,Phone call,Van delivery
O003054,2025-07-07,C1347,Retail farmer,V05,Chilli,Pro-tray,2600,1.69,0.0,4394.0,Cash,Walk-in,Van delivery
O003055,2025-07-07,C1025,Retail farmer,V06,Chilli,Pro-tray,2700,1.36,0.0,3672.0,UPI,Walk-in,Van delivery
O003056,2025-07-07,C0703,Wholesale / dealer,V10,Chilli,Pro-tray,10400,1.46,11.4,13453.02,Cash,Phone call,Van delivery
O003057,2025-07-07,C1348,Retail farmer,V02,Chilli,Nursery bed,1100,1.1,0.0,1210.0,UPI,WhatsApp,Self pickup
O003058,2025-07-07,C1054,Retail farmer,V02,Chilli,Pro-tray,900,1.59,0.0,1431.0,Cash,Walk-in,Self pickup
O003059,2025-07-07,C1349,Retail farmer,V05,Chilli,Pro-tray,2700,1.67,0.0,4509.0,Cash,Phone call,Van delivery
O003060,2025-07-07,C0567,Retail farmer,V04,Chilli,Nursery bed,1800,1.26,0.0,2268.0,Cash,Walk-in,Self pickup
O003061,2025-07-07,C0376,Home gardener,V12,Tomato,Pro-tray,180,1.89,0.0,340.2,Cash,Walk-in,Self pickup
O003062,2025-07-07,C0392,Retail farmer,V12,Tomato,Pro-tray,1100,1.89,0.0,2079.0,Cash,WhatsApp,Self pickup
O003063,2025-07-07,C1350,Retail farmer,V12,Tomato,Pro-tray,300,1.85,0.0,555.0,Cash,Walk-in,Self pickup
O003064,2025-07-07,C1351,Retail farmer,V13,Brinjal,Nursery bed,2000,0.84,0.0,1680.0,UPI,Phone call,Self pickup
O003065,2025-07-07,C1352,Home gardener,V14,Marigold,Pro-tray,170,1.87,0.0,317.9,Cash,Walk-in,Self pickup
O003066,2025-07-07,C1353,Retail farmer,V16,Tobacco,Nursery bed,5200,0.13,0.3,673.97,Cash,Walk-in,Van delivery
O003067,2025-07-07,C0874,Wholesale / dealer,V16,Tobacco,Nursery bed,56200,0.13,8.4,6692.3,UPI,Walk-in,Van delivery
O003068,2025-07-07,C1354,Retail farmer,V16,Tobacco,Nursery bed,7300,0.12,1.2,865.49,Cash,Walk-in,Van delivery
O003069,2025-07-07,C1316,Retail farmer,V16,Tobacco,Nursery bed,9600,0.13,1.6,1228.03,UPI,Phone call,Van delivery
O003070,2025-07-08,C0271,Wholesale / dealer,V05,Chilli,Pro-tray,12500,1.66,8.7,18944.75,Cash,WhatsApp,Self pickup
O003071,2025-07-08,C1355,Retail farmer,V10,Chilli,Nursery bed,1600,1.0,0.0,1600.0,Credit,Phone call,Self pickup
O003072,2025-07-08,C1121,Retail farmer,V06,Chilli,Pro-tray,4900,1.38,0.0,6762.0,Credit,WhatsApp,Van delivery
O003073,2025-07-08,C1152,Retail farmer,V09,Chilli,Nursery bed,1000,1.27,0.0,1270.0,Cash,Phone call,Van delivery
O003074,2025-07-08,C0504,Retail farmer,V01,Chilli,Nursery bed,2600,1.12,0.0,2912.0,Cash,Walk-in,Self pickup
O003075,2025-07-08,C0857,Retail farmer,V08,Chilli,Nursery bed,3600,1.16,0.0,4176.0,UPI,Walk-in,Self pickup
O003076,2025-07-08,C0061,Retail farmer,V04,Chilli,Nursery bed,900,1.25,0.0,1125.0,Cash,WhatsApp,Self pickup
O003077,2025-07-08,C1356,Wholesale / dealer,V07,Chilli,Nursery bed,12900,0.94,10.8,10816.39,Credit,Walk-in,Van delivery
O003078,2025-07-08,C1357,Retail farmer,V02,Chilli,Pro-tray,1600,1.53,0.0,2448.0,Cash,Phone call,Van delivery
O003079,2025-07-08,C0812,Wholesale / dealer,V01,Chilli,Nursery bed,2800,1.15,12.0,2833.6,UPI,WhatsApp,Self pickup
O003080,2025-07-08,C1358,Retail farmer,V12,Tomato,Pro-tray,1600,1.94,0.0,3104.0,Cash,Walk-in,Van delivery
O003081,2025-07-08,C1359,Retail farmer,V12,Tomato,Nursery bed,600,1.3,0.0,780.0,UPI,Walk-in,Self pickup
O003082,2025-07-08,C0729,Wholesale / dealer,V16,Tobacco,Nursery bed,21300,0.12,10.8,2279.95,UPI,Phone call,Self pickup
O003083,2025-07-09,C1360,Home gardener,V01,Chilli,Pro-tray,150,1.63,0.0,244.5,UPI,Walk-in,Self pickup
O003084,2025-07-09,C1248,Retail farmer,V02,Chilli,Pro-tray,2500,1.62,0.0,4050.0,Cash,Walk-in,Self pickup
O003085,2025-07-09,C1361,Retail farmer,V09,Chilli,Pro-tray,1200,1.79,0.0,2148.0,UPI,WhatsApp,Self pickup
O003086,2025-07-09,C0506,Retail farmer,V10,Chilli,Pro-tray,2900,1.38,0.0,4002.0,UPI,Phone call,Self pickup
O003087,2025-07-09,C0474,Retail farmer,V04,Chilli,Pro-tray,3000,1.74,0.0,5220.0,Cash,Walk-in,Van delivery
O003088,2025-07-09,C0212,Wholesale / dealer,V07,Chilli,Nursery bed,10100,0.91,11.5,8134.04,UPI,Walk-in,Van delivery
O003089,2025-07-09,C0137,Home gardener,V03,Chilli,Pro-tray,150,1.71,0.0,256.5,UPI,Walk-in,Self pickup
O003090,2025-07-09,C1362,Wholesale / dealer,V08,Chilli,Pro-tray,8500,1.66,10.9,12572.01,UPI,Phone call,Self pickup
O003091,2025-07-09,C1363,Retail farmer,V08,Chilli,Pro-tray,2500,1.66,0.0,4150.0,UPI,WhatsApp,Self pickup
O003092,2025-07-09,C1364,Retail farmer,V07,Chilli,Pro-tray,1100,1.34,0.0,1474.0,Cash,Phone call,Self pickup
O003093,2025-07-09,C1365,Retail farmer,V01,Chilli,Nursery bed,1600,1.16,0.0,1856.0,UPI,Walk-in,Self pickup
O003094,2025-07-09,C0626,Wholesale / dealer,V05,Chilli,Nursery bed,6900,1.21,11.5,7388.86,Cash,Phone call,Van delivery
O003095,2025-07-09,C1175,Retail farmer,V12,Tomato,Pro-tray,700,1.86,0.0,1302.0,Cash,Walk-in,Self pickup
O003096,2025-07-09,C1270,Retail farmer,V12,Tomato,Nursery bed,500,1.31,0.0,655.0,Cash,Phone call,Self pickup
O003097,2025-07-09,C1366,Retail farmer,V14,Marigold,Pro-tray,2700,1.85,0.0,4995.0,UPI,Walk-in,Self pickup
O003098,2025-07-09,C1367,Retail farmer,V15,Marigold,Nursery bed,800,1.31,0.0,1048.0,UPI,Walk-in,Self pickup
O003099,2025-07-09,C1368,Retail farmer,V14,Marigold,Pro-tray,600,1.93,0.0,1158.0,Cash,Phone call,Self pickup
O003100,2025-07-09,C1080,Retail farmer,V16,Tobacco,Nursery bed,7300,0.13,2.5,925.28,Cash,Phone call,Van delivery
O003101,2025-07-10,C0481,Retail farmer,V05,Chilli,Pro-tray,1700,1.65,0.0,2805.0,UPI,Phone call,Self pickup
O003102,2025-07-10,C1369,Retail farmer,V07,Chilli,Pro-tray,700,1.33,0.0,931.0,UPI,Walk-in,Self pickup
O003103,2025-07-10,C1050,Retail farmer,V01,Chilli,Pro-tray,1200,1.66,0.0,1992.0,Cash,WhatsApp,Self pickup
O003104,2025-07-10,C0522,Wholesale / dealer,V04,Chilli,Pro-tray,3800,1.77,8.9,6127.39,UPI,Phone call,Self pickup
O003105,2025-07-10,C0023,Retail farmer,V05,Chilli,Pro-tray,900,1.71,0.0,1539.0,Cash,WhatsApp,Self pickup
O003106,2025-07-10,C0548,Retail farmer,V04,Chilli,Nursery bed,2000,1.25,0.0,2500.0,Cash,Phone call,Self pickup
O003107,2025-07-10,C0431,Home gardener,V01,Chilli,Pro-tray,100,1.62,0.0,162.0,Cash,Walk-in,Self pickup
O003108,2025-07-10,C1370,Retail farmer,V12,Tomato,Pro-tray,500,1.87,0.0,935.0,Cash,Walk-in,Self pickup
O003109,2025-07-10,C0357,Retail farmer,V13,Brinjal,Pro-tray,700,1.23,0.0,861.0,Credit,Walk-in,Self pickup
O003110,2025-07-10,C1229,Retail farmer,V13,Brinjal,Nursery bed,600,0.85,0.0,510.0,UPI,WhatsApp,Self pickup
O003111,2025-07-10,C1371,Retail farmer,V13,Brinjal,Pro-tray,400,1.22,0.0,488.0,UPI,Phone call,Self pickup
O003112,2025-07-10,C0477,Retail farmer,V16,Tobacco,Nursery bed,6000,0.12,2.5,702.0,Credit,Walk-in,Van delivery
O003113,2025-07-10,C0854,Retail farmer,V16,Tobacco,Nursery bed,4100,0.12,0.0,492.0,Cash,Walk-in,Self pickup
O003114,2025-07-11,C1372,Home gardener,V01,Chilli,Pro-tray,190,1.66,0.0,315.4,Cash,WhatsApp,Self pickup
O003115,2025-07-11,C0904,Retail farmer,V01,Chilli,Pro-tray,1700,1.62,0.0,2754.0,Cash,Phone call,Self pickup
O003116,2025-07-11,C1323,Retail farmer,V07,Chilli,Pro-tray,800,1.31,0.0,1048.0,Credit,Walk-in,Self pickup
O003117,2025-07-11,C1373,Retail farmer,V09,Chilli,Nursery bed,2600,1.27,0.0,3302.0,Cash,Walk-in,Self pickup
O003118,2025-07-11,C0461,Retail farmer,V06,Chilli,Pro-tray,1500,1.36,0.0,2040.0,Cash,Walk-in,Van delivery
O003119,2025-07-11,C0911,Retail farmer,V07,Chilli,Pro-tray,2000,1.28,0.0,2560.0,Cash,Walk-in,Self pickup
O003120,2025-07-11,C0560,Wholesale / dealer,V03,Chilli,Nursery bed,5400,1.24,11.1,5952.74,UPI,Walk-in,Van delivery
O003121,2025-07-11,C0568,Retail farmer,V10,Chilli,Pro-tray,3000,1.44,0.0,4320.0,UPI,WhatsApp,Self pickup
O003122,2025-07-11,C0321,Retail farmer,V01,Chilli,Nursery bed,1000,1.18,0.0,1180.0,Cash,Phone call,Self pickup
O003123,2025-07-11,C1374,Retail farmer,V08,Chilli,Pro-tray,1600,1.62,0.0,2592.0,UPI,Phone call,Self pickup
O003124,2025-07-11,C1375,Retail farmer,V01,Chilli,Nursery bed,1800,1.12,0.0,2016.0,UPI,Walk-in,Van delivery
O003125,2025-07-11,C1129,Wholesale / dealer,V04,Chilli,Nursery bed,2200,1.27,9.9,2517.39,Credit,Walk-in,Self pickup
O003126,2025-07-11,C1197,Retail farmer,V03,Chilli,Pro-tray,2100,1.77,0.0,3717.0,UPI,Phone call,Self pickup
O003127,2025-07-11,C1376,Retail farmer,V01,Chilli,Nursery bed,1100,1.17,0.0,1287.0,Cash,WhatsApp,Self pickup
O003128,2025-07-11,C0107,Retail farmer,V11,Capsicum,Pro-tray,600,3.45,0.0,2070.0,Cash,Walk-in,Self pickup
O003129,2025-07-11,C0592,Retail farmer,V11,Capsicum,Pro-tray,700,3.37,0.0,2359.0,Cash,Walk-in,Self pickup
O003130,2025-07-11,C1377,Retail farmer,V12,Tomato,Pro-tray,600,1.92,0.0,1152.0,Cash,Phone call,Self pickup
O003131,2025-07-11,C0985,Retail farmer,V13,Brinjal,Nursery bed,900,0.85,0.0,765.0,UPI,Phone call,Self pickup
O003132,2025-07-11,C1378,Retail farmer,V13,Brinjal,Nursery bed,1500,0.86,0.0,1290.0,UPI,WhatsApp,Self pickup
O003133,2025-07-11,C0981,Wholesale / dealer,V14,Marigold,Pro-tray,4300,1.84,8.5,7239.48,Credit,Walk-in,Self pickup
O003134,2025-07-11,C1068,Wholesale / dealer,V15,Marigold,Nursery bed,3300,1.29,12.0,3746.16,Cash,Walk-in,Self pickup
O003135,2025-07-11,C0892,Wholesale / dealer,V16,Tobacco,Nursery bed,32100,0.13,10.7,3726.49,Credit,Walk-in,Van delivery
O003136,2025-07-12,C0167,Wholesale / dealer,V07,Chilli,Pro-tray,3500,1.32,10.7,4125.66,Credit,Walk-in,Self pickup
O003137,2025-07-12,C1379,Retail farmer,V03,Chilli,Nursery bed,1600,1.2,0.0,1920.0,UPI,Phone call,Self pickup
O003138,2025-07-12,C1380,Retail farmer,V01,Chilli,Pro-tray,500,1.63,0.0,815.0,Cash,Walk-in,Self pickup
O003139,2025-07-12,C0272,Retail farmer,V02,Chilli,Nursery bed,2500,1.12,0.0,2800.0,Cash,Walk-in,Self pickup
O003140,2025-07-12,C1381,Retail farmer,V06,Chilli,Nursery bed,1800,0.94,0.0,1692.0,UPI,Walk-in,Van delivery
O003141,2025-07-12,C1243,Retail farmer,V01,Chilli,Nursery bed,800,1.14,0.0,912.0,Cash,Phone call,Self pickup
O003142,2025-07-12,C1382,Retail farmer,V02,Chilli,Pro-tray,2400,1.59,0.0,3816.0,UPI,Walk-in,Self pickup
O003143,2025-07-12,C1383,Retail farmer,V07,Chilli,Pro-tray,1100,1.31,0.0,1441.0,UPI,Walk-in,Self pickup
O003144,2025-07-12,C1384,Wholesale / dealer,V10,Chilli,Nursery bed,4900,0.97,10.2,4268.19,Credit,Walk-in,Self pickup
O003145,2025-07-12,C0347,Wholesale / dealer,V01,Chilli,Nursery bed,17900,1.14,9.3,18508.24,UPI,Walk-in,Self pickup
O003146,2025-07-12,C1385,Retail farmer,V01,Chilli,Nursery bed,3800,1.18,0.0,4484.0,Credit,Walk-in,Self pickup
O003147,2025-07-12,C0062,Retail farmer,V07,Chilli,Pro-tray,1700,1.3,0.0,2210.0,Cash,Walk-in,Self pickup
O003148,2025-07-12,C1030,Retail farmer,V10,Chilli,Pro-tray,2200,1.42,0.0,3124.0,UPI,Phone call,Self pickup
O003149,2025-07-12,C1386,Home gardener,V12,Tomato,Pro-tray,180,1.84,0.0,331.2,Cash,Walk-in,Self pickup
O003150,2025-07-12,C1375,Retail farmer,V13,Brinjal,Nursery bed,1100,0.84,0.0,924.0,Cash,Walk-in,Self pickup
O003151,2025-07-12,C0310,Retail farmer,V14,Marigold,Pro-tray,1200,1.95,0.0,2340.0,Cash,Walk-in,Self pickup
O003152,2025-07-12,C1387,Retail farmer,V16,Tobacco,Nursery bed,10600,0.13,0.8,1366.98,Cash,Phone call,Self pickup
O003153,2025-07-12,C1388,Retail farmer,V16,Tobacco,Nursery bed,8700,0.13,2.5,1102.72,UPI,Walk-in,Self pickup
O003154,2025-07-13,C0378,Retail farmer,V10,Chilli,Pro-tray,1900,1.45,0.0,2755.0,Cash,Phone call,Self pickup
O003155,2025-07-13,C1132,Retail farmer,V07,Chilli,Pro-tray,1700,1.29,0.0,2193.0,Cash,Phone call,Self pickup
O003156,2025-07-13,C1389,Wholesale / dealer,V09,Chilli,Nursery bed,35500,1.3,11.1,41027.35,UPI,Walk-in,Van delivery
O003157,2025-07-13,C0811,Retail farmer,V02,Chilli,Nursery bed,1500,1.07,0.0,1605.0,Cash,WhatsApp,Self pickup
O003158,2025-07-13,C1390,Retail farmer,V01,Chilli,Pro-tray,700,1.62,0.0,1134.0,UPI,WhatsApp,Self pickup
O003159,2025-07-13,C0961,Wholesale / dealer,V07,Chilli,Pro-tray,4700,1.29,9.6,5480.95,Credit,WhatsApp,Self pickup
O003160,2025-07-13,C1052,Wholesale / dealer,V09,Chilli,Pro-tray,5500,1.83,10.9,8967.92,Cash,Phone call,Self pickup
O003161,2025-07-13,C1172,Retail farmer,V03,Chilli,Nursery bed,3100,1.21,0.0,3751.0,UPI,Walk-in,Self pickup
O003162,2025-07-13,C0593,Retail farmer,V01,Chilli,Pro-tray,1300,1.6,0.0,2080.0,Credit,Walk-in,Van delivery
O003163,2025-07-13,C1194,Retail farmer,V06,Chilli,Pro-tray,1400,1.37,0.0,1918.0,Credit,WhatsApp,Self pickup
O003164,2025-07-13,C1391,Retail farmer,V03,Chilli,Pro-tray,5300,1.72,3.6,8787.82,Cash,Walk-in,Van delivery
O003165,2025-07-13,C1392,Retail farmer,V08,Chilli,Pro-tray,1300,1.65,0.0,2145.0,Cash,WhatsApp,Van delivery
O003166,2025-07-13,C1393,Home gardener,V11,Capsicum,Pro-tray,70,3.31,0.0,231.7,UPI,WhatsApp,Self pickup
O003167,2025-07-13,C0192,Retail farmer,V12,Tomato,Nursery bed,500,1.33,0.0,665.0,Cash,Phone call,Self pickup
O003168,2025-07-13,C1394,Retail farmer,V13,Brinjal,Nursery bed,2200,0.85,0.0,1870.0,Credit,Walk-in,Self pickup
O003169,2025-07-13,C1395,Retail farmer,V13,Brinjal,Pro-tray,500,1.28,0.0,640.0,Cash,Walk-in,Self pickup
O003170,2025-07-13,C0748,Retail farmer,V13,Brinjal,Nursery bed,1400,0.82,0.0,1148.0,Credit,Walk-in,Self pickup
O003171,2025-07-13,C0340,Wholesale / dealer,V15,Marigold,Pro-tray,6300,1.83,10.1,10364.57,UPI,Phone call,Self pickup
O003172,2025-07-13,C1396,Retail farmer,V16,Tobacco,Nursery bed,10600,0.12,1.1,1258.01,UPI,Walk-in,Van delivery
O003173,2025-07-13,C0961,Wholesale / dealer,V16,Tobacco,Nursery bed,57100,0.13,11.7,6554.51,UPI,Walk-in,Van delivery
O003174,2025-07-13,C0660,Retail farmer,V16,Tobacco,Nursery bed,6900,0.12,2.6,806.47,UPI,Phone call,Van delivery
O003175,2025-07-14,C1397,Wholesale / dealer,V02,Chilli,Nursery bed,5100,1.13,9.5,5215.51,UPI,Walk-in,Van delivery
O003176,2025-07-14,C1398,Retail farmer,V03,Chilli,Pro-tray,1300,1.73,0.0,2249.0,UPI,Walk-in,Self pickup
O003177,2025-07-14,C1399,Home gardener,V04,Chilli,Pro-tray,20,1.82,0.0,36.4,UPI,WhatsApp,Self pickup
O003178,2025-07-14,C0892,Wholesale / dealer,V07,Chilli,Pro-tray,4200,1.33,8.3,5122.36,Credit,Phone call,Self pickup
O003179,2025-07-14,C1400,Retail farmer,V09,Chilli,Pro-tray,1800,1.77,0.0,3186.0,UPI,Walk-in,Self pickup
O003180,2025-07-14,C0643,Retail farmer,V02,Chilli,Pro-tray,1100,1.55,0.0,1705.0,Cash,WhatsApp,Self pickup
O003181,2025-07-14,C0803,Wholesale / dealer,V04,Chilli,Pro-tray,7100,1.75,10.8,11083.1,UPI,Walk-in,Van delivery
O003182,2025-07-14,C1401,Retail farmer,V08,Chilli,Pro-tray,1400,1.61,0.0,2254.0,Cash,Walk-in,Van delivery
O003183,2025-07-14,C1402,Retail farmer,V11,Capsicum,Pro-tray,2000,3.39,0.0,6780.0,UPI,Phone call,Self pickup
O003184,2025-07-14,C1403,Retail farmer,V12,Tomato,Pro-tray,1600,1.89,0.0,3024.0,UPI,Phone call,Self pickup
O003185,2025-07-14,C0165,Retail farmer,V13,Brinjal,Pro-tray,900,1.26,0.0,1134.0,UPI,Phone call,Self pickup
O003186,2025-07-14,C0901,Retail farmer,V13,Brinjal,Pro-tray,3300,1.28,0.0,4224.0,UPI,Walk-in,Self pickup
O003187,2025-07-14,C0590,Retail farmer,V13,Brinjal,Pro-tray,2100,1.29,0.0,2709.0,UPI,Phone call,Van delivery
O003188,2025-07-14,C1404,Retail farmer,V14,Marigold,Nursery bed,1200,1.34,0.0,1608.0,Cash,Walk-in,Self pickup
O003189,2025-07-14,C1405,Retail farmer,V16,Tobacco,Nursery bed,14300,0.13,3.3,1797.65,Cash,Walk-in,Van delivery
O003190,2025-07-15,C1406,Retail farmer,V01,Chilli,Nursery bed,1200,1.14,0.0,1368.0,Cash,WhatsApp,Self pickup
O003191,2025-07-15,C0501,Wholesale / dealer,V10,Chilli,Pro-tray,18900,1.43,8.2,24810.79,Credit,Phone call,Van delivery
O003192,2025-07-15,C0810,Retail farmer,V06,Chilli,Pro-tray,1900,1.36,0.0,2584.0,Cash,WhatsApp,Self pickup
O003193,2025-07-15,C1177,Wholesale / dealer,V01,Chilli,Nursery bed,4400,1.14,10.6,4484.3,UPI,Walk-in,Self pickup
O003194,2025-07-15,C1407,Retail farmer,V10,Chilli,Pro-tray,300,1.38,0.0,414.0,UPI,Phone call,Self pickup
O003195,2025-07-15,C1408,Retail farmer,V03,Chilli,Pro-tray,3100,1.69,0.0,5239.0,Cash,WhatsApp,Self pickup
O003196,2025-07-15,C1409,Wholesale / dealer,V01,Chilli,Pro-tray,6300,1.58,11.8,8779.43,Credit,Walk-in,Van delivery
O003197,2025-07-15,C1410,Wholesale / dealer,V03,Chilli,Pro-tray,16500,1.77,9.0,26576.55,Credit,Walk-in,Self pickup
O003198,2025-07-15,C1409,Wholesale / dealer,V11,Capsicum,Nursery bed,3700,2.46,9.7,8219.11,Credit,Walk-in,Self pickup
O003199,2025-07-15,C1280,Retail farmer,V12,Tomato,Pro-tray,600,1.87,0.0,1122.0,Cash,Walk-in,Self pickup
O003200,2025-07-15,C1411,Wholesale / dealer,V12,Tomato,Pro-tray,18600,1.91,11.0,31618.14,Credit,Phone call,Van delivery
O003201,2025-07-15,C0440,Retail farmer,V12,Tomato,Nursery bed,1200,1.29,0.0,1548.0,Cash,Walk-in,Self pickup
O003202,2025-07-15,C0818,Retail farmer,V15,Marigold,Nursery bed,1000,1.32,0.0,1320.0,Cash,Phone call,Self pickup
O003203,2025-07-15,C1412,Retail farmer,V14,Marigold,Pro-tray,800,1.93,0.0,1544.0,UPI,WhatsApp,Van delivery
O003204,2025-07-15,C0410,Wholesale / dealer,V16,Tobacco,Nursery bed,18900,0.13,9.8,2216.21,Credit,WhatsApp,Self pickup
O003205,2025-07-15,C0386,Retail farmer,V16,Tobacco,Nursery bed,13600,0.12,2.9,1584.67,Cash,Walk-in,Van delivery
O003206,2025-07-15,C1413,Retail farmer,V16,Tobacco,Nursery bed,3800,0.13,0.0,494.0,Cash,Phone call,Self pickup
O003207,2025-07-16,C0318,Retail farmer,V01,Chilli,Pro-tray,1700,1.67,0.0,2839.0,Cash,Phone call,Self pickup
O003208,2025-07-16,C0262,Wholesale / dealer,V05,Chilli,Pro-tray,22600,1.71,8.3,35438.38,UPI,Walk-in,Self pickup
O003209,2025-07-16,C1414,Wholesale / dealer,V02,Chilli,Nursery bed,6700,1.13,8.6,6919.89,Credit,Walk-in,Van delivery
O003210,2025-07-16,C1415,Retail farmer,V01,Chilli,Nursery bed,1100,1.13,0.0,1243.0,UPI,Walk-in,Self pickup
O003211,2025-07-16,C1416,Retail farmer,V09,Chilli,Pro-tray,1100,1.75,0.0,1925.0,Credit,WhatsApp,Self pickup
O003212,2025-07-16,C0802,Home gardener,V05,Chilli,Pro-tray,200,1.67,0.0,334.0,UPI,Phone call,Self pickup
O003213,2025-07-16,C0815,Retail farmer,V02,Chilli,Pro-tray,1900,1.56,0.0,2964.0,Cash,Walk-in,Self pickup
O003214,2025-07-16,C1417,Home gardener,V03,Chilli,Pro-tray,100,1.69,0.0,169.0,Cash,Walk-in,Self pickup
O003215,2025-07-16,C0009,Wholesale / dealer,V11,Capsicum,Pro-tray,1700,3.46,10.0,5293.8,Credit,WhatsApp,Self pickup
O003216,2025-07-16,C0248,Wholesale / dealer,V12,Tomato,Pro-tray,4800,1.85,9.1,8071.92,Cash,Walk-in,Self pickup
O003217,2025-07-16,C1408,Retail farmer,V12,Tomato,Nursery bed,3500,1.32,0.0,4620.0,Cash,WhatsApp,Self pickup
O003218,2025-07-16,C1418,Wholesale / dealer,V12,Tomato,Nursery bed,4600,1.34,11.6,5448.98,Cash,WhatsApp,Self pickup
O003219,2025-07-16,C1419,Retail farmer,V14,Marigold,Pro-tray,2300,1.85,0.0,4255.0,UPI,Walk-in,Self pickup
O003220,2025-07-16,C1420,Home gardener,V15,Marigold,Pro-tray,100,1.79,0.0,179.0,Cash,WhatsApp,Self pickup
O003221,2025-07-16,C0134,Retail farmer,V15,Marigold,Nursery bed,800,1.29,0.0,1032.0,UPI,Walk-in,Self pickup
O003222,2025-07-16,C0570,Retail farmer,V16,Tobacco,Nursery bed,12400,0.13,3.6,1553.97,Credit,Walk-in,Van delivery
O003223,2025-07-17,C1409,Wholesale / dealer,V07,Chilli,Nursery bed,2800,0.9,11.9,2220.12,UPI,Phone call,Self pickup
O003224,2025-07-17,C1185,Retail farmer,V01,Chilli,Pro-tray,1500,1.67,0.0,2505.0,UPI,WhatsApp,Self pickup
O003225,2025-07-17,C0261,Retail farmer,V09,Chilli,Pro-tray,2600,1.77,0.0,4602.0,UPI,WhatsApp,Self pickup
O003226,2025-07-17,C0915,Wholesale / dealer,V10,Chilli,Nursery bed,4100,1.01,10.6,3702.05,UPI,Walk-in,Self pickup
O003227,2025-07-17,C0176,Retail farmer,V08,Chilli,Pro-tray,900,1.65,0.0,1485.0,Cash,WhatsApp,Self pickup
O003228,2025-07-17,C1042,Retail farmer,V05,Chilli,Pro-tray,4400,1.68,0.0,7392.0,Cash,WhatsApp,Self pickup
O003229,2025-07-17,C0088,Retail farmer,V07,Chilli,Pro-tray,3200,1.34,0.0,4288.0,Cash,Walk-in,Van delivery
O003230,2025-07-17,C1421,Wholesale / dealer,V09,Chilli,Nursery bed,1500,1.27,11.3,1689.74,UPI,Walk-in,Self pickup
O003231,2025-07-17,C1333,Retail farmer,V06,Chilli,Nursery bed,700,0.94,0.0,658.0,UPI,Walk-in,Self pickup
O003232,2025-07-17,C1415,Retail farmer,V02,Chilli,Pro-tray,800,1.59,0.0,1272.0,Cash,Walk-in,Self pickup
O003233,2025-07-17,C1422,Home gardener,V11,Capsicum,Pro-tray,170,3.35,0.0,569.5,Cash,Walk-in,Self pickup
O003234,2025-07-17,C0762,Wholesale / dealer,V12,Tomato,Pro-tray,3600,1.85,8.4,6100.56,Credit,Phone call,Self pickup
O003235,2025-07-17,C0136,Retail farmer,V12,Tomato,Pro-tray,1400,1.85,0.0,2590.0,UPI,Walk-in,Self pickup
O003236,2025-07-17,C0064,Retail farmer,V15,Marigold,Pro-tray,1200,1.78,0.0,2136.0,UPI,Phone call,Self pickup
O003237,2025-07-17,C1423,Retail farmer,V16,Tobacco,Nursery bed,4500,0.12,0.0,540.0,UPI,Phone call,Self pickup
O003238,2025-07-18,C0165,Retail farmer,V09,Chilli,Nursery bed,800,1.24,0.0,992.0,Cash,Walk-in,Self pickup
O003239,2025-07-18,C1424,Retail farmer,V06,Chilli,Nursery bed,2500,0.95,0.0,2375.0,Cash,Phone call,Self pickup
O003240,2025-07-18,C1425,Retail farmer,V01,Chilli,Nursery bed,2700,1.16,0.0,3132.0,Cash,Walk-in,Van delivery
O003241,2025-07-18,C1426,Wholesale / dealer,V01,Chilli,Pro-tray,8400,1.65,11.5,12266.1,Cash,WhatsApp,Van delivery
O003242,2025-07-18,C0513,Retail farmer,V01,Chilli,Nursery bed,2300,1.14,0.0,2622.0,Cash,Walk-in,Van delivery
O003243,2025-07-18,C1315,Retail farmer,V08,Chilli,Pro-tray,600,1.62,0.0,972.0,Cash,Walk-in,Self pickup
O003244,2025-07-18,C1238,Retail farmer,V08,Chilli,Pro-tray,2700,1.65,0.0,4455.0,UPI,Walk-in,Self pickup
O003245,2025-07-18,C1072,Retail farmer,V01,Chilli,Pro-tray,800,1.58,0.0,1264.0,UPI,Phone call,Van delivery
O003246,2025-07-18,C1115,Retail farmer,V01,Chilli,Pro-tray,2300,1.65,0.0,3795.0,Cash,Walk-in,Self pickup
O003247,2025-07-18,C0853,Retail farmer,V03,Chilli,Pro-tray,700,1.77,0.0,1239.0,Cash,Walk-in,Self pickup
O003248,2025-07-18,C0877,Retail farmer,V13,Brinjal,Nursery bed,600,0.86,0.0,516.0,Cash,Walk-in,Self pickup
O003249,2025-07-18,C0351,Retail farmer,V13,Brinjal,Nursery bed,600,0.86,0.0,516.0,Credit,Walk-in,Self pickup
O003250,2025-07-18,C1427,Retail farmer,V13,Brinjal,Pro-tray,3200,1.27,0.0,4064.0,Cash,Phone call,Self pickup
O003251,2025-07-18,C0933,Retail farmer,V14,Marigold,Pro-tray,500,1.91,0.0,955.0,Cash,Walk-in,Self pickup
O003252,2025-07-18,C1428,Wholesale / dealer,V14,Marigold,Nursery bed,5100,1.34,9.1,6212.11,Credit,Phone call,Self pickup
O003253,2025-07-18,C0139,Wholesale / dealer,V16,Tobacco,Nursery bed,40200,0.13,9.6,4724.3,Credit,Walk-in,Van delivery
O003254,2025-07-18,C1429,Retail farmer,V16,Tobacco,Nursery bed,13000,0.13,3.9,1624.09,Credit,Phone call,Self pickup
O003255,2025-07-19,C0488,Retail farmer,V03,Chilli,Nursery bed,700,1.22,0.0,854.0,UPI,Phone call,Self pickup
O003256,2025-07-19,C1430,Retail farmer,V02,Chilli,Nursery bed,600,1.09,0.0,654.0,Cash,Walk-in,Self pickup
O003257,2025-07-19,C1129,Wholesale / dealer,V03,Chilli,Pro-tray,8500,1.78,9.8,13647.26,Cash,Phone call,Van delivery
O003258,2025-07-19,C0693,Retail farmer,V02,Chilli,Pro-tray,1100,1.6,0.0,1760.0,Credit,Walk-in,Self pickup
O003259,2025-07-19,C1431,Retail farmer,V11,Capsicum,Pro-tray,1900,3.45,0.0,6555.0,Credit,Walk-in,Self pickup
O003260,2025-07-19,C1213,Retail farmer,V12,Tomato,Nursery bed,1100,1.29,0.0,1419.0,Cash,Walk-in,Self pickup
O003261,2025-07-19,C0015,Retail farmer,V13,Brinjal,Pro-tray,1200,1.25,0.0,1500.0,UPI,Walk-in,Self pickup
O003262,2025-07-19,C0661,Wholesale / dealer,V15,Marigold,Nursery bed,13000,1.33,8.3,15854.93,Credit,WhatsApp,Self pickup
O003263,2025-07-19,C0947,Retail farmer,V15,Marigold,Pro-tray,1500,1.8,0.0,2700.0,Cash,Walk-in,Self pickup
O003264,2025-07-19,C1432,Retail farmer,V14,Marigold,Pro-tray,1600,1.91,0.0,3056.0,UPI,Walk-in,Self pickup
O003265,2025-07-19,C0863,Wholesale / dealer,V15,Marigold,Nursery bed,2700,1.28,10.1,3106.94,UPI,Phone call,Self pickup
O003266,2025-07-19,C0197,Retail farmer,V15,Marigold,Pro-tray,600,1.83,0.0,1098.0,UPI,Walk-in,Van delivery
O003267,2025-07-19,C0622,Retail farmer,V16,Tobacco,Nursery bed,25300,0.12,1.6,2987.42,UPI,Phone call,Van delivery
O003268,2025-07-20,C1167,Retail farmer,V01,Chilli,Nursery bed,2100,1.13,0.0,2373.0,UPI,Phone call,Self pickup
O003269,2025-07-20,C1433,Home gardener,V08,Chilli,Pro-tray,200,1.6,0.0,320.0,Cash,Phone call,Self pickup
O003270,2025-07-20,C1177,Wholesale / dealer,V08,Chilli,Nursery bed,4600,1.12,10.6,4605.89,UPI,Phone call,Van delivery
O003271,2025-07-20,C0530,Wholesale / dealer,V05,Chilli,Nursery bed,5500,1.21,8.7,6076.02,Credit,Walk-in,Self pickup
O003272,2025-07-20,C0438,Retail farmer,V09,Chilli,Nursery bed,1300,1.23,0.0,1599.0,Cash,Phone call,Self pickup
O003273,2025-07-20,C1434,Retail farmer,V01,Chilli,Pro-tray,1200,1.66,0.0,1992.0,UPI,Walk-in,Self pickup
O003274,2025-07-20,C0304,Retail farmer,V03,Chilli,Nursery bed,1400,1.22,0.0,1708.0,Cash,Walk-in,Self pickup
O003275,2025-07-20,C1435,Wholesale / dealer,V04,Chilli,Pro-tray,11600,1.83,11.7,18744.32,Cash,WhatsApp,Van delivery
O003276,2025-07-20,C0552,Retail farmer,V01,Chilli,Pro-tray,1900,1.63,0.0,3097.0,UPI,Walk-in,Self pickup
O003277,2025-07-20,C0106,Retail farmer,V01,Chilli,Nursery bed,700,1.18,0.0,826.0,UPI,Walk-in,Self pickup
O003278,2025-07-20,C0424,Retail farmer,V11,Capsicum,Pro-tray,1500,3.28,0.0,4920.0,Cash,Walk-in,Self pickup
O003279,2025-07-20,C0742,Retail farmer,V12,Tomato,Pro-tray,1000,1.9,0.0,1900.0,UPI,Phone call,Self pickup
O003280,2025-07-20,C0889,Retail farmer,V13,Brinjal,Nursery bed,9700,0.84,2.0,7985.04,UPI,Walk-in,Van delivery
O003281,2025-07-21,C0470,Retail farmer,V03,Chilli,Pro-tray,1500,1.75,0.0,2625.0,Credit,Walk-in,Self pickup
O003282,2025-07-21,C1436,Retail farmer,V07,Chilli,Nursery bed,1000,0.93,0.0,930.0,Cash,Phone call,Self pickup
O003283,2025-07-21,C0902,Retail farmer,V02,Chilli,Pro-tray,1400,1.53,0.0,2142.0,Cash,Walk-in,Self pickup
O003284,2025-07-21,C1437,Retail farmer,V06,Chilli,Pro-tray,2500,1.35,0.0,3375.0,UPI,Walk-in,Self pickup
O003285,2025-07-21,C0685,Retail farmer,V09,Chilli,Pro-tray,500,1.81,0.0,905.0,Cash,Phone call,Self pickup
O003286,2025-07-21,C1438,Retail farmer,V05,Chilli,Nursery bed,1100,1.19,0.0,1309.0,UPI,Phone call,Self pickup
O003287,2025-07-21,C1353,Retail farmer,V05,Chilli,Nursery bed,800,1.2,0.0,960.0,UPI,Phone call,Self pickup
O003288,2025-07-21,C0025,Retail farmer,V01,Chilli,Nursery bed,1600,1.14,0.0,1824.0,Cash,WhatsApp,Self pickup
O003289,2025-07-21,C0893,Retail farmer,V12,Tomato,Pro-tray,500,1.84,0.0,920.0,Cash,Walk-in,Self pickup
O003290,2025-07-21,C1439,Home gardener,V12,Tomato,Pro-tray,120,1.91,0.0,229.2,Cash,Phone call,Self pickup
O003291,2025-07-21,C1440,Retail farmer,V12,Tomato,Pro-tray,2300,1.89,0.0,4347.0,UPI,Phone call,Self pickup
O003292,2025-07-21,C1396,Retail farmer,V12,Tomato,Nursery bed,500,1.32,0.0,660.0,UPI,Phone call,Self pickup
O003293,2025-07-21,C0521,Retail farmer,V13,Brinjal,Pro-tray,700,1.24,0.0,868.0,UPI,WhatsApp,Self pickup
O003294,2025-07-21,C0961,Wholesale / dealer,V15,Marigold,Pro-tray,5400,1.81,8.9,8904.11,Credit,WhatsApp,Van delivery
O003295,2025-07-21,C1441,Retail farmer,V14,Marigold,Nursery bed,1400,1.38,0.0,1932.0,Cash,Phone call,Self pickup
O003296,2025-07-21,C0531,Retail farmer,V15,Marigold,Pro-tray,1700,1.77,0.0,3009.0,Cash,Walk-in,Self pickup
O003297,2025-07-21,C0266,Wholesale / dealer,V16,Tobacco,Nursery bed,71700,0.13,10.9,8305.01,Credit,Phone call,Van delivery
O003298,2025-07-22,C1157,Retail farmer,V01,Chilli,Pro-tray,2100,1.62,0.0,3402.0,Credit,Walk-in,Self pickup
O003299,2025-07-22,C1442,Retail farmer,V04,Chilli,Nursery bed,2800,1.24,0.0,3472.0,UPI,Phone call,Self pickup
O003300,2025-07-22,C1443,Retail farmer,V06,Chilli,Nursery bed,2600,0.93,0.0,2418.0,Cash,WhatsApp,Self pickup
O003301,2025-07-22,C1425,Retail farmer,V10,Chilli,Pro-tray,1200,1.41,0.0,1692.0,Cash,Phone call,Self pickup
O003302,2025-07-22,C0625,Wholesale / dealer,V03,Chilli,Nursery bed,9200,1.19,11.5,9688.98,UPI,WhatsApp,Van delivery
O003303,2025-07-22,C1444,Home gardener,V01,Chilli,Pro-tray,50,1.6,0.0,80.0,UPI,Phone call,Self pickup
O003304,2025-07-22,C1167,Retail farmer,V07,Chilli,Nursery bed,500,0.94,0.0,470.0,Credit,Walk-in,Self pickup
O003305,2025-07-22,C0671,Retail farmer,V05,Chilli,Nursery bed,2800,1.15,0.0,3220.0,Cash,Walk-in,Self pickup
O003306,2025-07-22,C1445,Retail farmer,V10,Chilli,Nursery bed,2800,0.97,0.0,2716.0,Cash,Walk-in,Van delivery
O003307,2025-07-22,C0129,Retail farmer,V05,Chilli,Pro-tray,4300,1.67,0.0,7181.0,Cash,WhatsApp,Self pickup
O003308,2025-07-22,C0664,Retail farmer,V04,Chilli,Pro-tray,900,1.76,0.0,1584.0,Cash,WhatsApp,Van delivery
O003309,2025-07-22,C1441,Retail farmer,V11,Capsicum,Pro-tray,900,3.29,0.0,2961.0,Credit,Phone call,Self pickup
O003310,2025-07-22,C1446,Retail farmer,V11,Capsicum,Pro-tray,1700,3.34,0.0,5678.0,UPI,WhatsApp,Van delivery
O003311,2025-07-22,C1447,Retail farmer,V12,Tomato,Pro-tray,1100,1.9,0.0,2090.0,UPI,Walk-in,Self pickup
O003312,2025-07-22,C1448,Retail farmer,V14,Marigold,Pro-tray,1200,1.91,0.0,2292.0,UPI,Walk-in,Self pickup
O003313,2025-07-22,C0294,Retail farmer,V14,Marigold,Nursery bed,600,1.33,0.0,798.0,Credit,Walk-in,Self pickup
O003314,2025-07-22,C1449,Wholesale / dealer,V16,Tobacco,Nursery bed,37100,0.13,11.7,4258.71,UPI,Walk-in,Van delivery
O003315,2025-07-22,C1020,Wholesale / dealer,V16,Tobacco,Nursery bed,13900,0.13,9.1,1642.56,Credit,Phone call,Self pickup
O003316,2025-07-23,C1450,Retail farmer,V06,Chilli,Pro-tray,3200,1.38,0.0,4416.0,UPI,Walk-in,Self pickup
O003317,2025-07-23,C1451,Home gardener,V06,Chilli,Pro-tray,130,1.38,0.0,179.4,Cash,Walk-in,Self pickup
O003318,2025-07-23,C0835,Retail farmer,V01,Chilli,Nursery bed,1400,1.17,0.0,1638.0,UPI,WhatsApp,Self pickup
O003319,2025-07-23,C0412,Retail farmer,V09,Chilli,Pro-tray,1300,1.75,0.0,2275.0,Cash,WhatsApp,Self pickup
O003320,2025-07-23,C0762,Wholesale / dealer,V03,Chilli,Pro-tray,4000,1.72,11.8,6068.16,Credit,Phone call,Self pickup
O003321,2025-07-23,C1405,Retail farmer,V09,Chilli,Pro-tray,1000,1.81,0.0,1810.0,UPI,Phone call,Self pickup
O003322,2025-07-23,C1452,Home gardener,V01,Chilli,Pro-tray,160,1.63,0.0,260.8,Cash,Phone call,Self pickup
O003323,2025-07-23,C1453,Retail farmer,V08,Chilli,Pro-tray,1200,1.59,0.0,1908.0,Cash,Phone call,Self pickup
O003324,2025-07-23,C1454,Retail farmer,V10,Chilli,Nursery bed,2700,1.03,0.0,2781.0,Cash,Walk-in,Self pickup
O003325,2025-07-23,C0972,Retail farmer,V05,Chilli,Pro-tray,1400,1.65,0.0,2310.0,Cash,Walk-in,Self pickup
O003326,2025-07-23,C1455,Retail farmer,V11,Capsicum,Pro-tray,3000,3.31,0.0,9930.0,UPI,WhatsApp,Self pickup
O003327,2025-07-23,C1456,Retail farmer,V11,Capsicum,Pro-tray,300,3.3,0.0,990.0,Cash,Phone call,Self pickup
O003328,2025-07-23,C1424,Retail farmer,V12,Tomato,Nursery bed,600,1.32,0.0,792.0,Cash,Walk-in,Van delivery
O003329,2025-07-23,C1457,Retail farmer,V13,Brinjal,Pro-tray,700,1.26,0.0,882.0,UPI,Walk-in,Self pickup
O003330,2025-07-23,C1458,Home gardener,V13,Brinjal,Pro-tray,140,1.29,0.0,180.6,UPI,Walk-in,Self pickup
O003331,2025-07-23,C0274,Retail farmer,V14,Marigold,Pro-tray,1100,1.93,0.0,2123.0,UPI,Walk-in,Self pickup
O003332,2025-07-23,C0292,Wholesale / dealer,V16,Tobacco,Nursery bed,78600,0.13,9.1,9288.16,UPI,Phone call,Van delivery
O003333,2025-07-23,C1459,Retail farmer,V16,Tobacco,Nursery bed,15000,0.13,2.9,1893.45,Cash,Walk-in,Van delivery
O003334,2025-07-24,C0512,Retail farmer,V01,Chilli,Pro-tray,1400,1.58,0.0,2212.0,UPI,Walk-in,Self pickup
O003335,2025-07-24,C1151,Retail farmer,V02,Chilli,Pro-tray,1300,1.54,0.0,2002.0,Credit,Phone call,Self pickup
O003336,2025-07-24,C0523,Retail farmer,V09,Chilli,Pro-tray,1500,1.82,0.0,2730.0,UPI,Walk-in,Self pickup
O003337,2025-07-24,C1460,Retail farmer,V05,Chilli,Pro-tray,1900,1.64,0.0,3116.0,Cash,Walk-in,Self pickup
O003338,2025-07-24,C1461,Retail farmer,V06,Chilli,Pro-tray,3200,1.35,0.0,4320.0,Credit,Walk-in,Self pickup
O003339,2025-07-24,C1462,Retail farmer,V01,Chilli,Nursery bed,500,1.15,0.0,575.0,UPI,Phone call,Self pickup
O003340,2025-07-24,C1463,Home gardener,V09,Chilli,Pro-tray,200,1.79,0.0,358.0,Cash,Walk-in,Self pickup
O003341,2025-07-24,C1224,Retail farmer,V11,Capsicum,Pro-tray,1300,3.37,0.0,4381.0,UPI,Walk-in,Van delivery
O003342,2025-07-24,C1464,Retail farmer,V12,Tomato,Nursery bed,2400,1.28,0.0,3072.0,UPI,Phone call,Self pickup
O003343,2025-07-24,C1186,Retail farmer,V13,Brinjal,Nursery bed,1200,0.82,0.0,984.0,Cash,Walk-in,Self pickup
O003344,2025-07-24,C0701,Retail farmer,V15,Marigold,Pro-tray,1700,1.83,0.0,3111.0,Cash,Walk-in,Self pickup
O003345,2025-07-24,C0894,Home gardener,V14,Marigold,Pro-tray,200,1.91,0.0,382.0,Cash,Phone call,Self pickup
O003346,2025-07-25,C1465,Retail farmer,V04,Chilli,Pro-tray,800,1.76,0.0,1408.0,UPI,Walk-in,Self pickup
O003347,2025-07-25,C1037,Retail farmer,V02,Chilli,Nursery bed,1200,1.11,0.0,1332.0,Cash,WhatsApp,Self pickup
O003348,2025-07-25,C1466,Wholesale / dealer,V10,Chilli,Pro-tray,5100,1.44,11.5,6499.44,UPI,Phone call,Self pickup
O003349,2025-07-25,C1467,Retail farmer,V03,Chilli,Nursery bed,2000,1.17,0.0,2340.0,Cash,Walk-in,Self pickup
O003350,2025-07-25,C1468,Wholesale / dealer,V01,Chilli,Pro-tray,7000,1.66,8.8,10597.44,Credit,Phone call,Van delivery
O003351,2025-07-25,C0848,Retail farmer,V03,Chilli,Nursery bed,1200,1.23,0.0,1476.0,Cash,WhatsApp,Self pickup
O003352,2025-07-25,C1469,Retail farmer,V01,Chilli,Pro-tray,1000,1.66,0.0,1660.0,Cash,WhatsApp,Self pickup
O003353,2025-07-25,C1470,Retail farmer,V01,Chilli,Nursery bed,2500,1.14,0.0,2850.0,Cash,Phone call,Van delivery
O003354,2025-07-25,C1471,Wholesale / dealer,V12,Tomato,Pro-tray,7000,1.84,8.4,11798.08,UPI,Walk-in,Van delivery
O003355,2025-07-25,C1472,Retail farmer,V13,Brinjal,Pro-tray,900,1.24,0.0,1116.0,Cash,Phone call,Self pickup
O003356,2025-07-25,C0683,Wholesale / dealer,V16,Tobacco,Nursery bed,112500,0.12,9.8,12177.0,Credit,Walk-in,Van delivery
O003357,2025-07-25,C1473,Retail farmer,V16,Tobacco,Nursery bed,11200,0.13,2.8,1415.23,UPI,Walk-in,Van delivery
O003358,2025-07-26,C0922,Retail farmer,V02,Chilli,Pro-tray,1600,1.62,0.0,2592.0,Cash,Walk-in,Self pickup
O003359,2025-07-26,C1474,Retail farmer,V01,Chilli,Pro-tray,1000,1.64,0.0,1640.0,UPI,WhatsApp,Self pickup
O003360,2025-07-26,C1475,Retail farmer,V06,Chilli,Pro-tray,3500,1.37,0.0,4795.0,Cash,Walk-in,Self pickup
O003361,2025-07-26,C0315,Retail farmer,V01,Chilli,Pro-tray,1000,1.65,0.0,1650.0,Cash,Phone call,Van delivery
O003362,2025-07-26,C0269,Retail farmer,V04,Chilli,Pro-tray,800,1.79,0.0,1432.0,Credit,Phone call,Self pickup
O003363,2025-07-26,C0550,Wholesale / dealer,V05,Chilli,Pro-tray,9500,1.72,10.3,14656.98,UPI,Walk-in,Self pickup
O003364,2025-07-26,C1476,Retail farmer,V05,Chilli,Pro-tray,3900,1.72,0.0,6708.0,Cash,Walk-in,Van delivery
O003365,2025-07-26,C1178,Retail farmer,V07,Chilli,Nursery bed,1700,0.93,0.0,1581.0,UPI,Phone call,Self pickup
O003366,2025-07-26,C1477,Retail farmer,V04,Chilli,Nursery bed,2900,1.29,0.0,3741.0,Cash,Walk-in,Self pickup
O003367,2025-07-26,C1409,Wholesale / dealer,V08,Chilli,Pro-tray,6700,1.6,11.3,9508.64,UPI,Walk-in,Van delivery
O003368,2025-07-26,C1478,Retail farmer,V12,Tomato,Pro-tray,700,1.9,0.0,1330.0,UPI,Walk-in,Self pickup
O003369,2025-07-26,C0417,Wholesale / dealer,V14,Marigold,Pro-tray,4300,1.85,10.0,7159.5,UPI,Phone call,Self pickup
O003370,2025-07-26,C0816,Retail farmer,V14,Marigold,Pro-tray,1000,1.88,0.0,1880.0,Cash,Walk-in,Self pickup
O003371,2025-07-26,C1479,Retail farmer,V14,Marigold,Pro-tray,900,1.92,0.0,1728.0,UPI,Walk-in,Self pickup
O003372,2025-07-26,C1076,Wholesale / dealer,V16,Tobacco,Nursery bed,57700,0.12,8.6,6328.54,Cash,Phone call,Self pickup
O003373,2025-07-27,C1480,Retail farmer,V08,Chilli,Pro-tray,500,1.63,0.0,815.0,Credit,Walk-in,Self pickup
O003374,2025-07-27,C0683,Wholesale / dealer,V06,Chilli,Pro-tray,7700,1.38,9.9,9574.03,Credit,Phone call,Van delivery
O003375,2025-07-27,C1481,Retail farmer,V06,Chilli,Pro-tray,700,1.36,0.0,952.0,UPI,Walk-in,Self pickup
O003376,2025-07-27,C1218,Retail farmer,V06,Chilli,Pro-tray,3400,1.33,0.0,4522.0,Cash,WhatsApp,Self pickup
O003377,2025-07-27,C1482,Retail farmer,V03,Chilli,Pro-tray,1100,1.72,0.0,1892.0,Cash,WhatsApp,Self pickup
O003378,2025-07-27,C0169,Retail farmer,V10,Chilli,Nursery bed,1900,0.99,0.0,1881.0,Credit,Walk-in,Self pickup
O003379,2025-07-27,C1050,Retail farmer,V06,Chilli,Nursery bed,800,0.93,0.0,744.0,UPI,Walk-in,Self pickup
O003380,2025-07-27,C1483,Retail farmer,V09,Chilli,Nursery bed,500,1.28,0.0,640.0,Cash,Phone call,Van delivery
O003381,2025-07-27,C1484,Retail farmer,V07,Chilli,Pro-tray,1400,1.28,0.0,1792.0,UPI,Walk-in,Self pickup
O003382,2025-07-27,C1485,Retail farmer,V08,Chilli,Nursery bed,1200,1.14,0.0,1368.0,Credit,WhatsApp,Self pickup
O003383,2025-07-27,C1486,Home gardener,V05,Chilli,Pro-tray,50,1.65,0.0,82.5,UPI,Walk-in,Self pickup
O003384,2025-07-27,C0608,Retail farmer,V10,Chilli,Pro-tray,2100,1.46,0.0,3066.0,Credit,Phone call,Self pickup
O003385,2025-07-27,C1487,Retail farmer,V08,Chilli,Nursery bed,2000,1.14,0.0,2280.0,Credit,WhatsApp,Self pickup
O003386,2025-07-27,C1488,Retail farmer,V12,Tomato,Pro-tray,1100,1.84,0.0,2024.0,Cash,WhatsApp,Self pickup
O003387,2025-07-27,C1489,Retail farmer,V14,Marigold,Nursery bed,2000,1.35,0.0,2700.0,UPI,Walk-in,Self pickup
O003388,2025-07-28,C0837,Retail farmer,V05,Chilli,Pro-tray,1300,1.73,0.0,2249.0,Cash,WhatsApp,Self pickup
O003389,2025-07-28,C1490,Retail farmer,V08,Chilli,Nursery bed,500,1.17,0.0,585.0,Cash,Walk-in,Van delivery
O003390,2025-07-28,C1491,Retail farmer,V08,Chilli,Pro-tray,900,1.6,0.0,1440.0,Cash,Walk-in,Self pickup
O003391,2025-07-28,C1043,Retail farmer,V02,Chilli,Nursery bed,1400,1.11,0.0,1554.0,UPI,Walk-in,Self pickup
O003392,2025-07-28,C1492,Retail farmer,V07,Chilli,Pro-tray,1700,1.3,0.0,2210.0,Cash,Walk-in,Self pickup
O003393,2025-07-28,C0158,Retail farmer,V08,Chilli,Pro-tray,1400,1.58,0.0,2212.0,UPI,Phone call,Self pickup
O003394,2025-07-28,C0229,Wholesale / dealer,V06,Chilli,Pro-tray,5000,1.38,10.7,6161.7,Credit,Walk-in,Van delivery
O003395,2025-07-28,C1493,Retail farmer,V03,Chilli,Pro-tray,900,1.75,0.0,1575.0,Cash,Phone call,Self pickup
O003396,2025-07-28,C1236,Retail farmer,V09,Chilli,Pro-tray,1900,1.74,0.0,3306.0,Cash,Walk-in,Van delivery
O003397,2025-07-28,C0024,Retail farmer,V07,Chilli,Nursery bed,1000,0.93,0.0,930.0,Cash,WhatsApp,Self pickup
O003398,2025-07-28,C1494,Retail farmer,V02,Chilli,Pro-tray,2600,1.58,0.0,4108.0,Cash,WhatsApp,Self pickup
O003399,2025-07-28,C0806,Retail farmer,V11,Capsicum,Pro-tray,1800,3.45,0.0,6210.0,UPI,Phone call,Self pickup
O003400,2025-07-28,C0628,Retail farmer,V12,Tomato,Pro-tray,700,1.84,0.0,1288.0,Cash,Phone call,Van delivery
O003401,2025-07-28,C1495,Retail farmer,V12,Tomato,Pro-tray,1200,1.87,0.0,2244.0,UPI,Walk-in,Self pickup
O003402,2025-07-28,C1496,Retail farmer,V13,Brinjal,Pro-tray,600,1.22,0.0,732.0,UPI,Phone call,Self pickup
O003403,2025-07-28,C1497,Wholesale / dealer,V16,Tobacco,Nursery bed,51500,0.13,11.7,5911.68,Credit,WhatsApp,Van delivery
O003404,2025-07-29,C1055,Retail farmer,V03,Chilli,Nursery bed,1500,1.23,0.0,1845.0,UPI,Phone call,Self pickup
O003405,2025-07-29,C1498,Wholesale / dealer,V07,Chilli,Pro-tray,7000,1.32,10.9,8232.84,Credit,Walk-in,Van delivery
O003406,2025-07-29,C0841,Retail farmer,V01,Chilli,Nursery bed,800,1.12,0.0,896.0,UPI,Walk-in,Van delivery
O003407,2025-07-29,C0474,Retail farmer,V01,Chilli,Pro-tray,700,1.67,0.0,1169.0,Credit,WhatsApp,Self pickup
O003408,2025-07-29,C0703,Wholesale / dealer,V01,Chilli,Nursery bed,8000,1.13,8.3,8289.68,Credit,Walk-in,Van delivery
O003409,2025-07-29,C1499,Retail farmer,V07,Chilli,Nursery bed,2100,0.92,0.0,1932.0,Cash,Walk-in,Van delivery
O003410,2025-07-29,C1500,Retail farmer,V08,Chilli,Nursery bed,1300,1.19,0.0,1547.0,Cash,Walk-in,Self pickup
O003411,2025-07-29,C1501,Retail farmer,V02,Chilli,Nursery bed,7700,1.11,1.0,8461.53,Credit,Walk-in,Self pickup
O003412,2025-07-29,C1100,Retail farmer,V09,Chilli,Pro-tray,3600,1.76,0.0,6336.0,UPI,Phone call,Self pickup
O003413,2025-07-29,C0290,Retail farmer,V07,Chilli,Pro-tray,800,1.3,0.0,1040.0,Cash,WhatsApp,Self pickup
O003414,2025-07-29,C1502,Retail farmer,V03,Chilli,Nursery bed,1100,1.23,0.0,1353.0,Cash,WhatsApp,Van delivery
O003415,2025-07-29,C1503,Retail farmer,V12,Tomato,Nursery bed,1300,1.32,0.0,1716.0,UPI,Walk-in,Self pickup
O003416,2025-07-29,C1504,Retail farmer,V12,Tomato,Pro-tray,500,1.92,0.0,960.0,UPI,Walk-in,Van delivery
O003417,2025-07-29,C1505,Retail farmer,V15,Marigold,Pro-tray,1700,1.8,0.0,3060.0,UPI,Walk-in,Self pickup
O003418,2025-07-29,C1506,Retail farmer,V14,Marigold,Pro-tray,1200,1.92,0.0,2304.0,UPI,Walk-in,Self pickup
O003419,2025-07-30,C1093,Wholesale / dealer,V01,Chilli,Pro-tray,12000,1.59,8.3,17496.36,UPI,Phone call,Self pickup
O003420,2025-07-30,C0169,Retail farmer,V10,Chilli,Pro-tray,2900,1.39,0.0,4031.0,Credit,Walk-in,Self pickup
O003421,2025-07-30,C1050,Retail farmer,V06,Chilli,Nursery bed,1500,0.96,0.0,1440.0,Credit,Walk-in,Self pickup
O003422,2025-07-30,C1494,Retail farmer,V03,Chilli,Pro-tray,800,1.76,0.0,1408.0,Cash,Walk-in,Self pickup
O003423,2025-07-30,C0123,Retail farmer,V06,Chilli,Nursery bed,1400,0.92,0.0,1288.0,UPI,Phone call,Self pickup
O003424,2025-07-30,C1507,Retail farmer,V07,Chilli,Pro-tray,600,1.3,0.0,780.0,Cash,Walk-in,Van delivery
O003425,2025-07-30,C1508,Retail farmer,V01,Chilli,Nursery bed,2300,1.16,0.0,2668.0,Cash,Walk-in,Self pickup
O003426,2025-07-30,C0382,Home gardener,V06,Chilli,Pro-tray,190,1.33,0.0,252.7,UPI,Phone call,Self pickup
O003427,2025-07-30,C1509,Home gardener,V12,Tomato,Pro-tray,110,1.84,0.0,202.4,Cash,Walk-in,Self pickup
O003428,2025-07-30,C1510,Retail farmer,V13,Brinjal,Nursery bed,600,0.82,0.0,492.0,UPI,Phone call,Self pickup
O003429,2025-07-30,C0357,Retail farmer,V14,Marigold,Nursery bed,900,1.34,0.0,1206.0,UPI,WhatsApp,Self pickup
O003430,2025-07-30,C0640,Wholesale / dealer,V15,Marigold,Pro-tray,2900,1.74,10.4,4521.22,UPI,WhatsApp,Self pickup
O003431,2025-07-30,C0379,Retail farmer,V16,Tobacco,Nursery bed,3800,0.12,0.0,456.0,Cash,Walk-in,Van delivery
O003432,2025-07-30,C0203,Wholesale / dealer,V16,Tobacco,Nursery bed,54400,0.12,9.3,5920.9,Credit,WhatsApp,Van delivery
O003433,2025-07-30,C1511,Wholesale / dealer,V16,Tobacco,Nursery bed,15100,0.12,10.9,1614.49,Credit,Walk-in,Van delivery
O003434,2025-07-31,C1512,Retail farmer,V03,Chilli,Pro-tray,1800,1.68,0.0,3024.0,UPI,Phone call,Van delivery
O003435,2025-07-31,C1513,Wholesale / dealer,V06,Chilli,Pro-tray,1400,1.33,10.3,1670.21,Cash,WhatsApp,Self pickup
O003436,2025-07-31,C0926,Wholesale / dealer,V09,Chilli,Pro-tray,5600,1.73,9.2,8796.7,UPI,Walk-in,Van delivery
O003437,2025-07-31,C1514,Retail farmer,V01,Chilli,Nursery bed,1900,1.17,0.0,2223.0,UPI,Phone call,Van delivery
O003438,2025-07-31,C1471,Wholesale / dealer,V10,Chilli,Nursery bed,7300,1.02,9.9,6708.85,Cash,Walk-in,Van delivery
O003439,2025-07-31,C1141,Retail farmer,V11,Capsicum,Pro-tray,1600,3.38,0.0,5408.0,Cash,WhatsApp,Self pickup
O003440,2025-07-31,C1515,Retail farmer,V11,Capsicum,Pro-tray,400,3.45,0.0,1380.0,Cash,WhatsApp,Self pickup
O003441,2025-07-31,C1516,Retail farmer,V13,Brinjal,Pro-tray,1000,1.23,0.0,1230.0,Cash,WhatsApp,Self pickup
O003442,2025-07-31,C0603,Wholesale / dealer,V16,Tobacco,Nursery bed,25000,0.13,8.8,2964.0,Credit,WhatsApp,Self pickup
O003443,2025-07-31,C1304,Retail farmer,V16,Tobacco,Nursery bed,10300,0.12,2.8,1201.39,Cash,WhatsApp,Van delivery
O003444,2025-07-31,C0417,Wholesale / dealer,V16,Tobacco,Nursery bed,46200,0.12,10.5,4961.88,UPI,Phone call,Van delivery
O003445,2025-08-01,C1517,Wholesale / dealer,V01,Chilli,Pro-tray,3600,1.66,9.3,5420.23,Credit,WhatsApp,Self pickup
O003446,2025-08-01,C0905,Retail farmer,V01,Chilli,Nursery bed,1000,1.17,0.0,1170.0,UPI,Phone call,Self pickup
O003447,2025-08-01,C1518,Retail farmer,V02,Chilli,Nursery bed,1100,1.13,0.0,1243.0,Credit,Walk-in,Van delivery
O003448,2025-08-01,C1519,Wholesale / dealer,V01,Chilli,Pro-tray,18600,1.6,11.7,26278.08,Credit,WhatsApp,Van delivery
O003449,2025-08-01,C1520,Retail farmer,V03,Chilli,Pro-tray,1000,1.73,0.0,1730.0,Credit,Walk-in,Self pickup
O003450,2025-08-01,C1521,Retail farmer,V12,Tomato,Nursery bed,1200,1.29,0.0,1548.0,Cash,Phone call,Van delivery
O003451,2025-08-01,C0642,Retail farmer,V12,Tomato,Pro-tray,1000,1.89,0.0,1890.0,UPI,Phone call,Self pickup
O003452,2025-08-01,C1522,Retail farmer,V13,Brinjal,Pro-tray,500,1.29,0.0,645.0,Cash,WhatsApp,Self pickup
O003453,2025-08-01,C1523,Retail farmer,V13,Brinjal,Nursery bed,1500,0.86,0.0,1290.0,Cash,WhatsApp,Self pickup
O003454,2025-08-01,C1524,Retail farmer,V13,Brinjal,Nursery bed,700,0.83,0.0,581.0,Cash,Walk-in,Self pickup
O003455,2025-08-01,C1174,Retail farmer,V15,Marigold,Nursery bed,1300,1.34,0.0,1742.0,Credit,Walk-in,Van delivery
O003456,2025-08-01,C1161,Retail farmer,V14,Marigold,Pro-tray,1200,1.92,0.0,2304.0,Cash,Walk-in,Van delivery
O003457,2025-08-01,C1525,Retail farmer,V14,Marigold,Pro-tray,1500,1.89,0.0,2835.0,Cash,Phone call,Self pickup
O003458,2025-08-01,C1503,Retail farmer,V16,Tobacco,Nursery bed,9100,0.13,1.0,1171.17,UPI,Phone call,Van delivery
O003459,2025-08-01,C1026,Retail farmer,V16,Tobacco,Nursery bed,5500,0.12,2.1,646.14,Cash,Phone call,Self pickup
O003460,2025-08-01,C1526,Retail farmer,V16,Tobacco,Nursery bed,9200,0.13,0.3,1192.41,Cash,WhatsApp,Van delivery
O003461,2025-08-02,C1527,Wholesale / dealer,V07,Chilli,Nursery bed,4000,0.93,11.9,3277.32,Credit,Walk-in,Self pickup
O003462,2025-08-02,C1528,Wholesale / dealer,V10,Chilli,Nursery bed,1700,0.98,9.4,1509.4,Credit,Phone call,Self pickup
O003463,2025-08-02,C0111,Retail farmer,V01,Chilli,Pro-tray,1900,1.64,0.0,3116.0,Cash,Phone call,Self pickup
O003464,2025-08-02,C1529,Retail farmer,V01,Chilli,Nursery bed,2400,1.14,0.0,2736.0,UPI,Walk-in,Self pickup
O003465,2025-08-02,C1530,Retail farmer,V03,Chilli,Pro-tray,1400,1.77,0.0,2478.0,UPI,Walk-in,Self pickup
O003466,2025-08-02,C0916,Retail farmer,V03,Chilli,Nursery bed,3400,1.24,0.0,4216.0,Cash,Phone call,Self pickup
O003467,2025-08-02,C1002,Retail farmer,V07,Chilli,Pro-tray,2600,1.27,0.0,3302.0,Cash,Walk-in,Self pickup
O003468,2025-08-02,C1531,Retail farmer,V11,Capsicum,Pro-tray,700,3.27,0.0,2289.0,Credit,Walk-in,Self pickup
O003469,2025-08-02,C0612,Retail farmer,V12,Tomato,Pro-tray,1000,1.9,0.0,1900.0,Cash,Walk-in,Self pickup
O003470,2025-08-02,C0277,Retail farmer,V13,Brinjal,Nursery bed,300,0.82,0.0,246.0,UPI,Walk-in,Self pickup
O003471,2025-08-02,C1532,Retail farmer,V14,Marigold,Nursery bed,800,1.35,0.0,1080.0,Cash,Walk-in,Self pickup
O003472,2025-08-02,C1411,Wholesale / dealer,V16,Tobacco,Nursery bed,38700,0.13,9.8,4537.96,Credit,Phone call,Self pickup
O003473,2025-08-02,C1392,Retail farmer,V16,Tobacco,Nursery bed,5400,0.13,2.5,684.45,Cash,WhatsApp,Van delivery
O003474,2025-08-02,C1266,Retail farmer,V16,Tobacco,Nursery bed,5000,0.13,0.1,649.35,Cash,Walk-in,Van delivery
O003475,2025-08-02,C1533,Retail farmer,V16,Tobacco,Nursery bed,13600,0.13,4.0,1697.28,UPI,WhatsApp,Van delivery
O003476,2025-08-02,C0974,Retail farmer,V16,Tobacco,Nursery bed,8600,0.13,1.1,1105.7,Credit,Walk-in,Van delivery
O003477,2025-08-03,C0065,Retail farmer,V03,Chilli,Pro-tray,1200,1.74,0.0,2088.0,Credit,Walk-in,Self pickup
O003478,2025-08-03,C1534,Retail farmer,V06,Chilli,Pro-tray,1100,1.4,0.0,1540.0,Credit,WhatsApp,Self pickup
O003479,2025-08-03,C1127,Wholesale / dealer,V08,Chilli,Nursery bed,9700,1.14,11.2,9819.5,Credit,Walk-in,Self pickup
O003480,2025-08-03,C1374,Retail farmer,V09,Chilli,Nursery bed,2800,1.28,0.0,3584.0,UPI,Walk-in,Self pickup
O003481,2025-08-03,C1535,Retail farmer,V09,Chilli,Pro-tray,1600,1.74,0.0,2784.0,Cash,Walk-in,Self pickup
O003482,2025-08-03,C0920,Retail farmer,V06,Chilli,Nursery bed,1400,0.95,0.0,1330.0,Cash,Walk-in,Self pickup
O003483,2025-08-03,C1536,Retail farmer,V06,Chilli,Pro-tray,4100,1.36,0.0,5576.0,Cash,Walk-in,Self pickup
O003484,2025-08-03,C1537,Retail farmer,V06,Chilli,Pro-tray,5000,1.34,1.2,6619.6,UPI,Walk-in,Van delivery
O003485,2025-08-03,C1538,Retail farmer,V07,Chilli,Pro-tray,3000,1.31,0.0,3930.0,Cash,Walk-in,Self pickup
O003486,2025-08-03,C1539,Home gardener,V05,Chilli,Pro-tray,50,1.65,0.0,82.5,UPI,WhatsApp,Self pickup
O003487,2025-08-03,C1540,Retail farmer,V11,Capsicum,Pro-tray,500,3.28,0.0,1640.0,Cash,Phone call,Self pickup
O003488,2025-08-03,C1541,Retail farmer,V11,Capsicum,Pro-tray,1100,3.45,0.0,3795.0,UPI,Walk-in,Self pickup
O003489,2025-08-03,C1542,Home gardener,V12,Tomato,Pro-tray,110,1.89,0.0,207.9,Cash,Phone call,Self pickup
O003490,2025-08-03,C1084,Retail farmer,V12,Tomato,Pro-tray,1700,1.87,0.0,3179.0,UPI,Walk-in,Self pickup
O003491,2025-08-03,C1543,Retail farmer,V12,Tomato,Nursery bed,600,1.3,0.0,780.0,Cash,Walk-in,Self pickup
O003492,2025-08-03,C1544,Retail farmer,V12,Tomato,Pro-tray,1500,1.86,0.0,2790.0,Credit,Walk-in,Self pickup
O003493,2025-08-03,C1545,Retail farmer,V16,Tobacco,Nursery bed,10100,0.13,3.9,1261.79,Cash,WhatsApp,Van delivery
O003494,2025-08-03,C1546,Retail farmer,V16,Tobacco,Nursery bed,11900,0.12,0.6,1419.43,Cash,WhatsApp,Van delivery
O003495,2025-08-04,C1547,Wholesale / dealer,V06,Chilli,Pro-tray,6500,1.38,12.0,7893.6,UPI,WhatsApp,Self pickup
O003496,2025-08-04,C1513,Wholesale / dealer,V05,Chilli,Pro-tray,7800,1.63,11.6,11239.18,Credit,Phone call,Self pickup
O003497,2025-08-04,C1326,Wholesale / dealer,V01,Chilli,Nursery bed,11700,1.16,10.1,12201.23,Cash,Phone call,Self pickup
O003498,2025-08-04,C0140,Retail farmer,V09,Chilli,Pro-tray,900,1.83,0.0,1647.0,Cash,Walk-in,Self pickup
O003499,2025-08-04,C1105,Retail farmer,V01,Chilli,Pro-tray,900,1.67,0.0,1503.0,UPI,Walk-in,Self pickup
O003500,2025-08-04,C0344,Retail farmer,V05,Chilli,Pro-tray,700,1.63,0.0,1141.0,UPI,Phone call,Self pickup
O003501,2025-08-04,C1548,Retail farmer,V06,Chilli,Nursery bed,2300,0.93,0.0,2139.0,UPI,Walk-in,Van delivery
O003502,2025-08-04,C1549,Retail farmer,V09,Chilli,Pro-tray,900,1.75,0.0,1575.0,Credit,Phone call,Self pickup
O003503,2025-08-04,C1550,Retail farmer,V02,Chilli,Pro-tray,1000,1.61,0.0,1610.0,Cash,Walk-in,Self pickup
O003504,2025-08-04,C1020,Wholesale / dealer,V01,Chilli,Pro-tray,3400,1.61,10.9,4877.33,UPI,Walk-in,Self pickup
O003505,2025-08-04,C1551,Retail farmer,V01,Chilli,Nursery bed,1700,1.14,0.0,1938.0,UPI,WhatsApp,Self pickup
O003506,2025-08-04,C1552,Retail farmer,V05,Chilli,Pro-tray,3200,1.73,0.0,5536.0,Credit,Phone call,Self pickup
O003507,2025-08-04,C1105,Retail farmer,V02,Chilli,Pro-tray,1900,1.56,0.0,2964.0,UPI,Phone call,Self pickup
O003508,2025-08-04,C1389,Wholesale / dealer,V01,Chilli,Pro-tray,1600,1.67,8.7,2439.54,UPI,Walk-in,Self pickup
O003509,2025-08-04,C0811,Retail farmer,V12,Tomato,Pro-tray,800,1.9,0.0,1520.0,Credit,Walk-in,Self pickup
O003510,2025-08-04,C0578,Wholesale / dealer,V12,Tomato,Nursery bed,5400,1.28,11.0,6151.68,Credit,Phone call,Van delivery
O003511,2025-08-04,C1553,Retail farmer,V12,Tomato,Nursery bed,800,1.31,0.0,1048.0,Cash,Phone call,Self pickup
O003512,2025-08-04,C1554,Home gardener,V12,Tomato,Pro-tray,110,1.92,0.0,211.2,Cash,Walk-in,Self pickup
O003513,2025-08-04,C1555,Retail farmer,V13,Brinjal,Pro-tray,100,1.29,0.0,129.0,Credit,Walk-in,Self pickup
O003514,2025-08-04,C0018,Retail farmer,V16,Tobacco,Nursery bed,21800,0.12,3.0,2537.52,Cash,Phone call,Self pickup
O003515,2025-08-04,C1148,Retail farmer,V16,Tobacco,Nursery bed,3500,0.13,0.0,455.0,Credit,Phone call,Van delivery
O003516,2025-08-04,C1405,Retail farmer,V16,Tobacco,Nursery bed,8700,0.12,1.7,1026.25,Cash,Phone call,Van delivery
O003517,2025-08-04,C1133,Wholesale / dealer,V16,Tobacco,Nursery bed,30200,0.13,10.4,3517.7,Cash,Walk-in,Van delivery
O003518,2025-08-05,C1556,Wholesale / dealer,V01,Chilli,Pro-tray,8000,1.62,9.0,11793.6,Credit,Phone call,Self pickup
O003519,2025-08-05,C0289,Retail farmer,V06,Chilli,Pro-tray,3200,1.38,0.0,4416.0,Credit,Walk-in,Self pickup
O003520,2025-08-05,C0972,Retail farmer,V05,Chilli,Nursery bed,400,1.16,0.0,464.0,UPI,Walk-in,Self pickup
O003521,2025-08-05,C0687,Retail farmer,V04,Chilli,Nursery bed,2600,1.29,0.0,3354.0,UPI,Phone call,Self pickup
O003522,2025-08-05,C0942,Retail farmer,V09,Chilli,Pro-tray,1800,1.82,0.0,3276.0,Credit,Phone call,Self pickup
O003523,2025-08-05,C1557,Home gardener,V01,Chilli,Pro-tray,90,1.63,0.0,146.7,Cash,Phone call,Van delivery
O003524,2025-08-05,C1558,Retail farmer,V06,Chilli,Pro-tray,2600,1.4,0.0,3640.0,Cash,Walk-in,Self pickup
O003525,2025-08-05,C0278,Retail farmer,V07,Chilli,Nursery bed,1600,0.9,0.0,1440.0,Credit,Phone call,Self pickup
O003526,2025-08-05,C0046,Wholesale / dealer,V05,Chilli,Pro-tray,6900,1.69,10.6,10424.93,UPI,WhatsApp,Van delivery
O003527,2025-08-05,C0736,Retail farmer,V08,Chilli,Nursery bed,1300,1.19,0.0,1547.0,Cash,WhatsApp,Self pickup
O003528,2025-08-05,C0210,Retail farmer,V12,Tomato,Nursery bed,1700,1.31,0.0,2227.0,Cash,WhatsApp,Self pickup
O003529,2025-08-05,C1559,Home gardener,V12,Tomato,Pro-tray,40,1.94,0.0,77.6,Cash,Walk-in,Self pickup
O003530,2025-08-05,C0419,Home gardener,V12,Tomato,Pro-tray,170,1.9,0.0,323.0,Cash,Walk-in,Self pickup
O003531,2025-08-05,C0165,Retail farmer,V13,Brinjal,Pro-tray,300,1.23,0.0,369.0,Credit,Walk-in,Self pickup
O003532,2025-08-05,C1028,Home gardener,V14,Marigold,Pro-tray,40,1.88,0.0,75.2,Cash,Phone call,Self pickup
O003533,2025-08-05,C1552,Retail farmer,V16,Tobacco,Nursery bed,14400,0.13,1.9,1836.43,Cash,Walk-in,Van delivery
O003534,2025-08-06,C0437,Retail farmer,V01,Chilli,Pro-tray,3600,1.62,0.0,5832.0,Cash,Walk-in,Self pickup
O003535,2025-08-06,C0364,Retail farmer,V07,Chilli,Pro-tray,2100,1.27,0.0,2667.0,Cash,WhatsApp,Self pickup
O003536,2025-08-06,C1560,Retail farmer,V06,Chilli,Pro-tray,800,1.35,0.0,1080.0,Cash,WhatsApp,Self pickup
O003537,2025-08-06,C0571,Retail farmer,V01,Chilli,Nursery bed,1600,1.15,0.0,1840.0,Cash,Phone call,Self pickup
O003538,2025-08-06,C1561,Retail farmer,V08,Chilli,Pro-tray,1000,1.65,0.0,1650.0,Cash,Walk-in,Self pickup
O003539,2025-08-06,C0248,Wholesale / dealer,V03,Chilli,Pro-tray,5900,1.77,10.4,9356.93,UPI,Walk-in,Self pickup
O003540,2025-08-06,C0938,Retail farmer,V04,Chilli,Pro-tray,2800,1.83,0.0,5124.0,Credit,WhatsApp,Self pickup
O003541,2025-08-06,C0203,Wholesale / dealer,V01,Chilli,Nursery bed,4100,1.12,8.3,4210.86,Cash,Phone call,Self pickup
O003542,2025-08-06,C1562,Wholesale / dealer,V08,Chilli,Pro-tray,4700,1.67,10.2,7048.4,Credit,Walk-in,Self pickup
O003543,2025-08-06,C0871,Retail farmer,V08,Chilli,Nursery bed,1100,1.13,0.0,1243.0,UPI,WhatsApp,Self pickup
O003544,2025-08-06,C1563,Retail farmer,V03,Chilli,Pro-tray,900,1.69,0.0,1521.0,UPI,Walk-in,Self pickup
O003545,2025-08-06,C1052,Wholesale / dealer,V03,Chilli,Pro-tray,3100,1.69,8.1,4814.64,UPI,Walk-in,Self pickup
O003546,2025-08-06,C1564,Wholesale / dealer,V03,Chilli,Nursery bed,9100,1.17,10.1,9571.65,UPI,Phone call,Self pickup
O003547,2025-08-06,C1565,Home gardener,V02,Chilli,Pro-tray,30,1.54,0.0,46.2,Cash,WhatsApp,Self pickup
O003548,2025-08-06,C1108,Retail farmer,V11,Capsicum,Pro-tray,1700,3.44,0.0,5848.0,Credit,Walk-in,Self pickup
O003549,2025-08-06,C0486,Wholesale / dealer,V11,Capsicum,Pro-tray,3900,3.36,9.5,11859.12,Credit,Walk-in,Self pickup
O003550,2025-08-06,C1566,Retail farmer,V12,Tomato,Nursery bed,2600,1.28,0.0,3328.0,Cash,Phone call,Self pickup
O003551,2025-08-06,C0237,Retail farmer,V12,Tomato,Pro-tray,2100,1.95,0.0,4095.0,UPI,Walk-in,Self pickup
O003552,2025-08-06,C0274,Retail farmer,V12,Tomato,Nursery bed,3100,1.31,0.0,4061.0,UPI,Phone call,Van delivery
O003553,2025-08-06,C1339,Retail farmer,V13,Brinjal,Nursery bed,1200,0.85,0.0,1020.0,Cash,Walk-in,Self pickup
O003554,2025-08-06,C0134,Retail farmer,V14,Marigold,Nursery bed,1000,1.37,0.0,1370.0,UPI,Walk-in,Self pickup
O003555,2025-08-06,C1318,Retail farmer,V15,Marigold,Pro-tray,1200,1.77,0.0,2124.0,Cash,WhatsApp,Van delivery
O003556,2025-08-06,C0347,Wholesale / dealer,V16,Tobacco,Nursery bed,39000,0.13,11.1,4507.23,Cash,Phone call,Van delivery
O003557,2025-08-06,C1567,Wholesale / dealer,V16,Tobacco,Nursery bed,45400,0.13,11.1,5246.88,UPI,WhatsApp,Van delivery
O003558,2025-08-06,C1428,Wholesale / dealer,V16,Tobacco,Nursery bed,77200,0.13,8.5,9182.94,Cash,WhatsApp,Van delivery
O003559,2025-08-06,C1568,Retail farmer,V16,Tobacco,Nursery bed,10300,0.13,1.8,1314.9,UPI,Phone call,Van delivery
O003560,2025-08-07,C1569,Wholesale / dealer,V03,Chilli,Nursery bed,3700,1.19,10.9,3923.07,Cash,Walk-in,Self pickup
O003561,2025-08-07,C1553,Retail farmer,V06,Chilli,Pro-tray,1100,1.38,0.0,1518.0,Cash,Walk-in,Self pickup
O003562,2025-08-07,C0493,Retail farmer,V08,Chilli,Pro-tray,2400,1.65,0.0,3960.0,Cash,WhatsApp,Self pickup
O003563,2025-08-07,C0832,Retail farmer,V05,Chilli,Pro-tray,1400,1.67,0.0,2338.0,UPI,Phone call,Self pickup
O003564,2025-08-07,C1570,Wholesale / dealer,V07,Chilli,Pro-tray,8000,1.3,10.5,9308.0,UPI,Walk-in,Van delivery
O003565,2025-08-07,C0335,Retail farmer,V08,Chilli,Pro-tray,1300,1.66,0.0,2158.0,UPI,WhatsApp,Self pickup
O003566,2025-08-07,C0503,Wholesale / dealer,V04,Chilli,Pro-tray,9100,1.83,9.3,15104.27,Cash,WhatsApp,Van delivery
O003567,2025-08-07,C0188,Retail farmer,V03,Chilli,Pro-tray,1000,1.73,0.0,1730.0,UPI,WhatsApp,Self pickup
O003568,2025-08-07,C1571,Retail farmer,V03,Chilli,Pro-tray,4400,1.78,0.0,7832.0,UPI,Phone call,Self pickup
O003569,2025-08-07,C1449,Wholesale / dealer,V01,Chilli,Pro-tray,3600,1.62,8.1,5359.61,Cash,Phone call,Self pickup
O003570,2025-08-07,C1572,Retail farmer,V11,Capsicum,Pro-tray,600,3.33,0.0,1998.0,UPI,Walk-in,Self pickup
O003571,2025-08-07,C0848,Retail farmer,V11,Capsicum,Pro-tray,500,3.4,0.0,1700.0,Cash,Walk-in,Van delivery
O003572,2025-08-07,C1573,Retail farmer,V12,Tomato,Nursery bed,1100,1.31,0.0,1441.0,UPI,WhatsApp,Self pickup
O003573,2025-08-07,C0915,Wholesale / dealer,V12,Tomato,Pro-tray,4800,1.87,8.5,8213.04,UPI,Walk-in,Self pickup
O003574,2025-08-07,C0624,Retail farmer,V15,Marigold,Nursery bed,800,1.32,0.0,1056.0,Cash,Walk-in,Self pickup
O003575,2025-08-07,C0741,Retail farmer,V16,Tobacco,Nursery bed,10200,0.13,2.9,1287.55,Cash,Walk-in,Van delivery
O003576,2025-08-07,C0981,Wholesale / dealer,V16,Tobacco,Nursery bed,30400,0.13,12.0,3477.76,Credit,Walk-in,Self pickup
O003577,2025-08-07,C1574,Retail farmer,V16,Tobacco,Nursery bed,2300,0.13,0.0,299.0,Cash,Walk-in,Self pickup
O003578,2025-08-07,C0900,Retail farmer,V16,Tobacco,Nursery bed,7300,0.13,1.3,936.66,Credit,Walk-in,Self pickup
O003579,2025-08-07,C0657,Wholesale / dealer,V16,Tobacco,Nursery bed,37700,0.12,10.6,4044.46,Cash,Phone call,Van delivery
O003580,2025-08-07,C0216,Retail farmer,V16,Tobacco,Nursery bed,1600,0.13,0.0,208.0,Credit,WhatsApp,Self pickup
O003581,2025-08-07,C1099,Wholesale / dealer,V16,Tobacco,Nursery bed,32000,0.13,9.6,3760.64,Credit,Phone call,Self pickup
O003582,2025-08-07,C1575,Retail farmer,V16,Tobacco,Nursery bed,12400,0.12,1.3,1468.66,Cash,Walk-in,Van delivery
O003583,2025-08-08,C1576,Retail farmer,V10,Chilli,Pro-tray,900,1.42,0.0,1278.0,UPI,Walk-in,Self pickup
O003584,2025-08-08,C1577,Retail farmer,V08,Chilli,Pro-tray,1000,1.59,0.0,1590.0,Cash,Walk-in,Self pickup
O003585,2025-08-08,C1578,Home gardener,V07,Chilli,Pro-tray,50,1.29,0.0,64.5,Cash,Phone call,Van delivery
O003586,2025-08-08,C1579,Retail farmer,V11,Capsicum,Pro-tray,1300,3.32,0.0,4316.0,UPI,Phone call,Self pickup
O003587,2025-08-08,C1580,Retail farmer,V11,Capsicum,Pro-tray,1100,3.35,0.0,3685.0,UPI,Walk-in,Self pickup
O003588,2025-08-08,C0501,Wholesale / dealer,V12,Tomato,Nursery bed,4200,1.28,8.2,4935.17,Credit,Walk-in,Self pickup
O003589,2025-08-08,C0470,Retail farmer,V12,Tomato,Pro-tray,900,1.84,0.0,1656.0,UPI,WhatsApp,Self pickup
O003590,2025-08-08,C0498,Retail farmer,V12,Tomato,Nursery bed,1800,1.35,0.0,2430.0,UPI,Phone call,Self pickup
O003591,2025-08-08,C0023,Retail farmer,V12,Tomato,Nursery bed,700,1.33,0.0,931.0,UPI,WhatsApp,Self pickup
O003592,2025-08-08,C1581,Retail farmer,V12,Tomato,Pro-tray,500,1.88,0.0,940.0,UPI,Walk-in,Self pickup
O003593,2025-08-08,C1031,Retail farmer,V16,Tobacco,Nursery bed,5900,0.13,2.2,750.13,Cash,Walk-in,Van delivery
O003594,2025-08-08,C1387,Retail farmer,V16,Tobacco,Nursery bed,7800,0.12,1.1,925.7,Credit,Walk-in,Van delivery
O003595,2025-08-08,C1582,Retail farmer,V16,Tobacco,Nursery bed,10800,0.13,2.1,1374.52,Cash,Phone call,Self pickup
O003596,2025-08-09,C0352,Retail farmer,V01,Chilli,Pro-tray,400,1.67,0.0,668.0,Cash,Walk-in,Self pickup
O003597,2025-08-09,C1583,Home gardener,V02,Chilli,Pro-tray,110,1.53,0.0,168.3,UPI,Phone call,Self pickup
O003598,2025-08-09,C1306,Wholesale / dealer,V06,Chilli,Nursery bed,3000,0.93,9.4,2527.74,UPI,Phone call,Self pickup
O003599,2025-08-09,C1584,Home gardener,V05,Chilli,Pro-tray,150,1.69,0.0,253.5,Credit,WhatsApp,Self pickup
O003600,2025-08-09,C1147,Retail farmer,V09,Chilli,Nursery bed,1100,1.24,0.0,1364.0,UPI,Walk-in,Self pickup
O003601,2025-08-09,C0962,Retail farmer,V01,Chilli,Nursery bed,2100,1.13,0.0,2373.0,UPI,Phone call,Self pickup
O003602,2025-08-09,C0262,Wholesale / dealer,V07,Chilli,Pro-tray,3800,1.28,9.7,4392.19,Cash,Walk-in,Self pickup
O003603,2025-08-09,C0803,Wholesale / dealer,V03,Chilli,Pro-tray,4900,1.7,10.0,7497.0,Credit,Walk-in,Van delivery
O003604,2025-08-09,C1585,Retail farmer,V03,Chilli,Pro-tray,1400,1.7,0.0,2380.0,UPI,Phone call,Self pickup
O003605,2025-08-09,C0004,Retail farmer,V11,Capsicum,Pro-tray,800,3.32,0.0,2656.0,Credit,Phone call,Self pickup
O003606,2025-08-09,C0079,Wholesale / dealer,V12,Tomato,Pro-tray,9000,1.94,11.0,15539.4,Credit,Phone call,Van delivery
O003607,2025-08-09,C1586,Retail farmer,V12,Tomato,Nursery bed,600,1.31,0.0,786.0,Cash,Walk-in,Van delivery
O003608,2025-08-09,C1587,Retail farmer,V12,Tomato,Nursery bed,500,1.31,0.0,655.0,Credit,Walk-in,Self pickup
O003609,2025-08-09,C0240,Retail farmer,V13,Brinjal,Pro-tray,900,1.23,0.0,1107.0,UPI,Walk-in,Self pickup
O003610,2025-08-09,C1588,Retail farmer,V14,Marigold,Pro-tray,1600,1.92,0.0,3072.0,Cash,Walk-in,Self pickup
O003611,2025-08-09,C1589,Retail farmer,V15,Marigold,Pro-tray,1700,1.76,0.0,2992.0,UPI,WhatsApp,Self pickup
O003612,2025-08-09,C1590,Retail farmer,V14,Marigold,Nursery bed,1800,1.4,0.0,2520.0,UPI,Phone call,Self pickup
O003613,2025-08-09,C0575,Retail farmer,V14,Marigold,Pro-tray,2200,1.92,0.0,4224.0,Cash,Walk-in,Self pickup
O003614,2025-08-09,C1591,Home gardener,V14,Marigold,Pro-tray,70,1.83,0.0,128.1,UPI,Walk-in,Van delivery
O003615,2025-08-09,C0872,Wholesale / dealer,V16,Tobacco,Nursery bed,23800,0.13,9.8,2790.79,UPI,Walk-in,Van delivery
O003616,2025-08-09,C0414,Wholesale / dealer,V16,Tobacco,Nursery bed,32900,0.12,11.6,3490.03,Credit,Walk-in,Self pickup
O003617,2025-08-10,C1592,Retail farmer,V01,Chilli,Nursery bed,500,1.19,0.0,595.0,UPI,Walk-in,Self pickup
O003618,2025-08-10,C1245,Home gardener,V10,Chilli,Pro-tray,200,1.42,0.0,284.0,Cash,Walk-in,Self pickup
O003619,2025-08-10,C0962,Retail farmer,V08,Chilli,Nursery bed,1100,1.15,0.0,1265.0,UPI,Walk-in,Van delivery
O003620,2025-08-10,C1203,Wholesale / dealer,V07,Chilli,Pro-tray,2500,1.33,10.6,2972.55,Credit,Walk-in,Self pickup
O003621,2025-08-10,C1468,Wholesale / dealer,V03,Chilli,Nursery bed,4500,1.24,9.6,5044.32,Cash,Phone call,Self pickup
O003622,2025-08-10,C1384,Wholesale / dealer,V05,Chilli,Pro-tray,6500,1.72,9.6,10106.72,Credit,WhatsApp,Self pickup
O003623,2025-08-10,C0910,Retail farmer,V07,Chilli,Pro-tray,1200,1.29,0.0,1548.0,UPI,WhatsApp,Self pickup
O003624,2025-08-10,C1222,Retail farmer,V11,Capsicum,Pro-tray,700,3.36,0.0,2352.0,UPI,Walk-in,Self pickup
O003625,2025-08-10,C0486,Wholesale / dealer,V11,Capsicum,Pro-tray,11900,3.31,8.5,36040.94,Cash,Phone call,Van delivery
O003626,2025-08-10,C0050,Retail farmer,V12,Tomato,Pro-tray,3200,1.85,0.0,5920.0,UPI,Phone call,Self pickup
O003627,2025-08-10,C1593,Home gardener,V13,Brinjal,Pro-tray,40,1.26,0.0,50.4,Cash,Phone call,Van delivery
O003628,2025-08-10,C0485,Wholesale / dealer,V15,Marigold,Nursery bed,5800,1.3,10.2,6770.92,Credit,Phone call,Van delivery
O003629,2025-08-10,C0309,Retail farmer,V15,Marigold,Pro-tray,3600,1.81,0.0,6516.0,Cash,WhatsApp,Self pickup
O003630,2025-08-10,C1594,Retail farmer,V16,Tobacco,Nursery bed,7700,0.13,3.8,962.96,Cash,Walk-in,Van delivery
O003631,2025-08-10,C0423,Retail farmer,V16,Tobacco,Nursery bed,4500,0.12,0.0,540.0,Cash,WhatsApp,Van delivery
O003632,2025-08-10,C1567,Wholesale / dealer,V16,Tobacco,Nursery bed,111000,0.12,8.7,12161.16,UPI,Walk-in,Van delivery
O003633,2025-08-10,C1595,Retail farmer,V16,Tobacco,Nursery bed,5300,0.13,1.1,681.42,UPI,WhatsApp,Van delivery
O003634,2025-08-11,C1327,Retail farmer,V07,Chilli,Nursery bed,700,0.9,0.0,630.0,UPI,Phone call,Self pickup
O003635,2025-08-11,C1596,Retail farmer,V06,Chilli,Pro-tray,2000,1.35,0.0,2700.0,Cash,Phone call,Self pickup
O003636,2025-08-11,C1597,Retail farmer,V09,Chilli,Pro-tray,1900,1.83,0.0,3477.0,Cash,Phone call,Self pickup
O003637,2025-08-11,C0409,Wholesale / dealer,V01,Chilli,Pro-tray,6000,1.65,8.9,9018.9,UPI,Phone call,Van delivery
O003638,2025-08-11,C1598,Retail farmer,V01,Chilli,Pro-tray,2200,1.59,0.0,3498.0,Cash,Walk-in,Self pickup
O003639,2025-08-11,C1599,Retail farmer,V08,Chilli,Pro-tray,2000,1.61,0.0,3220.0,UPI,WhatsApp,Self pickup
O003640,2025-08-11,C1600,Retail farmer,V01,Chilli,Pro-tray,1000,1.61,0.0,1610.0,Cash,WhatsApp,Self pickup
O003641,2025-08-11,C0188,Retail farmer,V11,Capsicum,Pro-tray,500,3.35,0.0,1675.0,Cash,Walk-in,Van delivery
O003642,2025-08-11,C1601,Retail farmer,V11,Capsicum,Pro-tray,1300,3.46,0.0,4498.0,Cash,Walk-in,Self pickup
O003643,2025-08-11,C0555,Wholesale / dealer,V16,Tobacco,Nursery bed,89600,0.13,10.0,10483.2,Credit,Walk-in,Self pickup
O003644,2025-08-11,C1543,Retail farmer,V16,Tobacco,Nursery bed,3400,0.13,0.0,442.0,Cash,WhatsApp,Self pickup
O003645,2025-08-11,C1602,Retail farmer,V16,Tobacco,Nursery bed,10100,0.13,2.4,1281.49,Cash,Walk-in,Van delivery
O003646,2025-08-12,C1603,Retail farmer,V07,Chilli,Pro-tray,800,1.29,0.0,1032.0,Cash,Walk-in,Van delivery
O003647,2025-08-12,C0020,Retail farmer,V10,Chilli,Pro-tray,1800,1.45,0.0,2610.0,UPI,Walk-in,Self pickup
O003648,2025-08-12,C1604,Retail farmer,V08,Chilli,Pro-tray,1500,1.59,0.0,2385.0,UPI,Walk-in,Van delivery
O003649,2025-08-12,C1605,Retail farmer,V09,Chilli,Pro-tray,2000,1.78,0.0,3560.0,UPI,Walk-in,Self pickup
O003650,2025-08-12,C1541,Retail farmer,V01,Chilli,Pro-tray,2000,1.63,0.0,3260.0,UPI,Phone call,Self pickup
O003651,2025-08-12,C0105,Retail farmer,V01,Chilli,Nursery bed,1400,1.14,0.0,1596.0,UPI,Phone call,Self pickup
O003652,2025-08-12,C1226,Retail farmer,V04,Chilli,Pro-tray,1200,1.74,0.0,2088.0,Cash,WhatsApp,Self pickup
O003653,2025-08-12,C1606,Retail farmer,V06,Chilli,Pro-tray,1500,1.38,0.0,2070.0,Cash,Phone call,Self pickup
O003654,2025-08-12,C1607,Retail farmer,V09,Chilli,Nursery bed,3200,1.28,0.0,4096.0,Credit,Walk-in,Self pickup
O003655,2025-08-12,C1608,Retail farmer,V07,Chilli,Nursery bed,1600,0.9,0.0,1440.0,UPI,Phone call,Self pickup
O003656,2025-08-12,C0555,Wholesale / dealer,V12,Tomato,Pro-tray,3400,1.87,8.0,5849.36,Credit,Phone call,Self pickup
O003657,2025-08-12,C0706,Retail farmer,V12,Tomato,Pro-tray,1000,1.87,0.0,1870.0,Credit,WhatsApp,Self pickup
O003658,2025-08-12,C1347,Retail farmer,V12,Tomato,Pro-tray,1800,1.9,0.0,3420.0,Cash,Walk-in,Van delivery
O003659,2025-08-12,C1609,Retail farmer,V13,Brinjal,Nursery bed,500,0.82,0.0,410.0,Cash,Phone call,Van delivery
O003660,2025-08-12,C1610,Home gardener,V15,Marigold,Pro-tray,130,1.77,0.0,230.1,Cash,Walk-in,Self pickup
O003661,2025-08-12,C0255,Retail farmer,V14,Marigold,Pro-tray,1100,1.91,0.0,2101.0,Cash,Walk-in,Van delivery
O003662,2025-08-12,C1409,Wholesale / dealer,V16,Tobacco,Nursery bed,64700,0.12,11.0,6909.96,UPI,Phone call,Self pickup
O003663,2025-08-12,C1421,Wholesale / dealer,V16,Tobacco,Nursery bed,24800,0.13,11.5,2853.24,UPI,Walk-in,Van delivery
O003664,2025-08-12,C1155,Wholesale / dealer,V16,Tobacco,Nursery bed,46500,0.12,8.7,5094.54,Credit,Walk-in,Self pickup
O003665,2025-08-12,C1611,Wholesale / dealer,V16,Tobacco,Nursery bed,116700,0.12,11.8,12351.53,UPI,Walk-in,Van delivery
O003666,2025-08-12,C1575,Retail farmer,V16,Tobacco,Nursery bed,18500,0.13,2.1,2354.5,Cash,Walk-in,Self pickup
O003667,2025-08-13,C0918,Wholesale / dealer,V09,Chilli,Pro-tray,16600,1.81,11.1,26710.89,UPI,Phone call,Van delivery
O003668,2025-08-13,C0043,Retail farmer,V05,Chilli,Nursery bed,1100,1.18,0.0,1298.0,UPI,WhatsApp,Self pickup
O003669,2025-08-13,C0239,Retail farmer,V05,Chilli,Nursery bed,1200,1.21,0.0,1452.0,Cash,Phone call,Van delivery
O003670,2025-08-13,C1612,Retail farmer,V02,Chilli,Pro-tray,1500,1.57,0.0,2355.0,Cash,Phone call,Self pickup
O003671,2025-08-13,C0078,Retail farmer,V08,Chilli,Pro-tray,1800,1.59,0.0,2862.0,UPI,WhatsApp,Self pickup
O003672,2025-08-13,C1613,Home gardener,V05,Chilli,Pro-tray,90,1.73,0.0,155.7,UPI,Phone call,Self pickup
O003673,2025-08-13,C1614,Retail farmer,V01,Chilli,Pro-tray,700,1.58,0.0,1106.0,UPI,Walk-in,Self pickup
O003674,2025-08-13,C1615,Retail farmer,V12,Tomato,Pro-tray,1200,1.93,0.0,2316.0,UPI,Walk-in,Van delivery
O003675,2025-08-13,C1267,Retail farmer,V12,Tomato,Pro-tray,1600,1.88,0.0,3008.0,Cash,Phone call,Self pickup
O003676,2025-08-13,C1616,Retail farmer,V16,Tobacco,Nursery bed,7500,0.12,0.7,893.7,UPI,Walk-in,Self pickup
O003677,2025-08-13,C1124,Retail farmer,V16,Tobacco,Nursery bed,5500,0.12,2.0,646.8,Cash,Phone call,Self pickup
O003678,2025-08-14,C0335,Retail farmer,V01,Chilli,Pro-tray,1800,1.64,0.0,2952.0,UPI,Phone call,Self pickup
O003679,2025-08-14,C1617,Retail farmer,V04,Chilli,Pro-tray,1000,1.77,0.0,1770.0,Cash,Walk-in,Self pickup
O003680,2025-08-14,C1597,Retail farmer,V06,Chilli,Pro-tray,600,1.33,0.0,798.0,UPI,Phone call,Self pickup
O003681,2025-08-14,C0626,Wholesale / dealer,V03,Chilli,Nursery bed,7800,1.21,9.8,8513.08,Cash,Walk-in,Van delivery
O003682,2025-08-14,C1618,Retail farmer,V02,Chilli,Pro-tray,1600,1.6,0.0,2560.0,UPI,Walk-in,Self pickup
O003683,2025-08-14,C1619,Retail farmer,V07,Chilli,Pro-tray,2900,1.33,0.0,3857.0,Cash,Walk-in,Self pickup
O003684,2025-08-14,C0530,Wholesale / dealer,V01,Chilli,Nursery bed,8600,1.13,11.3,8619.87,UPI,Phone call,Van delivery
O003685,2025-08-14,C1620,Retail farmer,V01,Chilli,Nursery bed,900,1.18,0.0,1062.0,UPI,Walk-in,Self pickup
O003686,2025-08-14,C0601,Retail farmer,V11,Capsicum,Pro-tray,900,3.33,0.0,2997.0,Credit,Walk-in,Self pickup
O003687,2025-08-14,C1621,Wholesale / dealer,V12,Tomato,Pro-tray,8900,1.9,8.8,15421.92,Credit,Walk-in,Self pickup
O003688,2025-08-14,C1389,Wholesale / dealer,V16,Tobacco,Nursery bed,28500,0.13,11.0,3297.45,UPI,WhatsApp,Van delivery
O003689,2025-08-14,C1622,Retail farmer,V16,Tobacco,Nursery bed,7800,0.12,1.3,923.83,UPI,Phone call,Van delivery
O003690,2025-08-14,C1623,Retail farmer,V16,Tobacco,Nursery bed,13500,0.13,0.4,1747.98,UPI,Phone call,Van delivery
O003691,2025-08-14,C1326,Wholesale / dealer,V16,Tobacco,Nursery bed,63300,0.12,8.7,6935.15,UPI,Phone call,Van delivery
O003692,2025-08-14,C1624,Retail farmer,V16,Tobacco,Nursery bed,13900,0.12,3.6,1607.95,UPI,Phone call,Van delivery
O003693,2025-08-15,C0749,Retail farmer,V02,Chilli,Nursery bed,1400,1.12,0.0,1568.0,UPI,Phone call,Self pickup
O003694,2025-08-15,C1625,Home gardener,V01,Chilli,Pro-tray,20,1.64,0.0,32.8,UPI,Walk-in,Self pickup
O003695,2025-08-15,C1626,Retail farmer,V01,Chilli,Pro-tray,2000,1.6,0.0,3200.0,UPI,Phone call,Self pickup
O003696,2025-08-15,C1627,Home gardener,V06,Chilli,Pro-tray,140,1.36,0.0,190.4,Credit,Walk-in,Self pickup
O003697,2025-08-15,C1628,Retail farmer,V01,Chilli,Pro-tray,1000,1.59,0.0,1590.0,UPI,WhatsApp,Self pickup
O003698,2025-08-15,C1055,Retail farmer,V10,Chilli,Pro-tray,1000,1.38,0.0,1380.0,UPI,Phone call,Self pickup
O003699,2025-08-15,C0863,Wholesale / dealer,V01,Chilli,Pro-tray,10000,1.61,9.4,14586.6,Credit,WhatsApp,Van delivery
O003700,2025-08-15,C1629,Wholesale / dealer,V05,Chilli,Nursery bed,11400,1.18,11.6,11891.57,Credit,WhatsApp,Van delivery
O003701,2025-08-15,C1568,Retail farmer,V08,Chilli,Pro-tray,900,1.62,0.0,1458.0,Cash,Walk-in,Self pickup
O003702,2025-08-15,C1630,Retail farmer,V10,Chilli,Pro-tray,1400,1.45,0.0,2030.0,UPI,Walk-in,Self pickup
O003703,2025-08-15,C0750,Retail farmer,V07,Chilli,Nursery bed,1500,0.91,0.0,1365.0,Cash,Walk-in,Self pickup
O003704,2025-08-15,C1103,Retail farmer,V08,Chilli,Pro-tray,1400,1.67,0.0,2338.0,Cash,Walk-in,Self pickup
O003705,2025-08-15,C1631,Retail farmer,V04,Chilli,Pro-tray,1400,1.82,0.0,2548.0,Cash,Phone call,Self pickup
O003706,2025-08-15,C1282,Wholesale / dealer,V12,Tomato,Pro-tray,6300,1.92,9.0,11007.36,Credit,Walk-in,Van delivery
O003707,2025-08-15,C1632,Wholesale / dealer,V12,Tomato,Pro-tray,7400,1.95,8.2,13246.74,Cash,Phone call,Van delivery
O003708,2025-08-15,C1533,Retail farmer,V14,Marigold,Pro-tray,1000,1.9,0.0,1900.0,Cash,Walk-in,Self pickup
O003709,2025-08-15,C1633,Retail farmer,V16,Tobacco,Nursery bed,2400,0.13,0.0,312.0,UPI,WhatsApp,Self pickup
O003710,2025-08-15,C0007,Retail farmer,V16,Tobacco,Nursery bed,10800,0.12,2.8,1259.71,Cash,Walk-in,Van delivery
O003711,2025-08-16,C1634,Retail farmer,V02,Chilli,Nursery bed,500,1.11,0.0,555.0,Cash,WhatsApp,Self pickup
O003712,2025-08-16,C1635,Retail farmer,V09,Chilli,Pro-tray,1900,1.81,0.0,3439.0,Cash,Walk-in,Self pickup
O003713,2025-08-16,C0166,Retail farmer,V05,Chilli,Nursery bed,1000,1.18,0.0,1180.0,UPI,Walk-in,Self pickup
O003714,2025-08-16,C1636,Retail farmer,V04,Chilli,Pro-tray,2900,1.8,0.0,5220.0,UPI,Walk-in,Self pickup
O003715,2025-08-16,C1637,Retail farmer,V03,Chilli,Nursery bed,3500,1.17,0.0,4095.0,UPI,Phone call,Van delivery
O003716,2025-08-16,C0425,Retail farmer,V06,Chilli,Pro-tray,3200,1.35,0.0,4320.0,UPI,WhatsApp,Self pickup
O003717,2025-08-16,C0718,Wholesale / dealer,V06,Chilli,Pro-tray,6900,1.34,11.6,8173.46,UPI,Walk-in,Self pickup
O003718,2025-08-16,C1638,Retail farmer,V12,Tomato,Nursery bed,1600,1.29,0.0,2064.0,Cash,Walk-in,Self pickup
O003719,2025-08-16,C0361,Wholesale / dealer,V13,Brinjal,Nursery bed,6200,0.82,11.1,4519.68,Credit,WhatsApp,Van delivery
O003720,2025-08-16,C0166,Retail farmer,V13,Brinjal,Nursery bed,1100,0.85,0.0,935.0,Cash,Walk-in,Self pickup
O003721,2025-08-16,C0873,Retail farmer,V14,Marigold,Pro-tray,900,1.86,0.0,1674.0,Cash,Phone call,Self pickup
O003722,2025-08-16,C0819,Wholesale / dealer,V15,Marigold,Pro-tray,1900,1.81,12.0,3026.32,UPI,WhatsApp,Self pickup
O003723,2025-08-16,C1109,Retail farmer,V16,Tobacco,Nursery bed,13300,0.13,3.8,1663.3,Cash,Walk-in,Van delivery
O003724,2025-08-16,C1639,Retail farmer,V16,Tobacco,Nursery bed,8900,0.13,2.1,1132.7,Cash,Walk-in,Van delivery
O003725,2025-08-16,C1611,Wholesale / dealer,V16,Tobacco,Nursery bed,69600,0.13,10.0,8143.2,UPI,WhatsApp,Van delivery
O003726,2025-08-16,C1640,Retail farmer,V16,Tobacco,Nursery bed,7200,0.13,2.5,912.6,Cash,Phone call,Van delivery
O003727,2025-08-16,C1641,Wholesale / dealer,V16,Tobacco,Nursery bed,30700,0.12,10.8,3286.13,UPI,Walk-in,Van delivery
O003728,2025-08-16,C0919,Retail farmer,V16,Tobacco,Nursery bed,7800,0.13,3.0,983.58,UPI,WhatsApp,Van delivery
O003729,2025-08-17,C0612,Retail farmer,V02,Chilli,Nursery bed,4600,1.13,0.0,5198.0,Cash,Walk-in,Self pickup
O003730,2025-08-17,C0561,Retail farmer,V03,Chilli,Nursery bed,2900,1.24,0.0,3596.0,Cash,Phone call,Self pickup
O003731,2025-08-17,C1642,Retail farmer,V05,Chilli,Pro-tray,2300,1.67,0.0,3841.0,Cash,Phone call,Van delivery
O003732,2025-08-17,C1643,Retail farmer,V04,Chilli,Pro-tray,1400,1.74,0.0,2436.0,Cash,Phone call,Self pickup
O003733,2025-08-17,C0830,Retail farmer,V03,Chilli,Nursery bed,1800,1.21,0.0,2178.0,UPI,Walk-in,Van delivery
O003734,2025-08-17,C1644,Retail farmer,V09,Chilli,Nursery bed,1600,1.29,0.0,2064.0,UPI,Walk-in,Self pickup
O003735,2025-08-17,C0752,Retail farmer,V07,Chilli,Pro-tray,1200,1.28,0.0,1536.0,Credit,Walk-in,Self pickup
O003736,2025-08-17,C0611,Retail farmer,V01,Chilli,Nursery bed,1500,1.19,0.0,1785.0,UPI,Walk-in,Self pickup
O003737,2025-08-17,C0259,Retail farmer,V06,Chilli,Nursery bed,900,0.93,0.0,837.0,Credit,Phone call,Self pickup
O003738,2025-08-17,C1645,Retail farmer,V01,Chilli,Nursery bed,1900,1.13,0.0,2147.0,Cash,Walk-in,Self pickup
O003739,2025-08-17,C1564,Wholesale / dealer,V15,Marigold,Pro-tray,6600,1.78,10.5,10514.46,Cash,Walk-in,Van delivery
O003740,2025-08-17,C1646,Retail farmer,V14,Marigold,Pro-tray,800,1.93,0.0,1544.0,UPI,Walk-in,Self pickup
O003741,2025-08-17,C0288,Retail farmer,V15,Marigold,Pro-tray,1300,1.83,0.0,2379.0,Credit,Phone call,Self pickup
O003742,2025-08-17,C0975,Retail farmer,V16,Tobacco,Nursery bed,7000,0.13,3.0,882.7,Cash,Phone call,Van delivery
O003743,2025-08-18,C1325,Retail farmer,V07,Chilli,Nursery bed,1300,0.95,0.0,1235.0,Cash,Walk-in,Self pickup
O003744,2025-08-18,C1647,Retail farmer,V01,Chilli,Pro-tray,1100,1.62,0.0,1782.0,UPI,Walk-in,Self pickup
O003745,2025-08-18,C1648,Retail farmer,V01,Chilli,Nursery bed,600,1.13,0.0,678.0,Cash,WhatsApp,Self pickup
O003746,2025-08-18,C1649,Retail farmer,V02,Chilli,Nursery bed,600,1.08,0.0,648.0,Credit,WhatsApp,Self pickup
O003747,2025-08-18,C0170,Retail farmer,V01,Chilli,Pro-tray,800,1.61,0.0,1288.0,UPI,WhatsApp,Self pickup
O003748,2025-08-18,C1650,Retail farmer,V04,Chilli,Nursery bed,1300,1.23,0.0,1599.0,Cash,WhatsApp,Self pickup
O003749,2025-08-18,C1651,Retail farmer,V04,Chilli,Pro-tray,1400,1.73,0.0,2422.0,Credit,Phone call,Self pickup
O003750,2025-08-18,C1652,Retail farmer,V08,Chilli,Pro-tray,1000,1.63,0.0,1630.0,Cash,Phone call,Self pickup
O003751,2025-08-18,C1653,Home gardener,V10,Chilli,Pro-tray,40,1.45,0.0,58.0,Credit,Walk-in,Self pickup
O003752,2025-08-18,C0516,Retail farmer,V10,Chilli,Nursery bed,3100,1.0,0.0,3100.0,Credit,Walk-in,Self pickup
O003753,2025-08-18,C1654,Retail farmer,V01,Chilli,Pro-tray,1100,1.6,0.0,1760.0,Cash,WhatsApp,Self pickup
O003754,2025-08-18,C0114,Retail farmer,V02,Chilli,Nursery bed,1800,1.11,0.0,1998.0,Cash,Walk-in,Self pickup
O003755,2025-08-18,C0705,Retail farmer,V11,Capsicum,Pro-tray,900,3.42,0.0,3078.0,Cash,Phone call,Self pickup
O003756,2025-08-18,C0255,Retail farmer,V11,Capsicum,Pro-tray,700,3.39,0.0,2373.0,Cash,Phone call,Self pickup
O003757,2025-08-18,C0600,Retail farmer,V14,Marigold,Nursery bed,1000,1.41,0.0,1410.0,Cash,Phone call,Van delivery
O003758,2025-08-18,C0665,Wholesale / dealer,V14,Marigold,Pro-tray,1500,1.9,8.4,2610.6,Credit,Phone call,Self pickup
O003759,2025-08-18,C1655,Retail farmer,V15,Marigold,Pro-tray,1200,1.77,0.0,2124.0,UPI,Phone call,Van delivery
O003760,2025-08-18,C1303,Retail farmer,V16,Tobacco,Nursery bed,5000,0.13,3.0,630.5,Cash,Walk-in,Van delivery
O003761,2025-08-18,C1031,Retail farmer,V16,Tobacco,Nursery bed,5200,0.12,3.7,600.91,UPI,WhatsApp,Van delivery
O003762,2025-08-18,C1449,Wholesale / dealer,V16,Tobacco,Nursery bed,16900,0.13,8.8,2003.66,UPI,Walk-in,Van delivery
O003763,2025-08-19,C1656,Retail farmer,V08,Chilli,Nursery bed,1200,1.18,0.0,1416.0,Cash,Walk-in,Self pickup
O003764,2025-08-19,C1657,Retail farmer,V02,Chilli,Nursery bed,2700,1.1,0.0,2970.0,Cash,Walk-in,Self pickup
O003765,2025-08-19,C0430,Retail farmer,V05,Chilli,Nursery bed,2200,1.16,0.0,2552.0,Cash,Phone call,Self pickup
O003766,2025-08-19,C0871,Retail farmer,V12,Tomato,Nursery bed,400,1.35,0.0,540.0,Cash,WhatsApp,Self pickup
O003767,2025-08-19,C1658,Retail farmer,V13,Brinjal,Pro-tray,400,1.29,0.0,516.0,UPI,WhatsApp,Self pickup
O003768,2025-08-19,C1513,Wholesale / dealer,V16,Tobacco,Nursery bed,70100,0.12,10.0,7570.8,UPI,Walk-in,Van delivery
O003769,2025-08-19,C0371,Retail farmer,V16,Tobacco,Nursery bed,5400,0.13,1.2,693.58,UPI,Phone call,Self pickup
O003770,2025-08-19,C1659,Retail farmer,V16,Tobacco,Nursery bed,8100,0.12,2.2,950.62,Cash,Phone call,Van delivery
O003771,2025-08-19,C1660,Retail farmer,V16,Tobacco,Nursery bed,6500,0.13,0.6,839.93,UPI,Walk-in,Van delivery
O003772,2025-08-19,C1589,Retail farmer,V16,Tobacco,Nursery bed,5900,0.13,2.7,746.29,UPI,Phone call,Van delivery
O003773,2025-08-20,C0687,Retail farmer,V04,Chilli,Nursery bed,1300,1.25,0.0,1625.0,Cash,Walk-in,Self pickup
O003774,2025-08-20,C1661,Retail farmer,V03,Chilli,Pro-tray,700,1.69,0.0,1183.0,UPI,WhatsApp,Self pickup
O003775,2025-08-20,C1662,Retail farmer,V08,Chilli,Pro-tray,1600,1.67,0.0,2672.0,Cash,WhatsApp,Self pickup
O003776,2025-08-20,C1663,Retail farmer,V01,Chilli,Pro-tray,1800,1.58,0.0,2844.0,UPI,Walk-in,Self pickup
O003777,2025-08-20,C0309,Retail farmer,V02,Chilli,Nursery bed,800,1.11,0.0,888.0,UPI,Phone call,Self pickup
O003778,2025-08-20,C0608,Retail farmer,V06,Chilli,Pro-tray,1300,1.4,0.0,1820.0,Cash,Phone call,Self pickup
O003779,2025-08-20,C0005,Wholesale / dealer,V01,Chilli,Pro-tray,2900,1.64,12.0,4185.28,UPI,WhatsApp,Self pickup
O003780,2025-08-20,C0281,Retail farmer,V07,Chilli,Pro-tray,700,1.33,0.0,931.0,UPI,Phone call,Van delivery
O003781,2025-08-20,C0591,Retail farmer,V11,Capsicum,Pro-tray,600,3.34,0.0,2004.0,Cash,Walk-in,Van delivery
O003782,2025-08-20,C1664,Retail farmer,V12,Tomato,Pro-tray,1200,1.84,0.0,2208.0,UPI,Phone call,Van delivery
O003783,2025-08-20,C0131,Retail farmer,V13,Brinjal,Pro-tray,1300,1.29,0.0,1677.0,Cash,Walk-in,Self pickup
O003784,2025-08-20,C1665,Retail farmer,V13,Brinjal,Pro-tray,1400,1.24,0.0,1736.0,Cash,Phone call,Self pickup
O003785,2025-08-20,C0258,Retail farmer,V13,Brinjal,Pro-tray,800,1.26,0.0,1008.0,UPI,Walk-in,Self pickup
O003786,2025-08-20,C0903,Wholesale / dealer,V16,Tobacco,Nursery bed,26400,0.13,10.4,3075.07,UPI,WhatsApp,Self pickup
O003787,2025-08-20,C1397,Wholesale / dealer,V16,Tobacco,Nursery bed,70100,0.13,9.8,8219.93,UPI,Phone call,Van delivery
O003788,2025-08-21,C1666,Retail farmer,V01,Chilli,Pro-tray,1400,1.66,0.0,2324.0,Cash,Phone call,Self pickup
O003789,2025-08-21,C0790,Retail farmer,V06,Chilli,Pro-tray,1800,1.39,0.0,2502.0,Cash,Walk-in,Self pickup
O003790,2025-08-21,C1667,Retail farmer,V08,Chilli,Pro-tray,500,1.62,0.0,810.0,Credit,Phone call,Self pickup
O003791,2025-08-21,C1632,Wholesale / dealer,V02,Chilli,Pro-tray,5800,1.55,10.1,8082.01,UPI,Walk-in,Self pickup
O003792,2025-08-21,C1668,Wholesale / dealer,V08,Chilli,Nursery bed,6300,1.13,9.4,6449.81,Cash,Phone call,Van delivery
O003793,2025-08-21,C0656,Retail farmer,V04,Chilli,Pro-tray,2500,1.8,0.0,4500.0,Cash,Phone call,Self pickup
O003794,2025-08-21,C0658,Retail farmer,V04,Chilli,Pro-tray,1900,1.77,0.0,3363.0,UPI,Walk-in,Self pickup
O003795,2025-08-21,C0707,Retail farmer,V07,Chilli,Pro-tray,1300,1.33,0.0,1729.0,Credit,Phone call,Van delivery
O003796,2025-08-21,C1669,Retail farmer,V05,Chilli,Nursery bed,1400,1.21,0.0,1694.0,Cash,Walk-in,Self pickup
O003797,2025-08-21,C0494,Wholesale / dealer,V05,Chilli,Pro-tray,15700,1.7,9.4,24181.14,Cash,Phone call,Van delivery
O003798,2025-08-21,C1670,Retail farmer,V05,Chilli,Pro-tray,2500,1.65,0.0,4125.0,Cash,Walk-in,Self pickup
O003799,2025-08-21,C1671,Retail farmer,V13,Brinjal,Pro-tray,700,1.24,0.0,868.0,Cash,Phone call,Self pickup
O003800,2025-08-21,C0736,Retail farmer,V16,Tobacco,Nursery bed,8700,0.13,2.0,1108.38,UPI,WhatsApp,Self pickup
O003801,2025-08-21,C0921,Wholesale / dealer,V16,Tobacco,Nursery bed,22200,0.12,9.0,2424.24,Credit,Walk-in,Self pickup
O003802,2025-08-21,C1462,Retail farmer,V16,Tobacco,Nursery bed,6600,0.12,2.9,769.03,UPI,Phone call,Van delivery
O003803,2025-08-22,C0009,Wholesale / dealer,V05,Chilli,Pro-tray,4800,1.68,9.2,7322.11,Cash,Walk-in,Van delivery
O003804,2025-08-22,C1288,Retail farmer,V01,Chilli,Pro-tray,1100,1.61,0.0,1771.0,Cash,WhatsApp,Self pickup
O003805,2025-08-22,C0453,Retail farmer,V02,Chilli,Pro-tray,3700,1.55,0.0,5735.0,Cash,Phone call,Self pickup
O003806,2025-08-22,C1672,Wholesale / dealer,V08,Chilli,Nursery bed,10000,1.19,10.6,10638.6,UPI,Phone call,Van delivery
O003807,2025-08-22,C1673,Retail farmer,V01,Chilli,Pro-tray,2400,1.63,0.0,3912.0,UPI,Phone call,Self pickup
O003808,2025-08-22,C0536,Retail farmer,V08,Chilli,Pro-tray,1800,1.59,0.0,2862.0,UPI,Walk-in,Self pickup
O003809,2025-08-22,C1674,Home gardener,V02,Chilli,Pro-tray,150,1.56,0.0,234.0,Cash,Walk-in,Self pickup
O003810,2025-08-22,C0607,Retail farmer,V01,Chilli,Pro-tray,2000,1.61,0.0,3220.0,UPI,Phone call,Self pickup
O003811,2025-08-22,C1675,Retail farmer,V03,Chilli,Nursery bed,1000,1.17,0.0,1170.0,UPI,WhatsApp,Self pickup
O003812,2025-08-22,C0268,Retail farmer,V12,Tomato,Pro-tray,1000,1.9,0.0,1900.0,UPI,Phone call,Self pickup
O003813,2025-08-22,C0979,Retail farmer,V15,Marigold,Pro-tray,1300,1.75,0.0,2275.0,Credit,Walk-in,Self pickup
O003814,2025-08-22,C1676,Retail farmer,V15,Marigold,Pro-tray,900,1.82,0.0,1638.0,Credit,Phone call,Self pickup
O003815,2025-08-22,C1677,Retail farmer,V15,Marigold,Pro-tray,1300,1.77,0.0,2301.0,Cash,Phone call,Self pickup
O003816,2025-08-22,C1678,Retail farmer,V14,Marigold,Pro-tray,1500,1.87,0.0,2805.0,UPI,Phone call,Self pickup
O003817,2025-08-23,C0288,Retail farmer,V05,Chilli,Pro-tray,2700,1.66,0.0,4482.0,UPI,Walk-in,Self pickup
O003818,2025-08-23,C1318,Retail farmer,V07,Chilli,Pro-tray,2000,1.32,0.0,2640.0,Cash,Phone call,Self pickup
O003819,2025-08-23,C0817,Retail farmer,V07,Chilli,Pro-tray,500,1.28,0.0,640.0,Cash,WhatsApp,Self pickup
O003820,2025-08-23,C1679,Wholesale / dealer,V06,Chilli,Nursery bed,4800,0.92,11.1,3925.82,Credit,WhatsApp,Self pickup
O003821,2025-08-23,C0767,Retail farmer,V08,Chilli,Pro-tray,1600,1.64,0.0,2624.0,Credit,Phone call,Self pickup
O003822,2025-08-23,C1218,Retail farmer,V04,Chilli,Nursery bed,500,1.24,0.0,620.0,Cash,Phone call,Self pickup
O003823,2025-08-23,C0212,Wholesale / dealer,V06,Chilli,Nursery bed,10500,0.96,8.4,9233.28,Cash,Walk-in,Van delivery
O003824,2025-08-23,C1680,Retail farmer,V02,Chilli,Nursery bed,1900,1.1,0.0,2090.0,UPI,Phone call,Self pickup
O003825,2025-08-23,C0766,Retail farmer,V15,Marigold,Pro-tray,1900,1.8,0.0,3420.0,Cash,Walk-in,Self pickup
O003826,2025-08-23,C1681,Wholesale / dealer,V16,Tobacco,Nursery bed,38300,0.12,11.4,4072.06,Cash,Walk-in,Van delivery
O003827,2025-08-23,C1682,Wholesale / dealer,V16,Tobacco,Nursery bed,29800,0.13,11.0,3447.86,UPI,Walk-in,Van delivery
O003828,2025-08-23,C0361,Wholesale / dealer,V16,Tobacco,Nursery bed,41600,0.12,11.5,4417.92,UPI,WhatsApp,Van delivery
O003829,2025-08-23,C0083,Wholesale / dealer,V16,Tobacco,Nursery bed,19400,0.13,8.4,2310.15,Credit,Walk-in,Van delivery
O003830,2025-08-24,C1683,Retail farmer,V03,Chilli,Nursery bed,1100,1.17,0.0,1287.0,Cash,WhatsApp,Self pickup
O003831,2025-08-24,C0687,Retail farmer,V03,Chilli,Nursery bed,900,1.19,0.0,1071.0,UPI,Walk-in,Self pickup
O003832,2025-08-24,C1684,Retail farmer,V02,Chilli,Pro-tray,800,1.58,0.0,1264.0,Credit,Walk-in,Self pickup
O003833,2025-08-24,C1685,Retail farmer,V10,Chilli,Nursery bed,800,0.98,0.0,784.0,Cash,Phone call,Self pickup
O003834,2025-08-24,C1251,Retail farmer,V07,Chilli,Pro-tray,2300,1.32,0.0,3036.0,Cash,Phone call,Self pickup
O003835,2025-08-24,C1686,Home gardener,V02,Chilli,Pro-tray,120,1.6,0.0,192.0,Cash,Phone call,Self pickup
O003836,2025-08-24,C0083,Wholesale / dealer,V06,Chilli,Pro-tray,7400,1.4,10.4,9282.56,Credit,Walk-in,Van delivery
O003837,2025-08-24,C1317,Retail farmer,V06,Chilli,Nursery bed,700,0.94,0.0,658.0,Cash,WhatsApp,Self pickup
O003838,2025-08-24,C1687,Retail farmer,V08,Chilli,Nursery bed,1800,1.14,0.0,2052.0,UPI,Phone call,Self pickup
O003839,2025-08-24,C1688,Retail farmer,V08,Chilli,Pro-tray,2900,1.59,0.0,4611.0,Cash,WhatsApp,Self pickup
O003840,2025-08-24,C1689,Retail farmer,V06,Chilli,Pro-tray,3300,1.33,0.0,4389.0,UPI,Walk-in,Self pickup
O003841,2025-08-24,C0162,Retail farmer,V08,Chilli,Nursery bed,1400,1.12,0.0,1568.0,UPI,Walk-in,Self pickup
O003842,2025-08-24,C0486,Wholesale / dealer,V01,Chilli,Nursery bed,5100,1.13,8.9,5250.09,Credit,Walk-in,Van delivery
O003843,2025-08-24,C1586,Retail farmer,V06,Chilli,Pro-tray,1900,1.37,0.0,2603.0,Cash,Phone call,Self pickup
O003844,2025-08-24,C1690,Wholesale / dealer,V11,Capsicum,Pro-tray,5500,3.38,12.0,16359.2,Credit,Walk-in,Van delivery
O003845,2025-08-24,C1545,Retail farmer,V11,Capsicum,Pro-tray,300,3.34,0.0,1002.0,UPI,Walk-in,Self pickup
O003846,2025-08-24,C1414,Wholesale / dealer,V11,Capsicum,Pro-tray,4700,3.4,11.6,14126.32,Cash,WhatsApp,Van delivery
O003847,2025-08-24,C1691,Home gardener,V12,Tomato,Pro-tray,100,1.88,0.0,188.0,Cash,WhatsApp,Van delivery
O003848,2025-08-24,C1500,Retail farmer,V12,Tomato,Nursery bed,2300,1.3,0.0,2990.0,UPI,WhatsApp,Self pickup
O003849,2025-08-24,C0846,Retail farmer,V15,Marigold,Nursery bed,2700,1.31,0.0,3537.0,Cash,Walk-in,Self pickup
O003850,2025-08-24,C1692,Retail farmer,V15,Marigold,Pro-tray,1100,1.76,0.0,1936.0,UPI,Phone call,Self pickup
O003851,2025-08-24,C1693,Retail farmer,V15,Marigold,Nursery bed,1600,1.27,0.0,2032.0,Cash,Walk-in,Self pickup
O003852,2025-08-24,C0607,Retail farmer,V15,Marigold,Nursery bed,2200,1.33,0.0,2926.0,UPI,Walk-in,Self pickup
O003853,2025-08-24,C1694,Retail farmer,V14,Marigold,Pro-tray,1100,1.93,0.0,2123.0,Cash,Phone call,Self pickup
O003854,2025-08-24,C1695,Wholesale / dealer,V15,Marigold,Nursery bed,6200,1.28,11.4,7031.3,UPI,Walk-in,Van delivery
O003855,2025-08-24,C0520,Retail farmer,V14,Marigold,Nursery bed,1600,1.36,0.0,2176.0,UPI,Phone call,Self pickup
O003856,2025-08-24,C0792,Retail farmer,V14,Marigold,Nursery bed,1300,1.39,0.0,1807.0,UPI,Phone call,Self pickup
O003857,2025-08-24,C1696,Retail farmer,V14,Marigold,Nursery bed,400,1.41,0.0,564.0,Cash,Walk-in,Self pickup
O003858,2025-08-24,C1697,Wholesale / dealer,V16,Tobacco,Nursery bed,34700,0.12,11.9,3668.48,Credit,WhatsApp,Van delivery
O003859,2025-08-24,C1698,Retail farmer,V16,Tobacco,Nursery bed,9700,0.13,1.1,1247.13,UPI,WhatsApp,Van delivery
O003860,2025-08-24,C1498,Wholesale / dealer,V16,Tobacco,Nursery bed,16600,0.13,11.3,1914.15,Cash,Walk-in,Van delivery
O003861,2025-08-24,C1528,Wholesale / dealer,V16,Tobacco,Nursery bed,42500,0.13,8.4,5060.9,UPI,Walk-in,Van delivery
O003862,2025-08-24,C1699,Wholesale / dealer,V16,Tobacco,Nursery bed,50600,0.12,8.5,5555.88,UPI,Phone call,Van delivery
O003863,2025-08-25,C1070,Retail farmer,V07,Chilli,Pro-tray,1400,1.28,0.0,1792.0,UPI,Phone call,Self pickup
O003864,2025-08-25,C1115,Retail farmer,V09,Chilli,Pro-tray,2300,1.74,0.0,4002.0,Cash,Phone call,Self pickup
O003865,2025-08-25,C1700,Retail farmer,V05,Chilli,Nursery bed,1400,1.15,0.0,1610.0,Cash,WhatsApp,Self pickup
O003866,2025-08-25,C1701,Wholesale / dealer,V02,Chilli,Nursery bed,7500,1.1,11.4,7309.5,Credit,Phone call,Self pickup
O003867,2025-08-25,C0672,Retail farmer,V06,Chilli,Nursery bed,2300,0.94,0.0,2162.0,UPI,WhatsApp,Self pickup
O003868,2025-08-25,C1702,Retail farmer,V05,Chilli,Pro-tray,2400,1.65,0.0,3960.0,Cash,Walk-in,Van delivery
O003869,2025-08-25,C1460,Retail farmer,V11,Capsicum,Pro-tray,900,3.46,0.0,3114.0,UPI,WhatsApp,Van delivery
O003870,2025-08-25,C1214,Retail farmer,V12,Tomato,Pro-tray,1200,1.85,0.0,2220.0,UPI,Walk-in,Self pickup
O003871,2025-08-25,C1703,Retail farmer,V15,Marigold,Nursery bed,1200,1.28,0.0,1536.0,Cash,Walk-in,Self pickup
O003872,2025-08-25,C1704,Retail farmer,V16,Tobacco,Nursery bed,8800,0.13,3.2,1107.39,Credit,Phone call,Van delivery
O003873,2025-08-25,C0411,Retail farmer,V16,Tobacco,Nursery bed,6900,0.12,0.6,823.03,Cash,Phone call,Self pickup
O003874,2025-08-25,C0644,Retail farmer,V16,Tobacco,Nursery bed,10100,0.13,1.1,1298.56,UPI,Phone call,Van delivery
O003875,2025-08-25,C1705,Wholesale / dealer,V16,Tobacco,Nursery bed,51500,0.13,9.0,6092.45,Credit,Walk-in,Van delivery
O003876,2025-08-25,C0516,Retail farmer,V16,Tobacco,Nursery bed,16500,0.12,3.0,1920.6,UPI,Walk-in,Van delivery
O003877,2025-08-26,C1045,Retail farmer,V08,Chilli,Pro-tray,1300,1.6,0.0,2080.0,Cash,WhatsApp,Van delivery
O003878,2025-08-26,C1001,Retail farmer,V10,Chilli,Pro-tray,2000,1.46,0.0,2920.0,Cash,Walk-in,Self pickup
O003879,2025-08-26,C1706,Retail farmer,V07,Chilli,Nursery bed,2400,0.9,0.0,2160.0,UPI,Walk-in,Self pickup
O003880,2025-08-26,C1707,Retail farmer,V03,Chilli,Pro-tray,3700,1.74,0.0,6438.0,UPI,WhatsApp,Self pickup
O003881,2025-08-26,C1411,Wholesale / dealer,V07,Chilli,Pro-tray,3000,1.35,9.4,3669.3,UPI,Walk-in,Self pickup
O003882,2025-08-26,C1708,Home gardener,V02,Chilli,Pro-tray,20,1.58,0.0,31.6,Cash,Walk-in,Self pickup
O003883,2025-08-26,C0547,Retail farmer,V06,Chilli,Pro-tray,900,1.35,0.0,1215.0,Cash,Walk-in,Van delivery
O003884,2025-08-26,C0117,Retail farmer,V03,Chilli,Nursery bed,1500,1.24,0.0,1860.0,UPI,WhatsApp,Self pickup
O003885,2025-08-26,C0898,Retail farmer,V11,Capsicum,Pro-tray,1800,3.27,0.0,5886.0,Cash,Phone call,Self pickup
O003886,2025-08-26,C1709,Retail farmer,V12,Tomato,Pro-tray,700,1.94,0.0,1358.0,UPI,Walk-in,Self pickup
O003887,2025-08-26,C0507,Retail farmer,V12,Tomato,Nursery bed,900,1.33,0.0,1197.0,Cash,Walk-in,Self pickup
O003888,2025-08-26,C1710,Home gardener,V12,Tomato,Pro-tray,60,1.92,0.0,115.2,Cash,Walk-in,Self pickup
O003889,2025-08-26,C0622,Retail farmer,V12,Tomato,Nursery bed,1400,1.34,0.0,1876.0,Cash,Walk-in,Self pickup
O003890,2025-08-26,C1711,Home gardener,V14,Marigold,Pro-tray,130,1.89,0.0,245.7,Cash,Walk-in,Self pickup
O003891,2025-08-26,C0596,Wholesale / dealer,V16,Tobacco,Nursery bed,39300,0.13,9.2,4638.97,Credit,Walk-in,Van delivery
O003892,2025-08-26,C1414,Wholesale / dealer,V16,Tobacco,Nursery bed,51300,0.13,9.6,6028.78,Credit,WhatsApp,Van delivery
O003893,2025-08-26,C1306,Wholesale / dealer,V16,Tobacco,Nursery bed,14700,0.13,9.1,1737.1,UPI,WhatsApp,Van delivery
O003894,2025-08-26,C1712,Retail farmer,V16,Tobacco,Nursery bed,5600,0.12,1.7,660.58,Cash,WhatsApp,Self pickup
O003895,2025-08-27,C0345,Retail farmer,V10,Chilli,Pro-tray,1400,1.41,0.0,1974.0,Cash,Walk-in,Self pickup
O003896,2025-08-27,C0277,Retail farmer,V01,Chilli,Pro-tray,1100,1.67,0.0,1837.0,Cash,Walk-in,Van delivery
O003897,2025-08-27,C0180,Retail farmer,V08,Chilli,Nursery bed,2600,1.12,0.0,2912.0,Credit,Phone call,Self pickup
O003898,2025-08-27,C1635,Retail farmer,V06,Chilli,Nursery bed,800,0.96,0.0,768.0,Credit,Phone call,Self pickup
O003899,2025-08-27,C1177,Wholesale / dealer,V06,Chilli,Pro-tray,3100,1.4,8.8,3958.08,Credit,Walk-in,Self pickup
O003900,2025-08-27,C0901,Retail farmer,V03,Chilli,Nursery bed,1400,1.18,0.0,1652.0,Cash,Phone call,Self pickup
O003901,2025-08-27,C1713,Retail farmer,V03,Chilli,Pro-tray,2000,1.77,0.0,3540.0,UPI,Walk-in,Van delivery
O003902,2025-08-27,C1714,Retail farmer,V01,Chilli,Pro-tray,800,1.67,0.0,1336.0,Cash,Walk-in,Self pickup
O003903,2025-08-27,C1715,Retail farmer,V10,Chilli,Pro-tray,2200,1.44,0.0,3168.0,Cash,Walk-in,Self pickup
O003904,2025-08-27,C1074,Retail farmer,V11,Capsicum,Pro-tray,1700,3.42,0.0,5814.0,UPI,Walk-in,Self pickup
O003905,2025-08-27,C1716,Home gardener,V12,Tomato,Pro-tray,40,1.91,0.0,76.4,UPI,Phone call,Self pickup
O003906,2025-08-27,C0964,Retail farmer,V13,Brinjal,Pro-tray,600,1.29,0.0,774.0,UPI,Walk-in,Self pickup
O003907,2025-08-27,C1717,Retail farmer,V13,Brinjal,Pro-tray,1300,1.25,0.0,1625.0,Cash,Walk-in,Self pickup
O003908,2025-08-27,C0004,Retail farmer,V14,Marigold,Nursery bed,700,1.33,0.0,931.0,Cash,Walk-in,Van delivery
O003909,2025-08-27,C1718,Home gardener,V14,Marigold,Pro-tray,190,1.94,0.0,368.6,Credit,Walk-in,Van delivery
O003910,2025-08-27,C1255,Retail farmer,V15,Marigold,Pro-tray,2000,1.77,0.0,3540.0,UPI,Walk-in,Self pickup
O003911,2025-08-28,C1198,Retail farmer,V01,Chilli,Pro-tray,2500,1.67,0.0,4175.0,Cash,Phone call,Self pickup
O003912,2025-08-28,C1719,Retail farmer,V05,Chilli,Nursery bed,2300,1.21,0.0,2783.0,Cash,WhatsApp,Self pickup
O003913,2025-08-28,C1720,Retail farmer,V06,Chilli,Pro-tray,1100,1.35,0.0,1485.0,Cash,Walk-in,Van delivery
O003914,2025-08-28,C1646,Retail farmer,V01,Chilli,Pro-tray,2300,1.67,0.0,3841.0,UPI,Phone call,Self pickup
O003915,2025-08-28,C1721,Retail farmer,V06,Chilli,Nursery bed,5000,0.97,2.3,4738.45,Cash,Phone call,Self pickup
O003916,2025-08-28,C1722,Retail farmer,V11,Capsicum,Pro-tray,700,3.35,0.0,2345.0,Cash,Walk-in,Self pickup
O003917,2025-08-28,C1288,Retail farmer,V15,Marigold,Pro-tray,400,1.8,0.0,720.0,UPI,Phone call,Self pickup
O003918,2025-08-28,C0392,Retail farmer,V16,Tobacco,Nursery bed,10600,0.12,0.2,1269.46,UPI,Walk-in,Van delivery
O003919,2025-08-28,C1129,Wholesale / dealer,V16,Tobacco,Nursery bed,17800,0.13,8.5,2117.31,UPI,WhatsApp,Van delivery
O003920,2025-08-28,C1723,Retail farmer,V16,Tobacco,Nursery bed,6500,0.13,3.6,814.58,UPI,Walk-in,Van delivery
O003921,2025-08-28,C0059,Retail farmer,V16,Tobacco,Nursery bed,11600,0.13,0.1,1506.49,UPI,Walk-in,Van delivery
O003922,2025-08-28,C0971,Retail farmer,V16,Tobacco,Nursery bed,14300,0.12,0.6,1705.7,Cash,Phone call,Van delivery
O003923,2025-08-29,C1188,Retail farmer,V08,Chilli,Nursery bed,2000,1.14,0.0,2280.0,UPI,Walk-in,Self pickup
O003924,2025-08-29,C1535,Retail farmer,V03,Chilli,Nursery bed,1300,1.19,0.0,1547.0,Cash,Walk-in,Self pickup
O003925,2025-08-29,C0077,Retail farmer,V04,Chilli,Pro-tray,2500,1.76,0.0,4400.0,UPI,Walk-in,Self pickup
O003926,2025-08-29,C1599,Retail farmer,V09,Chilli,Pro-tray,3600,1.75,0.0,6300.0,Credit,Phone call,Van delivery
O003927,2025-08-29,C1724,Wholesale / dealer,V06,Chilli,Nursery bed,5600,0.96,11.5,4757.76,UPI,Phone call,Van delivery
O003928,2025-08-29,C1725,Retail farmer,V01,Chilli,Pro-tray,700,1.66,0.0,1162.0,UPI,WhatsApp,Self pickup
O003929,2025-08-29,C1331,Retail farmer,V02,Chilli,Nursery bed,900,1.09,0.0,981.0,UPI,Walk-in,Van delivery
O003930,2025-08-29,C1077,Retail farmer,V05,Chilli,Pro-tray,1300,1.72,0.0,2236.0,Cash,Walk-in,Self pickup
O003931,2025-08-29,C0945,Retail farmer,V02,Chilli,Pro-tray,1300,1.6,0.0,2080.0,Cash,WhatsApp,Van delivery
O003932,2025-08-29,C0096,Retail farmer,V09,Chilli,Pro-tray,900,1.81,0.0,1629.0,Cash,Phone call,Self pickup
O003933,2025-08-29,C0840,Retail farmer,V01,Chilli,Pro-tray,1900,1.64,0.0,3116.0,UPI,Walk-in,Self pickup
O003934,2025-08-29,C1726,Retail farmer,V03,Chilli,Pro-tray,2600,1.73,0.0,4498.0,UPI,WhatsApp,Self pickup
O003935,2025-08-29,C1235,Retail farmer,V01,Chilli,Pro-tray,1100,1.58,0.0,1738.0,Cash,Walk-in,Self pickup
O003936,2025-08-29,C1429,Retail farmer,V13,Brinjal,Nursery bed,800,0.84,0.0,672.0,UPI,Phone call,Self pickup
O003937,2025-08-29,C1727,Retail farmer,V13,Brinjal,Pro-tray,1000,1.25,0.0,1250.0,UPI,Walk-in,Self pickup
O003938,2025-08-29,C0664,Retail farmer,V15,Marigold,Nursery bed,900,1.29,0.0,1161.0,Cash,Phone call,Self pickup
O003939,2025-08-29,C1728,Wholesale / dealer,V14,Marigold,Nursery bed,7700,1.33,9.0,9319.31,UPI,Walk-in,Van delivery
O003940,2025-08-30,C1339,Retail farmer,V01,Chilli,Nursery bed,1700,1.13,0.0,1921.0,UPI,Phone call,Self pickup
O003941,2025-08-30,C0933,Retail farmer,V05,Chilli,Pro-tray,700,1.7,0.0,1190.0,Cash,Walk-in,Self pickup
O003942,2025-08-30,C1648,Retail farmer,V02,Chilli,Pro-tray,1400,1.57,0.0,2198.0,Cash,Walk-in,Self pickup
O003943,2025-08-30,C1365,Retail farmer,V01,Chilli,Nursery bed,500,1.17,0.0,585.0,UPI,Walk-in,Self pickup
O003944,2025-08-30,C1729,Retail farmer,V10,Chilli,Nursery bed,1200,1.01,0.0,1212.0,UPI,WhatsApp,Self pickup
O003945,2025-08-30,C1681,Wholesale / dealer,V10,Chilli,Nursery bed,11000,0.99,9.8,9822.78,UPI,Walk-in,Van delivery
O003946,2025-08-30,C1017,Retail farmer,V03,Chilli,Pro-tray,1300,1.72,0.0,2236.0,UPI,WhatsApp,Self pickup
O003947,2025-08-30,C1384,Wholesale / dealer,V12,Tomato,Nursery bed,7200,1.33,8.2,8790.77,UPI,Walk-in,Self pickup
O003948,2025-08-30,C1730,Retail farmer,V13,Brinjal,Nursery bed,600,0.84,0.0,504.0,UPI,WhatsApp,Self pickup
O003949,2025-08-30,C1731,Retail farmer,V14,Marigold,Pro-tray,1100,1.85,0.0,2035.0,UPI,Walk-in,Van delivery
O003950,2025-08-30,C0610,Retail farmer,V15,Marigold,Pro-tray,1600,1.82,0.0,2912.0,Cash,Walk-in,Self pickup
O003951,2025-08-30,C1732,Retail farmer,V16,Tobacco,Nursery bed,6700,0.12,0.2,802.39,Cash,Phone call,Van delivery
O003952,2025-08-30,C1695,Wholesale / dealer,V16,Tobacco,Nursery bed,14100,0.12,10.3,1517.72,Cash,Walk-in,Van delivery
O003953,2025-08-30,C0312,Wholesale / dealer,V16,Tobacco,Nursery bed,46000,0.13,9.4,5417.88,Cash,Phone call,Self pickup
O003954,2025-08-31,C1652,Retail farmer,V10,Chilli,Pro-tray,1100,1.43,0.0,1573.0,Cash,WhatsApp,Van delivery
O003955,2025-08-31,C0991,Retail farmer,V06,Chilli,Nursery bed,700,0.95,0.0,665.0,Cash,Phone call,Self pickup
O003956,2025-08-31,C0525,Retail farmer,V01,Chilli,Nursery bed,1100,1.16,0.0,1276.0,UPI,Walk-in,Van delivery
O003957,2025-08-31,C1733,Retail farmer,V05,Chilli,Pro-tray,1100,1.68,0.0,1848.0,Credit,Phone call,Self pickup
O003958,2025-08-31,C1734,Retail farmer,V07,Chilli,Pro-tray,1000,1.33,0.0,1330.0,Cash,Phone call,Self pickup
O003959,2025-08-31,C1450,Retail farmer,V03,Chilli,Pro-tray,600,1.73,0.0,1038.0,Cash,Walk-in,Self pickup
O003960,2025-08-31,C1425,Retail farmer,V05,Chilli,Pro-tray,1100,1.67,0.0,1837.0,Cash,WhatsApp,Self pickup
O003961,2025-08-31,C0826,Retail farmer,V05,Chilli,Nursery bed,1500,1.2,0.0,1800.0,Cash,WhatsApp,Self pickup
O003962,2025-08-31,C1003,Retail farmer,V02,Chilli,Pro-tray,1900,1.61,0.0,3059.0,Cash,Phone call,Self pickup
O003963,2025-08-31,C1030,Retail farmer,V05,Chilli,Pro-tray,1200,1.67,0.0,2004.0,UPI,Walk-in,Van delivery
O003964,2025-08-31,C1735,Retail farmer,V05,Chilli,Nursery bed,2500,1.14,0.0,2850.0,Cash,Phone call,Van delivery
O003965,2025-08-31,C1161,Retail farmer,V05,Chilli,Nursery bed,1300,1.2,0.0,1560.0,UPI,Walk-in,Self pickup
O003966,2025-08-31,C0255,Retail farmer,V03,Chilli,Pro-tray,2000,1.72,0.0,3440.0,Cash,Walk-in,Self pickup
O003967,2025-08-31,C0080,Retail farmer,V11,Capsicum,Pro-tray,1100,3.41,0.0,3751.0,Credit,WhatsApp,Self pickup
O003968,2025-08-31,C0540,Retail farmer,V11,Capsicum,Pro-tray,800,3.35,0.0,2680.0,Cash,Phone call,Self pickup
O003969,2025-08-31,C1502,Retail farmer,V11,Capsicum,Pro-tray,500,3.41,0.0,1705.0,Cash,Phone call,Self pickup
O003970,2025-08-31,C1354,Retail farmer,V12,Tomato,Nursery bed,500,1.35,0.0,675.0,Cash,Walk-in,Self pickup
O003971,2025-08-31,C0918,Wholesale / dealer,V12,Tomato,Nursery bed,3000,1.29,8.1,3556.53,UPI,Walk-in,Self pickup
O003972,2025-08-31,C0397,Retail farmer,V15,Marigold,Pro-tray,2000,1.82,0.0,3640.0,UPI,Walk-in,Van delivery
O003973,2025-08-31,C1736,Wholesale / dealer,V14,Marigold,Pro-tray,9400,1.84,8.1,15895.02,UPI,Walk-in,Van delivery
O003974,2025-08-31,C1737,Retail farmer,V16,Tobacco,Nursery bed,12200,0.12,2.0,1434.72,Cash,Phone call,Van delivery
O003975,2025-08-31,C0108,Retail farmer,V16,Tobacco,Nursery bed,13500,0.13,0.9,1739.2,UPI,Phone call,Van delivery
O003976,2025-08-31,C1435,Wholesale / dealer,V16,Tobacco,Nursery bed,30100,0.12,10.7,3225.52,Cash,Walk-in,Van delivery
O003977,2025-08-31,C1216,Wholesale / dealer,V16,Tobacco,Nursery bed,33800,0.13,8.5,4020.51,UPI,Walk-in,Van delivery
O003978,2025-09-01,C0595,Retail farmer,V05,Chilli,Nursery bed,2300,1.15,0.0,2645.0,Cash,Phone call,Self pickup
O003979,2025-09-01,C1738,Retail farmer,V07,Chilli,Nursery bed,1000,0.9,0.0,900.0,UPI,Walk-in,Self pickup
O003980,2025-09-01,C0292,Wholesale / dealer,V07,Chilli,Pro-tray,2500,1.29,11.9,2841.22,UPI,Walk-in,Van delivery
O003981,2025-09-01,C1739,Retail farmer,V10,Chilli,Pro-tray,2400,1.46,0.0,3504.0,Credit,Phone call,Self pickup
O003982,2025-09-01,C1740,Retail farmer,V02,Chilli,Pro-tray,200,1.53,0.0,306.0,Cash,Phone call,Self pickup
O003983,2025-09-01,C0903,Wholesale / dealer,V01,Chilli,Pro-tray,13100,1.63,9.5,19324.46,Credit,Walk-in,Van delivery
O003984,2025-09-01,C1313,Retail farmer,V10,Chilli,Nursery bed,1300,1.01,0.0,1313.0,Credit,Phone call,Self pickup
O003985,2025-09-01,C1056,Wholesale / dealer,V05,Chilli,Pro-tray,6700,1.67,10.8,9980.59,UPI,Walk-in,Van delivery
O003986,2025-09-01,C1741,Retail farmer,V11,Capsicum,Pro-tray,1700,3.37,0.0,5729.0,Cash,Phone call,Self pickup
O003987,2025-09-01,C1742,Retail farmer,V11,Capsicum,Pro-tray,1000,3.31,0.0,3310.0,Cash,Phone call,Self pickup
O003988,2025-09-01,C1232,Retail farmer,V12,Tomato,Pro-tray,1600,1.84,0.0,2944.0,Cash,WhatsApp,Self pickup
O003989,2025-09-01,C1743,Retail farmer,V12,Tomato,Nursery bed,800,1.28,0.0,1024.0,Credit,Phone call,Self pickup
O003990,2025-09-01,C0109,Retail farmer,V15,Marigold,Pro-tray,1300,1.83,0.0,2379.0,Credit,Walk-in,Self pickup
O003991,2025-09-01,C0760,Retail farmer,V16,Tobacco,Nursery bed,7100,0.12,3.1,825.59,Cash,Walk-in,Van delivery
O003992,2025-09-01,C1668,Wholesale / dealer,V16,Tobacco,Nursery bed,32300,0.12,10.1,3484.52,UPI,Phone call,Self pickup
O003993,2025-09-01,C1744,Retail farmer,V16,Tobacco,Nursery bed,6200,0.13,0.2,804.39,Cash,Phone call,Van delivery
O003994,2025-09-01,C0078,Retail farmer,V16,Tobacco,Nursery bed,7200,0.13,2.9,908.86,Cash,Walk-in,Van delivery
O003995,2025-09-02,C0910,Retail farmer,V01,Chilli,Nursery bed,1200,1.16,0.0,1392.0,Cash,Phone call,Self pickup
O003996,2025-09-02,C1118,Retail farmer,V03,Chilli,Pro-tray,1800,1.74,0.0,3132.0,UPI,Walk-in,Self pickup
O003997,2025-09-02,C0837,Retail farmer,V03,Chilli,Pro-tray,1200,1.71,0.0,2052.0,UPI,Walk-in,Van delivery
O003998,2025-09-02,C1442,Retail farmer,V01,Chilli,Pro-tray,1100,1.67,0.0,1837.0,Credit,Phone call,Self pickup
O003999,2025-09-02,C1448,Retail farmer,V05,Chilli,Pro-tray,1100,1.65,0.0,1815.0,UPI,WhatsApp,Van delivery
O004000,2025-09-02,C1745,Retail farmer,V01,Chilli,Nursery bed,1700,1.13,0.0,1921.0,Cash,Phone call,Self pickup
O004001,2025-09-02,C0958,Retail farmer,V01,Chilli,Pro-tray,1000,1.62,0.0,1620.0,Cash,Walk-in,Self pickup
O004002,2025-09-02,C1746,Retail farmer,V11,Capsicum,Pro-tray,800,3.34,0.0,2672.0,Cash,Walk-in,Self pickup
O004003,2025-09-02,C1747,Retail farmer,V12,Tomato,Pro-tray,1200,1.93,0.0,2316.0,Cash,Walk-in,Self pickup
O004004,2025-09-02,C0182,Wholesale / dealer,V16,Tobacco,Nursery bed,23700,0.12,9.4,2576.66,Credit,WhatsApp,Self pickup
O004005,2025-09-03,C1127,Wholesale / dealer,V01,Chilli,Nursery bed,4800,1.13,8.8,4946.69,UPI,Walk-in,Self pickup
O004006,2025-09-03,C0285,Retail farmer,V03,Chilli,Pro-tray,1200,1.69,0.0,2028.0,Cash,Phone call,Self pickup
O004007,2025-09-03,C1515,Retail farmer,V02,Chilli,Pro-tray,1100,1.55,0.0,1705.0,Cash,Walk-in,Self pickup
O004008,2025-09-03,C1748,Retail farmer,V11,Capsicum,Pro-tray,400,3.28,0.0,1312.0,UPI,Walk-in,Self pickup
O004009,2025-09-03,C0410,Wholesale / dealer,V11,Capsicum,Pro-tray,5800,3.35,9.7,17545.29,Cash,Phone call,Van delivery
O004010,2025-09-03,C1681,Wholesale / dealer,V13,Brinjal,Nursery bed,5000,0.83,11.0,3693.5,UPI,Walk-in,Van delivery
O004011,2025-09-03,C1749,Home gardener,V14,Marigold,Pro-tray,140,1.93,0.0,270.2,Credit,Phone call,Self pickup
O004012,2025-09-03,C1750,Retail farmer,V14,Marigold,Pro-tray,900,1.89,0.0,1701.0,Cash,Walk-in,Self pickup
O004013,2025-09-03,C0149,Retail farmer,V16,Tobacco,Nursery bed,4000,0.13,0.0,520.0,UPI,Walk-in,Self pickup
O004014,2025-09-03,C1751,Retail farmer,V16,Tobacco,Nursery bed,15000,0.12,2.6,1753.2,Cash,Phone call,Van delivery
O004015,2025-09-03,C0313,Retail farmer,V16,Tobacco,Nursery bed,3100,0.13,0.0,403.0,Cash,Walk-in,Self pickup
O004016,2025-09-04,C1752,Retail farmer,V01,Chilli,Pro-tray,1000,1.6,0.0,1600.0,UPI,WhatsApp,Self pickup
O004017,2025-09-04,C1753,Retail farmer,V09,Chilli,Nursery bed,1700,1.27,0.0,2159.0,Cash,Walk-in,Self pickup
O004018,2025-09-04,C0858,Retail farmer,V03,Chilli,Pro-tray,400,1.77,0.0,708.0,Cash,Phone call,Self pickup
O004019,2025-09-04,C0942,Retail farmer,V06,Chilli,Pro-tray,3300,1.4,0.0,4620.0,Cash,Walk-in,Self pickup
O004020,2025-09-04,C1704,Retail farmer,V06,Chilli,Pro-tray,700,1.35,0.0,945.0,UPI,WhatsApp,Self pickup
O004021,2025-09-04,C1754,Retail farmer,V05,Chilli,Pro-tray,800,1.69,0.0,1352.0,UPI,WhatsApp,Self pickup
O004022,2025-09-04,C0414,Wholesale / dealer,V16,Tobacco,Nursery bed,57300,0.13,8.8,6793.49,UPI,Walk-in,Van delivery
O004023,2025-09-05,C0440,Retail farmer,V07,Chilli,Nursery bed,3500,0.92,0.0,3220.0,Cash,Walk-in,Self pickup
O004024,2025-09-05,C1516,Retail farmer,V02,Chilli,Pro-tray,1100,1.56,0.0,1716.0,UPI,Walk-in,Van delivery
O004025,2025-09-05,C1435,Wholesale / dealer,V03,Chilli,Nursery bed,5400,1.2,8.9,5903.28,Credit,WhatsApp,Self pickup
O004026,2025-09-05,C1755,Retail farmer,V06,Chilli,Pro-tray,900,1.39,0.0,1251.0,UPI,Walk-in,Self pickup
O004027,2025-09-05,C1756,Retail farmer,V07,Chilli,Nursery bed,900,0.92,0.0,828.0,UPI,Walk-in,Self pickup
O004028,2025-09-05,C1757,Retail farmer,V11,Capsicum,Nursery bed,500,2.57,0.0,1285.0,Cash,Phone call,Self pickup
O004029,2025-09-05,C1080,Retail farmer,V14,Marigold,Pro-tray,1100,1.93,0.0,2123.0,Credit,Walk-in,Self pickup
O004030,2025-09-05,C1044,Retail farmer,V16,Tobacco,Nursery bed,4900,0.13,0.0,637.0,Cash,Phone call,Self pickup
O004031,2025-09-05,C0917,Retail farmer,V16,Tobacco,Nursery bed,10400,0.13,1.3,1334.42,Cash,Walk-in,Self pickup
O004032,2025-09-05,C1758,Retail farmer,V16,Tobacco,Nursery bed,15400,0.13,0.8,1985.98,Cash,Walk-in,Self pickup
O004033,2025-09-05,C0404,Wholesale / dealer,V16,Tobacco,Nursery bed,18900,0.12,11.1,2016.25,UPI,Phone call,Van delivery
O004034,2025-09-05,C0478,Wholesale / dealer,V16,Tobacco,Nursery bed,44500,0.12,9.8,4816.68,Credit,Walk-in,Self pickup
O004035,2025-09-06,C1759,Wholesale / dealer,V01,Chilli,Nursery bed,5400,1.16,11.0,5574.96,UPI,Walk-in,Van delivery
O004036,2025-09-06,C0306,Home gardener,V07,Chilli,Pro-tray,90,1.31,0.0,117.9,UPI,Walk-in,Self pickup
O004037,2025-09-06,C1760,Retail farmer,V01,Chilli,Pro-tray,2400,1.65,0.0,3960.0,UPI,Phone call,Self pickup
O004038,2025-09-06,C1761,Retail farmer,V07,Chilli,Nursery bed,2400,0.93,0.0,2232.0,UPI,WhatsApp,Self pickup
O004039,2025-09-06,C1762,Retail farmer,V08,Chilli,Nursery bed,2000,1.16,0.0,2320.0,UPI,Walk-in,Self pickup
O004040,2025-09-06,C0445,Retail farmer,V02,Chilli,Nursery bed,2400,1.09,0.0,2616.0,UPI,Walk-in,Self pickup
O004041,2025-09-06,C0590,Retail farmer,V11,Capsicum,Pro-tray,2600,3.37,0.0,8762.0,UPI,Walk-in,Van delivery
O004042,2025-09-06,C1763,Retail farmer,V11,Capsicum,Pro-tray,1000,3.35,0.0,3350.0,UPI,Walk-in,Self pickup
O004043,2025-09-06,C1048,Retail farmer,V14,Marigold,Nursery bed,1200,1.33,0.0,1596.0,Cash,WhatsApp,Self pickup
O004044,2025-09-06,C1764,Retail farmer,V16,Tobacco,Nursery bed,17900,0.13,3.2,2252.54,Cash,WhatsApp,Van delivery
O004045,2025-09-06,C1765,Retail farmer,V16,Tobacco,Nursery bed,18600,0.13,3.2,2340.62,Credit,WhatsApp,Van delivery
O004046,2025-09-06,C1176,Wholesale / dealer,V16,Tobacco,Nursery bed,48700,0.13,9.8,5710.56,Credit,Walk-in,Van delivery
O004047,2025-09-06,C1766,Retail farmer,V16,Tobacco,Nursery bed,11200,0.13,3.3,1407.95,UPI,Walk-in,Van delivery
O004048,2025-09-07,C1767,Wholesale / dealer,V07,Chilli,Pro-tray,5900,1.27,10.4,6713.73,Cash,Walk-in,Self pickup
O004049,2025-09-07,C0682,Retail farmer,V08,Chilli,Pro-tray,1300,1.61,0.0,2093.0,Cash,WhatsApp,Self pickup
O004050,2025-09-07,C1049,Retail farmer,V09,Chilli,Nursery bed,600,1.26,0.0,756.0,Cash,Phone call,Self pickup
O004051,2025-09-07,C1303,Retail farmer,V01,Chilli,Pro-tray,1800,1.63,0.0,2934.0,UPI,Phone call,Self pickup
O004052,2025-09-07,C1768,Retail farmer,V03,Chilli,Pro-tray,3900,1.74,0.0,6786.0,UPI,Walk-in,Self pickup
O004053,2025-09-07,C1127,Wholesale / dealer,V03,Chilli,Pro-tray,8500,1.72,11.3,12967.94,Credit,Walk-in,Self pickup
O004054,2025-09-07,C1195,Retail farmer,V02,Chilli,Nursery bed,1100,1.13,0.0,1243.0,UPI,Walk-in,Self pickup
O004055,2025-09-07,C1550,Retail farmer,V01,Chilli,Pro-tray,1300,1.61,0.0,2093.0,Cash,Walk-in,Self pickup
O004056,2025-09-07,C0708,Retail farmer,V07,Chilli,Pro-tray,1400,1.35,0.0,1890.0,Cash,WhatsApp,Van delivery
O004057,2025-09-07,C1769,Retail farmer,V11,Capsicum,Pro-tray,1200,3.3,0.0,3960.0,UPI,Phone call,Self pickup
O004058,2025-09-07,C1770,Retail farmer,V12,Tomato,Pro-tray,2300,1.84,0.0,4232.0,Cash,Walk-in,Self pickup
O004059,2025-09-07,C1771,Retail farmer,V12,Tomato,Nursery bed,800,1.33,0.0,1064.0,UPI,Walk-in,Self pickup
O004060,2025-09-07,C0630,Retail farmer,V12,Tomato,Pro-tray,1100,1.91,0.0,2101.0,Credit,WhatsApp,Self pickup
O004061,2025-09-07,C0524,Retail farmer,V14,Marigold,Pro-tray,1200,1.92,0.0,2304.0,Cash,Walk-in,Self pickup
O004062,2025-09-07,C0522,Wholesale / dealer,V15,Marigold,Pro-tray,10400,1.78,10.9,16494.19,Cash,Phone call,Self pickup
O004063,2025-09-07,C1020,Wholesale / dealer,V16,Tobacco,Nursery bed,33600,0.13,9.6,3948.67,Credit,Walk-in,Van delivery
O004064,2025-09-07,C1515,Retail farmer,V16,Tobacco,Nursery bed,5600,0.12,0.2,670.66,UPI,Phone call,Van delivery
O004065,2025-09-07,C0915,Wholesale / dealer,V16,Tobacco,Nursery bed,17500,0.13,8.6,2079.35,UPI,Phone call,Van delivery
O004066,2025-09-07,C1772,Wholesale / dealer,V16,Tobacco,Nursery bed,26100,0.13,9.9,3057.09,UPI,Walk-in,Van delivery
O004067,2025-09-07,C1428,Wholesale / dealer,V16,Tobacco,Nursery bed,40800,0.13,11.4,4699.34,Credit,Walk-in,Van delivery
O004068,2025-09-07,C1678,Retail farmer,V16,Tobacco,Nursery bed,5900,0.13,0.7,761.63,Cash,WhatsApp,Self pickup
O004069,2025-09-07,C1355,Retail farmer,V16,Tobacco,Nursery bed,8700,0.13,0.6,1124.21,UPI,WhatsApp,Van delivery
O004070,2025-09-07,C0762,Wholesale / dealer,V16,Tobacco,Nursery bed,29700,0.13,9.5,3494.2,Cash,Walk-in,Van delivery
O004071,2025-09-07,C1773,Retail farmer,V16,Tobacco,Nursery bed,21800,0.13,1.9,2780.15,Cash,WhatsApp,Van delivery
O004072,2025-09-07,C1774,Retail farmer,V16,Tobacco,Nursery bed,14000,0.13,2.4,1776.32,Cash,Walk-in,Self pickup
O004073,2025-09-08,C0667,Retail farmer,V04,Chilli,Pro-tray,2200,1.79,0.0,3938.0,UPI,WhatsApp,Self pickup
O004074,2025-09-08,C1775,Retail farmer,V07,Chilli,Nursery bed,4400,0.94,0.0,4136.0,Cash,WhatsApp,Self pickup
O004075,2025-09-08,C1776,Retail farmer,V10,Chilli,Pro-tray,500,1.42,0.0,710.0,Cash,WhatsApp,Self pickup
O004076,2025-09-08,C0972,Retail farmer,V08,Chilli,Pro-tray,1400,1.61,0.0,2254.0,UPI,WhatsApp,Self pickup
O004077,2025-09-08,C0417,Wholesale / dealer,V01,Chilli,Pro-tray,3400,1.62,11.7,4863.56,Credit,Phone call,Self pickup
O004078,2025-09-08,C1036,Retail farmer,V12,Tomato,Pro-tray,500,1.84,0.0,920.0,Cash,Walk-in,Self pickup
O004079,2025-09-08,C1777,Wholesale / dealer,V14,Marigold,Pro-tray,5000,1.86,9.7,8397.9,UPI,Phone call,Van delivery
O004080,2025-09-08,C0255,Retail farmer,V16,Tobacco,Nursery bed,2400,0.13,0.0,312.0,Credit,WhatsApp,Self pickup
O004081,2025-09-08,C0287,Wholesale / dealer,V16,Tobacco,Nursery bed,48300,0.13,8.7,5732.73,UPI,WhatsApp,Van delivery
O004082,2025-09-08,C1527,Wholesale / dealer,V16,Tobacco,Nursery bed,55600,0.13,9.6,6534.11,Cash,Phone call,Van delivery
O004083,2025-09-09,C1778,Wholesale / dealer,V05,Chilli,Pro-tray,4100,1.72,9.2,6403.22,UPI,Walk-in,Self pickup
O004084,2025-09-09,C1047,Wholesale / dealer,V07,Chilli,Pro-tray,2300,1.33,11.9,2694.98,UPI,Phone call,Van delivery
O004085,2025-09-09,C1779,Home gardener,V08,Chilli,Pro-tray,110,1.58,0.0,173.8,Cash,Phone call,Self pickup
O004086,2025-09-09,C1780,Retail farmer,V06,Chilli,Pro-tray,2300,1.4,0.0,3220.0,Cash,Phone call,Self pickup
O004087,2025-09-09,C1144,Retail farmer,V05,Chilli,Nursery bed,1400,1.21,0.0,1694.0,Cash,Walk-in,Self pickup
O004088,2025-09-09,C1781,Retail farmer,V07,Chilli,Pro-tray,800,1.28,0.0,1024.0,Credit,WhatsApp,Self pickup
O004089,2025-09-09,C1411,Wholesale / dealer,V01,Chilli,Pro-tray,14600,1.63,11.0,21180.22,UPI,Walk-in,Van delivery
O004090,2025-09-09,C1742,Retail farmer,V11,Capsicum,Pro-tray,500,3.4,0.0,1700.0,Cash,Phone call,Self pickup
O004091,2025-09-09,C1298,Retail farmer,V12,Tomato,Nursery bed,700,1.29,0.0,903.0,UPI,Phone call,Self pickup
O004092,2025-09-09,C1782,Retail farmer,V13,Brinjal,Pro-tray,600,1.23,0.0,738.0,UPI,Walk-in,Self pickup
O004093,2025-09-09,C1783,Retail farmer,V13,Brinjal,Nursery bed,500,0.82,0.0,410.0,UPI,Walk-in,Self pickup
O004094,2025-09-09,C0516,Retail farmer,V16,Tobacco,Nursery bed,14200,0.13,3.5,1781.39,Cash,Walk-in,Van delivery
O004095,2025-09-09,C0547,Retail farmer,V16,Tobacco,Nursery bed,8000,0.12,0.3,957.12,UPI,Walk-in,Van delivery
O004096,2025-09-10,C1784,Retail farmer,V06,Chilli,Nursery bed,3200,0.94,0.0,3008.0,UPI,Phone call,Van delivery
O004097,2025-09-10,C0990,Retail farmer,V10,Chilli,Nursery bed,1100,1.0,0.0,1100.0,UPI,Walk-in,Self pickup
O004098,2025-09-10,C1433,Home gardener,V01,Chilli,Pro-tray,200,1.63,0.0,326.0,Credit,Phone call,Van delivery
O004099,2025-09-10,C1517,Wholesale / dealer,V05,Chilli,Pro-tray,14700,1.72,10.7,22578.61,UPI,WhatsApp,Van delivery
O004100,2025-09-10,C1785,Retail farmer,V16,Tobacco,Nursery bed,4900,0.13,0.0,637.0,Credit,Walk-in,Self pickup
O004101,2025-09-10,C0500,Wholesale / dealer,V16,Tobacco,Nursery bed,20900,0.12,8.1,2304.85,UPI,Walk-in,Van delivery
O004102,2025-09-11,C0197,Retail farmer,V01,Chilli,Pro-tray,2700,1.64,0.0,4428.0,Cash,Walk-in,Van delivery
O004103,2025-09-11,C1786,Wholesale / dealer,V02,Chilli,Nursery bed,9800,1.09,11.7,9432.21,Credit,WhatsApp,Van delivery
O004104,2025-09-11,C1787,Retail farmer,V06,Chilli,Nursery bed,3100,0.96,0.0,2976.0,UPI,Phone call,Self pickup
O004105,2025-09-11,C0351,Retail farmer,V06,Chilli,Pro-tray,1600,1.37,0.0,2192.0,UPI,Walk-in,Self pickup
O004106,2025-09-11,C0650,Retail farmer,V03,Chilli,Nursery bed,1500,1.21,0.0,1815.0,Cash,Phone call,Van delivery
O004107,2025-09-11,C0515,Retail farmer,V01,Chilli,Pro-tray,300,1.64,0.0,492.0,UPI,WhatsApp,Self pickup
O004108,2025-09-11,C0347,Wholesale / dealer,V08,Chilli,Pro-tray,17500,1.63,10.3,25586.92,Cash,Walk-in,Self pickup
O004109,2025-09-11,C1594,Retail farmer,V05,Chilli,Nursery bed,1400,1.17,0.0,1638.0,Cash,Phone call,Van delivery
O004110,2025-09-11,C0239,Retail farmer,V12,Tomato,Pro-tray,600,1.87,0.0,1122.0,UPI,Phone call,Van delivery
O004111,2025-09-11,C1186,Retail farmer,V15,Marigold,Pro-tray,700,1.78,0.0,1246.0,UPI,Walk-in,Self pickup
O004112,2025-09-11,C0891,Home gardener,V14,Marigold,Pro-tray,90,1.92,0.0,172.8,UPI,Walk-in,Self pickup
O004113,2025-09-11,C1788,Home gardener,V14,Marigold,Pro-tray,110,1.87,0.0,205.7,Credit,Phone call,Van delivery
O004114,2025-09-11,C1195,Retail farmer,V15,Marigold,Nursery bed,1000,1.28,0.0,1280.0,UPI,Walk-in,Van delivery
O004115,2025-09-11,C1789,Retail farmer,V16,Tobacco,Nursery bed,8600,0.13,3.2,1082.22,Cash,Phone call,Self pickup
O004116,2025-09-11,C0475,Wholesale / dealer,V16,Tobacco,Nursery bed,41600,0.13,9.8,4878.02,UPI,Walk-in,Self pickup
O004117,2025-09-11,C1790,Retail farmer,V16,Tobacco,Nursery bed,8800,0.12,3.0,1024.32,UPI,Phone call,Self pickup
O004118,2025-09-11,C0931,Wholesale / dealer,V16,Tobacco,Nursery bed,112100,0.13,10.2,13086.55,UPI,WhatsApp,Self pickup
O004119,2025-09-11,C1791,Retail farmer,V16,Tobacco,Nursery bed,5100,0.13,0.5,659.68,Credit,Phone call,Van delivery
O004120,2025-09-12,C1792,Retail farmer,V07,Chilli,Nursery bed,1000,0.91,0.0,910.0,Cash,Phone call,Self pickup
O004121,2025-09-12,C0623,Retail farmer,V05,Chilli,Pro-tray,700,1.66,0.0,1162.0,Cash,Walk-in,Self pickup
O004122,2025-09-12,C1793,Retail farmer,V05,Chilli,Pro-tray,2500,1.69,0.0,4225.0,Credit,Walk-in,Self pickup
O004123,2025-09-12,C1138,Retail farmer,V03,Chilli,Pro-tray,2400,1.78,0.0,4272.0,UPI,Walk-in,Self pickup
O004124,2025-09-12,C0729,Wholesale / dealer,V03,Chilli,Pro-tray,2100,1.69,10.0,3194.1,UPI,Walk-in,Self pickup
O004125,2025-09-12,C1794,Retail farmer,V11,Capsicum,Pro-tray,1900,3.33,0.0,6327.0,Cash,Walk-in,Van delivery
O004126,2025-09-12,C0425,Retail farmer,V11,Capsicum,Pro-tray,800,3.32,0.0,2656.0,UPI,WhatsApp,Self pickup
O004127,2025-09-12,C1795,Home gardener,V12,Tomato,Pro-tray,80,1.84,0.0,147.2,UPI,Walk-in,Self pickup
O004128,2025-09-12,C0416,Retail farmer,V14,Marigold,Nursery bed,400,1.38,0.0,552.0,Cash,Walk-in,Self pickup
O004129,2025-09-12,C1796,Retail farmer,V16,Tobacco,Nursery bed,16700,0.12,3.7,1929.85,Credit,Walk-in,Van delivery
O004130,2025-09-12,C0182,Wholesale / dealer,V16,Tobacco,Nursery bed,22300,0.13,9.8,2614.9,UPI,WhatsApp,Van delivery
O004131,2025-09-12,C0111,Retail farmer,V16,Tobacco,Nursery bed,3500,0.13,0.0,455.0,Credit,Walk-in,Self pickup
O004132,2025-09-13,C1012,Retail farmer,V06,Chilli,Pro-tray,2500,1.34,0.0,3350.0,Cash,WhatsApp,Self pickup
O004133,2025-09-13,C1797,Retail farmer,V01,Chilli,Nursery bed,4500,1.15,0.0,5175.0,Credit,Walk-in,Self pickup
O004134,2025-09-13,C1497,Wholesale / dealer,V05,Chilli,Pro-tray,5100,1.66,8.7,7729.46,Credit,Phone call,Van delivery
O004135,2025-09-13,C1798,Home gardener,V07,Chilli,Pro-tray,140,1.32,0.0,184.8,Cash,Walk-in,Self pickup
O004136,2025-09-13,C1799,Retail farmer,V11,Capsicum,Pro-tray,300,3.44,0.0,1032.0,UPI,Walk-in,Self pickup
O004137,2025-09-13,C1234,Retail farmer,V11,Capsicum,Pro-tray,1000,3.45,0.0,3450.0,Cash,Phone call,Self pickup
O004138,2025-09-13,C0743,Retail farmer,V12,Tomato,Nursery bed,1000,1.33,0.0,1330.0,UPI,Phone call,Self pickup
O004139,2025-09-13,C0862,Retail farmer,V12,Tomato,Pro-tray,700,1.92,0.0,1344.0,UPI,Phone call,Self pickup
O004140,2025-09-13,C1800,Retail farmer,V12,Tomato,Nursery bed,1800,1.35,0.0,2430.0,Cash,Walk-in,Self pickup
O004141,2025-09-13,C1801,Wholesale / dealer,V13,Brinjal,Pro-tray,5300,1.29,9.5,6187.48,UPI,Walk-in,Van delivery
O004142,2025-09-13,C1236,Retail farmer,V14,Marigold,Pro-tray,2100,1.95,0.0,4095.0,Credit,Phone call,Self pickup
O004143,2025-09-13,C1802,Retail farmer,V15,Marigold,Pro-tray,2500,1.83,0.0,4575.0,Cash,Phone call,Self pickup
O004144,2025-09-13,C1803,Retail farmer,V16,Tobacco,Nursery bed,15100,0.13,3.5,1894.29,UPI,WhatsApp,Van delivery
O004145,2025-09-14,C0208,Retail farmer,V03,Chilli,Nursery bed,1900,1.23,0.0,2337.0,Cash,Walk-in,Self pickup
O004146,2025-09-14,C1804,Retail farmer,V03,Chilli,Nursery bed,600,1.22,0.0,732.0,UPI,Walk-in,Self pickup
O004147,2025-09-14,C0066,Wholesale / dealer,V04,Chilli,Pro-tray,11200,1.77,9.3,17980.37,UPI,Walk-in,Van delivery
O004148,2025-09-14,C0758,Wholesale / dealer,V05,Chilli,Pro-tray,16300,1.65,9.8,24259.29,UPI,WhatsApp,Van delivery
O004149,2025-09-14,C1805,Retail farmer,V11,Capsicum,Pro-tray,3300,3.31,0.0,10923.0,Cash,Phone call,Self pickup
O004150,2025-09-14,C1806,Retail farmer,V11,Capsicum,Pro-tray,1000,3.39,0.0,3390.0,Credit,Walk-in,Self pickup
O004151,2025-09-14,C0938,Retail farmer,V12,Tomato,Pro-tray,900,1.88,0.0,1692.0,Cash,Phone call,Van delivery
O004152,2025-09-14,C1807,Retail farmer,V13,Brinjal,Pro-tray,1000,1.28,0.0,1280.0,UPI,Walk-in,Self pickup
O004153,2025-09-14,C1808,Retail farmer,V13,Brinjal,Nursery bed,900,0.84,0.0,756.0,Cash,Walk-in,Self pickup
O004154,2025-09-14,C1809,Retail farmer,V14,Marigold,Nursery bed,2700,1.35,0.0,3645.0,UPI,Phone call,Self pickup
O004155,2025-09-14,C1810,Retail farmer,V15,Marigold,Pro-tray,400,1.78,0.0,712.0,Credit,WhatsApp,Self pickup
O004156,2025-09-14,C0088,Retail farmer,V16,Tobacco,Nursery bed,8000,0.13,0.4,1035.84,Cash,WhatsApp,Self pickup
O004157,2025-09-14,C1811,Retail farmer,V16,Tobacco,Nursery bed,3900,0.12,0.0,468.0,UPI,WhatsApp,Self pickup
O004158,2025-09-14,C1812,Retail farmer,V16,Tobacco,Nursery bed,18800,0.12,2.3,2204.11,Cash,Phone call,Van delivery
O004159,2025-09-15,C0040,Retail farmer,V07,Chilli,Nursery bed,2500,0.92,0.0,2300.0,Cash,Phone call,Self pickup
O004160,2025-09-15,C1813,Retail farmer,V07,Chilli,Pro-tray,800,1.35,0.0,1080.0,Cash,Phone call,Self pickup
O004161,2025-09-15,C0579,Wholesale / dealer,V10,Chilli,Pro-tray,5400,1.45,8.8,7140.96,Cash,Phone call,Van delivery
O004162,2025-09-15,C0303,Retail farmer,V08,Chilli,Nursery bed,1500,1.17,0.0,1755.0,UPI,Walk-in,Self pickup
O004163,2025-09-15,C1814,Retail farmer,V02,Chilli,Pro-tray,900,1.62,0.0,1458.0,UPI,Walk-in,Self pickup
O004164,2025-09-15,C0874,Wholesale / dealer,V01,Chilli,Pro-tray,13600,1.67,10.0,20440.8,UPI,Phone call,Self pickup
O004165,2025-09-15,C1815,Home gardener,V12,Tomato,Pro-tray,20,1.91,0.0,38.2,Cash,WhatsApp,Self pickup
O004166,2025-09-15,C1816,Retail farmer,V12,Tomato,Nursery bed,400,1.34,0.0,536.0,UPI,Walk-in,Self pickup
O004167,2025-09-15,C1817,Retail farmer,V13,Brinjal,Nursery bed,900,0.84,0.0,756.0,Credit,Walk-in,Self pickup
O004168,2025-09-16,C0999,Retail farmer,V03,Chilli,Pro-tray,500,1.71,0.0,855.0,Cash,Walk-in,Van delivery
O004169,2025-09-16,C1818,Retail farmer,V09,Chilli,Pro-tray,3100,1.78,0.0,5518.0,Cash,Walk-in,Self pickup
O004170,2025-09-16,C0590,Retail farmer,V07,Chilli,Nursery bed,500,0.93,0.0,465.0,Cash,Phone call,Self pickup
O004171,2025-09-16,C0491,Retail farmer,V03,Chilli,Pro-tray,1500,1.69,0.0,2535.0,Cash,Walk-in,Self pickup
O004172,2025-09-16,C1494,Retail farmer,V04,Chilli,Nursery bed,1600,1.29,0.0,2064.0,Cash,Phone call,Self pickup
O004173,2025-09-16,C1526,Retail farmer,V07,Chilli,Nursery bed,1000,0.92,0.0,920.0,Credit,Walk-in,Self pickup
O004174,2025-09-16,C0700,Retail farmer,V01,Chilli,Nursery bed,4600,1.16,0.0,5336.0,Cash,Walk-in,Self pickup
O004175,2025-09-16,C1819,Retail farmer,V12,Tomato,Pro-tray,600,1.88,0.0,1128.0,Cash,Walk-in,Van delivery
O004176,2025-09-16,C1820,Retail farmer,V12,Tomato,Pro-tray,1000,1.9,0.0,1900.0,UPI,Walk-in,Self pickup
O004177,2025-09-16,C1821,Retail farmer,V14,Marigold,Pro-tray,900,1.91,0.0,1719.0,Cash,Walk-in,Self pickup
O004178,2025-09-16,C1822,Home gardener,V15,Marigold,Pro-tray,100,1.84,0.0,184.0,UPI,WhatsApp,Self pickup
O004179,2025-09-16,C0824,Retail farmer,V16,Tobacco,Nursery bed,12100,0.12,3.1,1406.99,Cash,Phone call,Van delivery
O004180,2025-09-16,C1677,Retail farmer,V16,Tobacco,Nursery bed,14800,0.13,1.8,1889.37,Cash,Phone call,Van delivery
O004181,2025-09-16,C1379,Retail farmer,V16,Tobacco,Nursery bed,6400,0.12,0.3,765.7,UPI,WhatsApp,Self pickup
O004182,2025-09-16,C1561,Retail farmer,V16,Tobacco,Nursery bed,2900,0.13,0.0,377.0,UPI,Phone call,Self pickup
O004183,2025-09-17,C0701,Retail farmer,V08,Chilli,Pro-tray,2600,1.58,0.0,4108.0,Cash,Walk-in,Self pickup
O004184,2025-09-17,C1823,Retail farmer,V03,Chilli,Nursery bed,700,1.21,0.0,847.0,Cash,Phone call,Self pickup
O004185,2025-09-17,C1429,Retail farmer,V01,Chilli,Nursery bed,5900,1.12,2.6,6436.19,Cash,Walk-in,Van delivery
O004186,2025-09-17,C1824,Retail farmer,V02,Chilli,Nursery bed,1100,1.11,0.0,1221.0,UPI,Phone call,Van delivery
O004187,2025-09-17,C1790,Retail farmer,V12,Tomato,Pro-tray,2900,1.92,0.0,5568.0,Cash,WhatsApp,Self pickup
O004188,2025-09-17,C1825,Home gardener,V12,Tomato,Pro-tray,160,1.89,0.0,302.4,UPI,Walk-in,Self pickup
O004189,2025-09-17,C1826,Retail farmer,V16,Tobacco,Nursery bed,10500,0.13,3.7,1314.5,Credit,Walk-in,Van delivery
O004190,2025-09-17,C0333,Retail farmer,V16,Tobacco,Nursery bed,4900,0.12,0.0,588.0,UPI,WhatsApp,Self pickup
O004191,2025-09-17,C1827,Retail farmer,V16,Tobacco,Nursery bed,6700,0.13,1.3,859.68,Cash,Walk-in,Self pickup
O004192,2025-09-18,C1209,Retail farmer,V12,Tomato,Pro-tray,500,1.86,0.0,930.0,Cash,Phone call,Self pickup
O004193,2025-09-18,C1828,Retail farmer,V12,Tomato,Pro-tray,1400,1.89,0.0,2646.0,Cash,Phone call,Self pickup
O004194,2025-09-18,C1829,Retail farmer,V12,Tomato,Nursery bed,1200,1.3,0.0,1560.0,UPI,Walk-in,Van delivery
O004195,2025-09-19,C0638,Wholesale / dealer,V01,Chilli,Pro-tray,2200,1.59,11.7,3088.73,UPI,Walk-in,Van delivery
O004196,2025-09-19,C0633,Retail farmer,V06,Chilli,Pro-tray,1400,1.37,0.0,1918.0,Cash,WhatsApp,Self pickup
O004197,2025-09-19,C1830,Retail farmer,V03,Chilli,Nursery bed,1900,1.22,0.0,2318.0,Cash,Walk-in,Self pickup
O004198,2025-09-19,C1615,Retail farmer,V05,Chilli,Pro-tray,2600,1.64,0.0,4264.0,UPI,WhatsApp,Self pickup
O004199,2025-09-19,C0626,Wholesale / dealer,V11,Capsicum,Nursery bed,3300,2.5,11.5,7301.25,UPI,Phone call,Self pickup
O004200,2025-09-19,C0688,Retail farmer,V13,Brinjal,Pro-tray,2100,1.25,0.0,2625.0,UPI,Phone call,Self pickup
O004201,2025-09-19,C1831,Retail farmer,V13,Brinjal,Pro-tray,200,1.27,0.0,254.0,UPI,WhatsApp,Self pickup
O004202,2025-09-19,C0301,Retail farmer,V14,Marigold,Pro-tray,400,1.92,0.0,768.0,UPI,Phone call,Self pickup
O004203,2025-09-19,C1709,Retail farmer,V16,Tobacco,Nursery bed,7700,0.12,0.3,921.23,Cash,Phone call,Van delivery
O004204,2025-09-20,C0249,Wholesale / dealer,V09,Chilli,Nursery bed,5400,1.23,8.4,6084.07,Cash,Walk-in,Van delivery
O004205,2025-09-20,C0270,Retail farmer,V03,Chilli,Nursery bed,800,1.19,0.0,952.0,Credit,Walk-in,Self pickup
O004206,2025-09-20,C1577,Retail farmer,V05,Chilli,Nursery bed,1100,1.2,0.0,1320.0,Cash,Walk-in,Self pickup
O004207,2025-09-20,C1832,Retail farmer,V03,Chilli,Nursery bed,1800,1.24,0.0,2232.0,Cash,Phone call,Self pickup
O004208,2025-09-20,C0749,Retail farmer,V11,Capsicum,Pro-tray,600,3.32,0.0,1992.0,Cash,Walk-in,Self pickup
O004209,2025-09-20,C1833,Retail farmer,V12,Tomato,Nursery bed,600,1.29,0.0,774.0,Cash,WhatsApp,Self pickup
O004210,2025-09-20,C1834,Retail farmer,V15,Marigold,Pro-tray,1900,1.78,0.0,3382.0,Cash,WhatsApp,Self pickup
O004211,2025-09-20,C1835,Retail farmer,V15,Marigold,Pro-tray,1600,1.82,0.0,2912.0,UPI,Walk-in,Self pickup
O004212,2025-09-20,C0556,Retail farmer,V16,Tobacco,Nursery bed,8700,0.13,2.6,1101.59,Cash,Phone call,Self pickup
O004213,2025-09-20,C0133,Retail farmer,V16,Tobacco,Nursery bed,9800,0.12,3.3,1137.19,Cash,Walk-in,Van delivery
O004214,2025-09-20,C1397,Wholesale / dealer,V16,Tobacco,Nursery bed,53800,0.13,10.0,6294.6,Credit,Walk-in,Van delivery
O004215,2025-09-20,C1836,Retail farmer,V16,Tobacco,Nursery bed,5100,0.13,0.6,659.02,UPI,WhatsApp,Van delivery
O004216,2025-09-21,C0165,Retail farmer,V07,Chilli,Pro-tray,1800,1.33,0.0,2394.0,UPI,Phone call,Self pickup
O004217,2025-09-21,C0478,Wholesale / dealer,V07,Chilli,Pro-tray,2700,1.34,9.9,3259.82,Credit,WhatsApp,Self pickup
O004218,2025-09-21,C1738,Retail farmer,V03,Chilli,Pro-tray,1100,1.69,0.0,1859.0,Cash,Walk-in,Self pickup
O004219,2025-09-21,C1837,Retail farmer,V02,Chilli,Pro-tray,2900,1.57,0.0,4553.0,UPI,Walk-in,Van delivery
O004220,2025-09-21,C0563,Retail farmer,V01,Chilli,Pro-tray,2100,1.64,0.0,3444.0,UPI,Phone call,Self pickup
O004221,2025-09-21,C1838,Retail farmer,V02,Chilli,Nursery bed,1800,1.09,0.0,1962.0,UPI,Phone call,Self pickup
O004222,2025-09-21,C0915,Wholesale / dealer,V08,Chilli,Nursery bed,6200,1.15,8.6,6516.82,Credit,Phone call,Van delivery
O004223,2025-09-21,C0300,Retail farmer,V11,Capsicum,Pro-tray,600,3.4,0.0,2040.0,Cash,WhatsApp,Self pickup
O004224,2025-09-21,C1011,Retail farmer,V12,Tomato,Nursery bed,1500,1.35,0.0,2025.0,Cash,Walk-in,Self pickup
O004225,2025-09-21,C0478,Wholesale / dealer,V13,Brinjal,Pro-tray,9300,1.29,9.3,10881.28,UPI,Phone call,Van delivery
O004226,2025-09-21,C1839,Retail farmer,V14,Marigold,Nursery bed,800,1.39,0.0,1112.0,UPI,WhatsApp,Self pickup
O004227,2025-09-21,C1840,Retail farmer,V14,Marigold,Pro-tray,1000,1.9,0.0,1900.0,Cash,Walk-in,Self pickup
O004228,2025-09-21,C1039,Wholesale / dealer,V16,Tobacco,Nursery bed,38000,0.12,8.5,4172.4,Credit,WhatsApp,Self pickup
O004229,2025-09-21,C1564,Wholesale / dealer,V16,Tobacco,Nursery bed,30000,0.13,11.1,3467.1,Cash,Walk-in,Self pickup
O004230,2025-09-21,C1841,Retail farmer,V16,Tobacco,Nursery bed,6300,0.12,1.5,744.66,Cash,Walk-in,Self pickup
O004231,2025-09-22,C1096,Retail farmer,V09,Chilli,Nursery bed,5800,1.28,3.2,7186.43,Credit,Phone call,Self pickup
O004232,2025-09-22,C1049,Retail farmer,V04,Chilli,Nursery bed,1200,1.29,0.0,1548.0,Credit,Walk-in,Self pickup
O004233,2025-09-22,C1486,Home gardener,V05,Chilli,Pro-tray,50,1.71,0.0,85.5,Cash,Walk-in,Van delivery
O004234,2025-09-22,C0647,Retail farmer,V03,Chilli,Nursery bed,1800,1.18,0.0,2124.0,UPI,Walk-in,Van delivery
O004235,2025-09-22,C1842,Retail farmer,V02,Chilli,Pro-tray,1400,1.59,0.0,2226.0,UPI,Walk-in,Self pickup
O004236,2025-09-22,C1419,Retail farmer,V09,Chilli,Pro-tray,400,1.78,0.0,712.0,UPI,Phone call,Self pickup
O004237,2025-09-22,C0088,Retail farmer,V12,Tomato,Nursery bed,800,1.33,0.0,1064.0,Cash,Phone call,Van delivery
O004238,2025-09-22,C0381,Retail farmer,V12,Tomato,Pro-tray,700,1.9,0.0,1330.0,Cash,Phone call,Self pickup
O004239,2025-09-22,C1843,Retail farmer,V13,Brinjal,Nursery bed,800,0.83,0.0,664.0,UPI,Walk-in,Self pickup
O004240,2025-09-22,C1844,Wholesale / dealer,V13,Brinjal,Pro-tray,1400,1.23,8.6,1573.91,Credit,Walk-in,Self pickup
O004241,2025-09-22,C1845,Retail farmer,V14,Marigold,Pro-tray,1200,1.91,0.0,2292.0,UPI,Walk-in,Van delivery
O004242,2025-09-22,C0640,Wholesale / dealer,V16,Tobacco,Nursery bed,81000,0.13,8.1,9677.07,Credit,Walk-in,Van delivery
O004243,2025-09-23,C0475,Wholesale / dealer,V01,Chilli,Pro-tray,6600,1.61,11.4,9414.64,Credit,WhatsApp,Van delivery
O004244,2025-09-23,C0004,Retail farmer,V02,Chilli,Nursery bed,3000,1.09,0.0,3270.0,Credit,Walk-in,Self pickup
O004245,2025-09-23,C0441,Retail farmer,V01,Chilli,Pro-tray,1200,1.62,0.0,1944.0,UPI,Walk-in,Self pickup
O004246,2025-09-23,C1799,Retail farmer,V01,Chilli,Pro-tray,1800,1.67,0.0,3006.0,Cash,WhatsApp,Self pickup
O004247,2025-09-23,C1846,Retail farmer,V03,Chilli,Pro-tray,2000,1.75,0.0,3500.0,UPI,Walk-in,Self pickup
O004248,2025-09-23,C1847,Retail farmer,V04,Chilli,Pro-tray,1300,1.83,0.0,2379.0,UPI,Walk-in,Self pickup
O004249,2025-09-23,C0145,Retail farmer,V11,Capsicum,Pro-tray,1000,3.33,0.0,3330.0,Credit,Walk-in,Self pickup
O004250,2025-09-23,C1848,Retail farmer,V11,Capsicum,Pro-tray,500,3.33,0.0,1665.0,UPI,Phone call,Self pickup
O004251,2025-09-23,C1700,Retail farmer,V11,Capsicum,Pro-tray,2700,3.43,0.0,9261.0,UPI,Walk-in,Van delivery
O004252,2025-09-23,C0468,Retail farmer,V12,Tomato,Pro-tray,600,1.93,0.0,1158.0,UPI,Phone call,Self pickup
O004253,2025-09-23,C1849,Retail farmer,V13,Brinjal,Pro-tray,1500,1.29,0.0,1935.0,UPI,Walk-in,Van delivery
O004254,2025-09-23,C1850,Retail farmer,V13,Brinjal,Pro-tray,1000,1.23,0.0,1230.0,Cash,Phone call,Self pickup
O004255,2025-09-23,C1851,Retail farmer,V15,Marigold,Pro-tray,2900,1.76,0.0,5104.0,UPI,Phone call,Self pickup
O004256,2025-09-23,C1852,Home gardener,V14,Marigold,Pro-tray,190,1.88,0.0,357.2,Cash,Walk-in,Self pickup
O004257,2025-09-23,C1020,Wholesale / dealer,V16,Tobacco,Nursery bed,26000,0.13,11.1,3004.82,UPI,WhatsApp,Van delivery
O004258,2025-09-24,C0926,Wholesale / dealer,V05,Chilli,Nursery bed,4700,1.16,10.2,4895.9,Cash,WhatsApp,Self pickup
O004259,2025-09-24,C1844,Wholesale / dealer,V04,Chilli,Nursery bed,8800,1.27,11.7,9868.41,UPI,WhatsApp,Van delivery
O004260,2025-09-24,C1037,Retail farmer,V01,Chilli,Pro-tray,1100,1.63,0.0,1793.0,Cash,Walk-in,Van delivery
O004261,2025-09-24,C1167,Retail farmer,V03,Chilli,Pro-tray,1400,1.77,0.0,2478.0,UPI,Walk-in,Self pickup
O004262,2025-09-24,C1853,Wholesale / dealer,V09,Chilli,Pro-tray,3200,1.74,8.7,5083.58,UPI,Phone call,Self pickup
O004263,2025-09-24,C1854,Retail farmer,V11,Capsicum,Pro-tray,800,3.35,0.0,2680.0,Cash,Walk-in,Self pickup
O004264,2025-09-24,C0720,Retail farmer,V12,Tomato,Pro-tray,400,1.93,0.0,772.0,UPI,Walk-in,Self pickup
O004265,2025-09-24,C1855,Retail farmer,V12,Tomato,Nursery bed,1900,1.29,0.0,2451.0,Cash,Walk-in,Self pickup
O004266,2025-09-24,C1581,Retail farmer,V12,Tomato,Pro-tray,2800,1.89,0.0,5292.0,UPI,WhatsApp,Self pickup
O004267,2025-09-24,C0685,Retail farmer,V12,Tomato,Pro-tray,1400,1.88,0.0,2632.0,Credit,Walk-in,Self pickup
O004268,2025-09-24,C1856,Home gardener,V12,Tomato,Pro-tray,50,1.87,0.0,93.5,UPI,Walk-in,Self pickup
O004269,2025-09-25,C1434,Retail farmer,V08,Chilli,Pro-tray,1400,1.64,0.0,2296.0,UPI,Phone call,Self pickup
O004270,2025-09-25,C1666,Retail farmer,V01,Chilli,Nursery bed,2100,1.15,0.0,2415.0,UPI,Walk-in,Van delivery
O004271,2025-09-25,C1857,Home gardener,V01,Chilli,Pro-tray,110,1.66,0.0,182.6,UPI,Walk-in,Self pickup
O004272,2025-09-25,C0712,Retail farmer,V07,Chilli,Pro-tray,1000,1.35,0.0,1350.0,Cash,Walk-in,Van delivery
O004273,2025-09-25,C1858,Retail farmer,V07,Chilli,Pro-tray,700,1.35,0.0,945.0,UPI,WhatsApp,Van delivery
O004274,2025-09-25,C0016,Retail farmer,V11,Capsicum,Nursery bed,700,2.46,0.0,1722.0,Cash,Walk-in,Self pickup
O004275,2025-09-25,C1859,Retail farmer,V11,Capsicum,Pro-tray,1100,3.32,0.0,3652.0,Cash,Phone call,Self pickup
O004276,2025-09-25,C0503,Wholesale / dealer,V14,Marigold,Nursery bed,8300,1.38,8.6,10468.96,Cash,Walk-in,Van delivery
O004277,2025-09-25,C1823,Retail farmer,V16,Tobacco,Nursery bed,2300,0.13,0.0,299.0,UPI,Walk-in,Self pickup
O004278,2025-09-25,C1860,Retail farmer,V16,Tobacco,Nursery bed,5400,0.12,1.9,635.69,Cash,Phone call,Self pickup
O004279,2025-09-26,C1861,Retail farmer,V08,Chilli,Pro-tray,1300,1.64,0.0,2132.0,UPI,Walk-in,Self pickup
O004280,2025-09-26,C1862,Retail farmer,V07,Chilli,Pro-tray,1300,1.33,0.0,1729.0,Cash,Walk-in,Self pickup
O004281,2025-09-26,C1863,Wholesale / dealer,V01,Chilli,Nursery bed,4200,1.18,10.8,4420.75,Credit,Phone call,Self pickup
O004282,2025-09-26,C1864,Wholesale / dealer,V01,Chilli,Nursery bed,9300,1.13,10.8,9374.03,UPI,Phone call,Van delivery
O004283,2025-09-26,C1541,Retail farmer,V06,Chilli,Nursery bed,1200,0.96,0.0,1152.0,UPI,Walk-in,Self pickup
O004284,2025-09-26,C0068,Wholesale / dealer,V03,Chilli,Pro-tray,11900,1.71,10.1,18293.75,Cash,Walk-in,Self pickup
O004285,2025-09-26,C1865,Home gardener,V12,Tomato,Pro-tray,180,1.86,0.0,334.8,Credit,Phone call,Self pickup
O004286,2025-09-26,C0690,Retail farmer,V13,Brinjal,Nursery bed,500,0.82,0.0,410.0,Credit,Walk-in,Self pickup
O004287,2025-09-26,C0495,Home gardener,V15,Marigold,Pro-tray,190,1.83,0.0,347.7,Credit,Phone call,Self pickup
O004288,2025-09-26,C1866,Retail farmer,V14,Marigold,Pro-tray,2500,1.87,0.0,4675.0,UPI,Walk-in,Self pickup
O004289,2025-09-26,C1867,Retail farmer,V15,Marigold,Nursery bed,1300,1.3,0.0,1690.0,UPI,Walk-in,Self pickup
O004290,2025-09-26,C1868,Wholesale / dealer,V16,Tobacco,Nursery bed,36100,0.13,10.2,4214.31,Credit,Phone call,Van delivery
O004291,2025-09-27,C1833,Retail farmer,V10,Chilli,Pro-tray,1000,1.41,0.0,1410.0,Cash,WhatsApp,Self pickup
O004292,2025-09-27,C1869,Retail farmer,V09,Chilli,Pro-tray,800,1.74,0.0,1392.0,UPI,Walk-in,Self pickup
O004293,2025-09-27,C1870,Retail farmer,V09,Chilli,Nursery bed,1600,1.25,0.0,2000.0,Cash,Walk-in,Van delivery
O004294,2025-09-27,C0621,Retail farmer,V06,Chilli,Pro-tray,1500,1.35,0.0,2025.0,UPI,WhatsApp,Self pickup
O004295,2025-09-27,C1871,Retail farmer,V12,Tomato,Nursery bed,1300,1.32,0.0,1716.0,UPI,Phone call,Self pickup
O004296,2025-09-27,C0363,Wholesale / dealer,V12,Tomato,Nursery bed,8600,1.35,8.6,10611.54,Credit,WhatsApp,Van delivery
O004297,2025-09-27,C1872,Retail farmer,V13,Brinjal,Nursery bed,700,0.84,0.0,588.0,Cash,WhatsApp,Self pickup
O004298,2025-09-27,C0324,Retail farmer,V13,Brinjal,Pro-tray,1100,1.23,0.0,1353.0,UPI,WhatsApp,Self pickup
O004299,2025-09-27,C1238,Retail farmer,V13,Brinjal,Nursery bed,800,0.82,0.0,656.0,UPI,WhatsApp,Van delivery
O004300,2025-09-27,C0111,Retail farmer,V15,Marigold,Pro-tray,300,1.82,0.0,546.0,Cash,WhatsApp,Self pickup
O004301,2025-09-27,C0841,Retail farmer,V16,Tobacco,Nursery bed,8500,0.12,2.1,998.58,Cash,Walk-in,Self pickup
O004302,2025-09-27,C1873,Retail farmer,V16,Tobacco,Nursery bed,1800,0.13,0.0,234.0,Credit,Walk-in,Self pickup
O004303,2025-09-27,C1874,Retail farmer,V16,Tobacco,Nursery bed,4300,0.13,0.0,559.0,Cash,WhatsApp,Self pickup
O004304,2025-09-27,C1875,Wholesale / dealer,V16,Tobacco,Nursery bed,38800,0.12,9.6,4209.02,Credit,Walk-in,Van delivery
O004305,2025-09-28,C1876,Retail farmer,V03,Chilli,Pro-tray,3000,1.76,0.0,5280.0,UPI,Walk-in,Self pickup
O004306,2025-09-28,C1833,Retail farmer,V04,Chilli,Pro-tray,1000,1.75,0.0,1750.0,UPI,Phone call,Self pickup
O004307,2025-09-28,C0902,Retail farmer,V01,Chilli,Nursery bed,1700,1.15,0.0,1955.0,Cash,Phone call,Self pickup
O004308,2025-09-28,C1877,Retail farmer,V01,Chilli,Pro-tray,5200,1.6,0.6,8270.08,Credit,Walk-in,Van delivery
O004309,2025-09-28,C0235,Retail farmer,V05,Chilli,Pro-tray,1300,1.73,0.0,2249.0,Cash,WhatsApp,Self pickup
O004310,2025-09-28,C1456,Retail farmer,V06,Chilli,Pro-tray,300,1.39,0.0,417.0,Credit,Walk-in,Self pickup
O004311,2025-09-28,C1556,Wholesale / dealer,V11,Capsicum,Pro-tray,5800,3.45,9.5,18109.05,Credit,Phone call,Self pickup
O004312,2025-09-28,C1878,Retail farmer,V12,Tomato,Pro-tray,1100,1.94,0.0,2134.0,UPI,WhatsApp,Self pickup
O004313,2025-09-28,C1879,Retail farmer,V13,Brinjal,Pro-tray,700,1.29,0.0,903.0,UPI,Walk-in,Self pickup
O004314,2025-09-28,C1694,Retail farmer,V13,Brinjal,Nursery bed,1400,0.83,0.0,1162.0,Cash,Phone call,Self pickup
O004315,2025-09-28,C1727,Retail farmer,V15,Marigold,Nursery bed,1300,1.32,0.0,1716.0,UPI,Walk-in,Self pickup
O004316,2025-09-28,C1129,Wholesale / dealer,V16,Tobacco,Nursery bed,23700,0.13,10.3,2763.66,Cash,Walk-in,Van delivery
O004317,2025-09-28,C0060,Retail farmer,V16,Tobacco,Nursery bed,12800,0.12,3.5,1482.24,UPI,Walk-in,Van delivery
O004318,2025-09-29,C1313,Retail farmer,V01,Chilli,Pro-tray,1700,1.66,0.0,2822.0,UPI,Phone call,Self pickup
O004319,2025-09-29,C1880,Retail farmer,V07,Chilli,Pro-tray,900,1.29,0.0,1161.0,Cash,Walk-in,Self pickup
O004320,2025-09-29,C0045,Retail farmer,V04,Chilli,Pro-tray,3800,1.78,0.0,6764.0,UPI,WhatsApp,Self pickup
O004321,2025-09-29,C1881,Wholesale / dealer,V08,Chilli,Pro-tray,5000,1.67,8.9,7606.85,UPI,Walk-in,Self pickup
O004322,2025-09-29,C1240,Wholesale / dealer,V04,Chilli,Pro-tray,6600,1.77,9.0,10630.62,UPI,Phone call,Self pickup
O004323,2025-09-29,C1882,Retail farmer,V06,Chilli,Pro-tray,1500,1.33,0.0,1995.0,Cash,Walk-in,Self pickup
O004324,2025-09-29,C0803,Wholesale / dealer,V02,Chilli,Pro-tray,21600,1.54,10.3,29837.81,Cash,Walk-in,Van delivery
O004325,2025-09-29,C0485,Wholesale / dealer,V01,Chilli,Pro-tray,6800,1.59,8.7,9871.36,UPI,Phone call,Van delivery
O004326,2025-09-29,C0415,Retail farmer,V11,Capsicum,Pro-tray,200,3.39,0.0,678.0,Cash,Walk-in,Self pickup
O004327,2025-09-29,C1883,Retail farmer,V12,Tomato,Nursery bed,800,1.28,0.0,1024.0,Cash,Phone call,Van delivery
O004328,2025-09-29,C0402,Retail farmer,V15,Marigold,Pro-tray,1600,1.75,0.0,2800.0,UPI,Phone call,Self pickup
O004329,2025-09-29,C1884,Wholesale / dealer,V16,Tobacco,Nursery bed,35100,0.13,9.5,4129.52,Cash,Phone call,Self pickup
O004330,2025-09-29,C1885,Retail farmer,V16,Tobacco,Nursery bed,11600,0.12,0.3,1387.82,Cash,Walk-in,Van delivery
O004331,2025-09-29,C1886,Retail farmer,V16,Tobacco,Nursery bed,6200,0.13,2.3,787.46,Cash,Walk-in,Self pickup
O004332,2025-09-30,C0892,Wholesale / dealer,V06,Chilli,Nursery bed,26900,0.97,11.9,22987.93,Credit,Walk-in,Van delivery
O004333,2025-09-30,C1887,Home gardener,V05,Chilli,Pro-tray,50,1.66,0.0,83.0,UPI,Walk-in,Van delivery
O004334,2025-09-30,C1888,Retail farmer,V06,Chilli,Nursery bed,800,0.93,0.0,744.0,Cash,Phone call,Self pickup
O004335,2025-09-30,C1771,Retail farmer,V15,Marigold,Nursery bed,700,1.29,0.0,903.0,Cash,Walk-in,Self pickup
O004336,2025-09-30,C1889,Wholesale / dealer,V16,Tobacco,Nursery bed,45800,0.13,11.6,5263.34,Cash,Walk-in,Self pickup
O004337,2025-09-30,C1346,Retail farmer,V16,Tobacco,Nursery bed,18900,0.13,1.4,2422.6,UPI,Phone call,Van delivery
O004338,2025-09-30,C1148,Retail farmer,V16,Tobacco,Nursery bed,6000,0.12,1.7,707.76,Cash,Phone call,Self pickup
O004339,2025-09-30,C1853,Wholesale / dealer,V16,Tobacco,Nursery bed,23800,0.12,9.5,2584.68,UPI,WhatsApp,Self pickup
O004340,2025-10-01,C1677,Retail farmer,V07,Chilli,Nursery bed,2300,0.92,0.0,2116.0,Cash,Phone call,Self pickup
O004341,2025-10-01,C1890,Retail farmer,V04,Chilli,Nursery bed,1600,1.27,0.0,2032.0,Credit,Walk-in,Self pickup
O004342,2025-10-01,C1891,Retail farmer,V09,Chilli,Pro-tray,1000,1.77,0.0,1770.0,UPI,WhatsApp,Self pickup
O004343,2025-10-01,C1892,Retail farmer,V12,Tomato,Pro-tray,600,1.85,0.0,1110.0,UPI,WhatsApp,Self pickup
O004344,2025-10-01,C0185,Retail farmer,V12,Tomato,Nursery bed,800,1.34,0.0,1072.0,Cash,Walk-in,Self pickup
O004345,2025-10-01,C0647,Retail farmer,V13,Brinjal,Pro-tray,1500,1.3,0.0,1950.0,UPI,Walk-in,Self pickup
O004346,2025-10-01,C1893,Retail farmer,V15,Marigold,Pro-tray,700,1.79,0.0,1253.0,UPI,Walk-in,Self pickup
O004347,2025-10-02,C0478,Wholesale / dealer,V01,Chilli,Nursery bed,11800,1.17,11.1,12273.53,Credit,Walk-in,Self pickup
O004348,2025-10-02,C1894,Retail farmer,V06,Chilli,Nursery bed,2400,0.95,0.0,2280.0,Cash,Phone call,Self pickup
O004349,2025-10-02,C0510,Retail farmer,V06,Chilli,Pro-tray,800,1.33,0.0,1064.0,UPI,Walk-in,Self pickup
O004350,2025-10-02,C1895,Wholesale / dealer,V02,Chilli,Pro-tray,2400,1.59,11.6,3373.34,Cash,Walk-in,Self pickup
O004351,2025-10-02,C1840,Retail farmer,V12,Tomato,Pro-tray,1100,1.87,0.0,2057.0,UPI,Phone call,Self pickup
O004352,2025-10-02,C1896,Retail farmer,V12,Tomato,Nursery bed,1300,1.29,0.0,1677.0,UPI,WhatsApp,Van delivery
O004353,2025-10-02,C1897,Retail farmer,V12,Tomato,Nursery bed,1000,1.34,0.0,1340.0,UPI,Walk-in,Self pickup
O004354,2025-10-03,C1898,Retail farmer,V01,Chilli,Pro-tray,1200,1.6,0.0,1920.0,UPI,Walk-in,Self pickup
O004355,2025-10-03,C1829,Retail farmer,V07,Chilli,Pro-tray,900,1.31,0.0,1179.0,Cash,Walk-in,Self pickup
O004356,2025-10-03,C1899,Retail farmer,V05,Chilli,Nursery bed,1300,1.15,0.0,1495.0,UPI,Walk-in,Self pickup
O004357,2025-10-03,C1900,Retail farmer,V11,Capsicum,Pro-tray,1300,3.43,0.0,4459.0,UPI,WhatsApp,Self pickup
O004358,2025-10-03,C1901,Retail farmer,V12,Tomato,Pro-tray,1600,1.88,0.0,3008.0,UPI,Walk-in,Self pickup
O004359,2025-10-03,C1902,Retail farmer,V12,Tomato,Pro-tray,1200,1.87,0.0,2244.0,UPI,Walk-in,Self pickup
O004360,2025-10-03,C0127,Retail farmer,V12,Tomato,Pro-tray,1200,1.94,0.0,2328.0,Cash,WhatsApp,Self pickup
O004361,2025-10-03,C1903,Retail farmer,V13,Brinjal,Nursery bed,1300,0.86,0.0,1118.0,Cash,Phone call,Self pickup
O004362,2025-10-03,C1904,Retail farmer,V13,Brinjal,Nursery bed,500,0.84,0.0,420.0,UPI,Phone call,Self pickup
O004363,2025-10-04,C0842,Retail farmer,V02,Chilli,Pro-tray,2200,1.57,0.0,3454.0,UPI,Walk-in,Self pickup
O004364,2025-10-04,C1905,Retail farmer,V03,Chilli,Pro-tray,1500,1.71,0.0,2565.0,Cash,Phone call,Self pickup
O004365,2025-10-04,C0272,Retail farmer,V12,Tomato,Nursery bed,700,1.32,0.0,924.0,Cash,Walk-in,Self pickup
O004366,2025-10-04,C1376,Retail farmer,V12,Tomato,Pro-tray,1600,1.93,0.0,3088.0,Cash,WhatsApp,Self pickup
O004367,2025-10-04,C0437,Retail farmer,V14,Marigold,Pro-tray,400,1.93,0.0,772.0,UPI,Walk-in,Self pickup
O004368,2025-10-04,C0846,Retail farmer,V16,Tobacco,Nursery bed,10800,0.12,0.3,1292.11,UPI,Phone call,Van delivery
O004369,2025-10-04,C1356,Wholesale / dealer,V16,Tobacco,Nursery bed,21100,0.13,8.1,2520.82,Cash,Walk-in,Van delivery
O004370,2025-10-05,C1844,Wholesale / dealer,V01,Chilli,Pro-tray,7100,1.65,9.4,10613.79,Cash,Walk-in,Van delivery
O004371,2025-10-05,C0392,Retail farmer,V12,Tomato,Pro-tray,1500,1.93,0.0,2895.0,UPI,WhatsApp,Self pickup
O004372,2025-10-05,C1906,Retail farmer,V12,Tomato,Nursery bed,1100,1.31,0.0,1441.0,UPI,Walk-in,Self pickup
O004373,2025-10-05,C1907,Retail farmer,V14,Marigold,Pro-tray,800,1.86,0.0,1488.0,Cash,Walk-in,Self pickup
O004374,2025-10-06,C1668,Wholesale / dealer,V08,Chilli,Nursery bed,5300,1.14,10.9,5383.42,UPI,Phone call,Van delivery
O004375,2025-10-06,C1908,Home gardener,V03,Chilli,Pro-tray,110,1.75,0.0,192.5,UPI,Walk-in,Self pickup
O004376,2025-10-06,C1909,Retail farmer,V01,Chilli,Nursery bed,1300,1.16,0.0,1508.0,UPI,Phone call,Van delivery
O004377,2025-10-06,C1910,Retail farmer,V11,Capsicum,Pro-tray,500,3.3,0.0,1650.0,Cash,Walk-in,Self pickup
O004378,2025-10-06,C1829,Retail farmer,V12,Tomato,Pro-tray,1200,1.94,0.0,2328.0,Cash,WhatsApp,Self pickup
O004379,2025-10-06,C0576,Retail farmer,V13,Brinjal,Pro-tray,1400,1.28,0.0,1792.0,UPI,Walk-in,Self pickup
O004380,2025-10-06,C0950,Retail farmer,V14,Marigold,Pro-tray,1300,1.88,0.0,2444.0,Credit,Phone call,Van delivery
O004381,2025-10-06,C0888,Retail farmer,V14,Marigold,Pro-tray,1500,1.86,0.0,2790.0,UPI,Phone call,Van delivery
O004382,2025-10-06,C1911,Retail farmer,V15,Marigold,Pro-tray,1100,1.79,0.0,1969.0,Cash,Walk-in,Self pickup
O004383,2025-10-07,C0046,Wholesale / dealer,V06,Chilli,Pro-tray,3900,1.38,10.2,4833.04,Cash,WhatsApp,Self pickup
O004384,2025-10-07,C0229,Wholesale / dealer,V02,Chilli,Nursery bed,4000,1.08,8.1,3970.08,UPI,Walk-in,Self pickup
O004385,2025-10-07,C1632,Wholesale / dealer,V05,Chilli,Pro-tray,10300,1.66,8.4,15661.77,UPI,Walk-in,Van delivery
O004386,2025-10-07,C1912,Retail farmer,V06,Chilli,Nursery bed,1000,0.95,0.0,950.0,UPI,Walk-in,Self pickup
O004387,2025-10-07,C1913,Retail farmer,V15,Marigold,Pro-tray,2500,1.8,0.0,4500.0,UPI,Phone call,Self pickup
O004388,2025-10-07,C0562,Retail farmer,V14,Marigold,Nursery bed,900,1.35,0.0,1215.0,UPI,WhatsApp,Self pickup
O004389,2025-10-07,C0752,Retail farmer,V16,Tobacco,Nursery bed,13700,0.13,1.1,1761.41,Cash,Walk-in,Self pickup
O004390,2025-10-07,C1914,Retail farmer,V16,Tobacco,Nursery bed,1800,0.13,0.0,234.0,Cash,Walk-in,Van delivery
O004391,2025-10-08,C1915,Retail farmer,V04,Chilli,Nursery bed,400,1.23,0.0,492.0,Cash,Walk-in,Self pickup
O004392,2025-10-08,C1916,Retail farmer,V03,Chilli,Nursery bed,800,1.17,0.0,936.0,UPI,Walk-in,Self pickup
O004393,2025-10-08,C0772,Retail farmer,V01,Chilli,Nursery bed,1900,1.15,0.0,2185.0,UPI,Phone call,Self pickup
O004394,2025-10-08,C0802,Home gardener,V08,Chilli,Pro-tray,30,1.58,0.0,47.4,UPI,Walk-in,Self pickup
O004395,2025-10-08,C0029,Retail farmer,V11,Capsicum,Pro-tray,700,3.39,0.0,2373.0,UPI,Walk-in,Self pickup
O004396,2025-10-08,C0067,Retail farmer,V12,Tomato,Pro-tray,800,1.91,0.0,1528.0,Cash,Walk-in,Self pickup
O004397,2025-10-08,C1917,Retail farmer,V12,Tomato,Nursery bed,1100,1.33,0.0,1463.0,UPI,Walk-in,Self pickup
O004398,2025-10-08,C1499,Retail farmer,V13,Brinjal,Nursery bed,900,0.86,0.0,774.0,UPI,WhatsApp,Self pickup
O004399,2025-10-08,C0683,Wholesale / dealer,V15,Marigold,Pro-tray,4000,1.8,9.5,6516.0,Credit,WhatsApp,Self pickup
O004400,2025-10-08,C0225,Retail farmer,V14,Marigold,Pro-tray,2000,1.86,0.0,3720.0,Cash,WhatsApp,Van delivery
O004401,2025-10-08,C1918,Retail farmer,V15,Marigold,Pro-tray,1800,1.76,0.0,3168.0,Cash,Walk-in,Self pickup
O004402,2025-10-08,C1919,Retail farmer,V16,Tobacco,Nursery bed,7500,0.13,0.5,970.12,Cash,WhatsApp,Van delivery
O004403,2025-10-09,C0811,Retail farmer,V07,Chilli,Pro-tray,1500,1.33,0.0,1995.0,UPI,Walk-in,Van delivery
O004404,2025-10-09,C1129,Wholesale / dealer,V08,Chilli,Pro-tray,8100,1.67,10.8,12066.08,Credit,Phone call,Van delivery
O004405,2025-10-09,C1920,Home gardener,V05,Chilli,Pro-tray,140,1.65,0.0,231.0,Cash,Walk-in,Self pickup
O004406,2025-10-09,C1741,Retail farmer,V12,Tomato,Nursery bed,4400,1.3,0.0,5720.0,Cash,Phone call,Self pickup
O004407,2025-10-09,C1264,Retail farmer,V12,Tomato,Nursery bed,1600,1.35,0.0,2160.0,Cash,Walk-in,Self pickup
O004408,2025-10-09,C1265,Retail farmer,V13,Brinjal,Nursery bed,1100,0.85,0.0,935.0,Cash,Walk-in,Self pickup
O004409,2025-10-09,C0626,Wholesale / dealer,V16,Tobacco,Nursery bed,30500,0.12,11.7,3231.78,Credit,WhatsApp,Van delivery
O004410,2025-10-09,C1921,Retail farmer,V16,Tobacco,Nursery bed,12000,0.12,1.3,1421.28,Cash,Walk-in,Van delivery
O004411,2025-10-10,C0997,Retail farmer,V09,Chilli,Pro-tray,1100,1.79,0.0,1969.0,UPI,WhatsApp,Self pickup
O004412,2025-10-10,C1676,Retail farmer,V02,Chilli,Pro-tray,2600,1.56,0.0,4056.0,Cash,Phone call,Self pickup
O004413,2025-10-10,C1922,Retail farmer,V07,Chilli,Nursery bed,3000,0.95,0.0,2850.0,Credit,Walk-in,Self pickup
O004414,2025-10-10,C0811,Retail farmer,V10,Chilli,Pro-tray,1100,1.38,0.0,1518.0,Credit,Walk-in,Self pickup
O004415,2025-10-10,C1923,Retail farmer,V12,Tomato,Nursery bed,3100,1.33,0.0,4123.0,UPI,WhatsApp,Self pickup
O004416,2025-10-10,C1924,Home gardener,V14,Marigold,Pro-tray,40,1.86,0.0,74.4,Cash,Walk-in,Self pickup
O004417,2025-10-11,C1409,Wholesale / dealer,V04,Chilli,Pro-tray,7400,1.82,11.6,11905.71,UPI,Walk-in,Van delivery
O004418,2025-10-11,C1216,Wholesale / dealer,V09,Chilli,Nursery bed,6400,1.23,10.9,7013.95,UPI,Walk-in,Van delivery
O004419,2025-10-11,C1925,Home gardener,V05,Chilli,Pro-tray,100,1.67,0.0,167.0,Cash,Walk-in,Self pickup
O004420,2025-10-11,C1926,Retail farmer,V02,Chilli,Pro-tray,3200,1.55,0.0,4960.0,UPI,Phone call,Self pickup
O004421,2025-10-11,C0295,Retail farmer,V12,Tomato,Pro-tray,900,1.87,0.0,1683.0,Credit,Walk-in,Van delivery
O004422,2025-10-11,C1776,Retail farmer,V13,Brinjal,Nursery bed,600,0.83,0.0,498.0,UPI,Phone call,Self pickup
O004423,2025-10-11,C1927,Retail farmer,V14,Marigold,Pro-tray,1900,1.86,0.0,3534.0,Cash,Walk-in,Self pickup
O004424,2025-10-11,C0717,Retail farmer,V15,Marigold,Nursery bed,2800,1.28,0.0,3584.0,UPI,Phone call,Self pickup
O004425,2025-10-12,C1928,Retail farmer,V03,Chilli,Nursery bed,800,1.22,0.0,976.0,UPI,Phone call,Van delivery
O004426,2025-10-12,C1929,Wholesale / dealer,V08,Chilli,Nursery bed,2600,1.19,11.5,2738.19,Cash,Phone call,Self pickup
O004427,2025-10-12,C1930,Retail farmer,V03,Chilli,Pro-tray,600,1.75,0.0,1050.0,Cash,Walk-in,Self pickup
O004428,2025-10-12,C1931,Retail farmer,V09,Chilli,Nursery bed,1500,1.23,0.0,1845.0,UPI,WhatsApp,Self pickup
O004429,2025-10-12,C0855,Retail farmer,V09,Chilli,Pro-tray,1500,1.77,0.0,2655.0,UPI,WhatsApp,Self pickup
O004430,2025-10-12,C0565,Retail farmer,V11,Capsicum,Pro-tray,500,3.43,0.0,1715.0,Cash,Walk-in,Self pickup
O004431,2025-10-12,C0371,Retail farmer,V12,Tomato,Nursery bed,1300,1.28,0.0,1664.0,Cash,Walk-in,Self pickup
O004432,2025-10-12,C1209,Retail farmer,V12,Tomato,Pro-tray,2800,1.85,0.0,5180.0,Cash,Phone call,Self pickup
O004433,2025-10-12,C1455,Retail farmer,V12,Tomato,Pro-tray,2100,1.92,0.0,4032.0,Cash,Phone call,Van delivery
O004434,2025-10-12,C1409,Wholesale / dealer,V14,Marigold,Pro-tray,15400,1.88,10.4,25940.99,Credit,Walk-in,Van delivery
O004435,2025-10-12,C0149,Retail farmer,V14,Marigold,Nursery bed,2000,1.35,0.0,2700.0,UPI,Walk-in,Self pickup
O004436,2025-10-12,C1932,Retail farmer,V14,Marigold,Pro-tray,500,1.94,0.0,970.0,Credit,Walk-in,Self pickup
O004437,2025-10-13,C1933,Wholesale / dealer,V11,Capsicum,Pro-tray,3000,3.29,11.8,8705.34,Cash,Walk-in,Self pickup
O004438,2025-10-13,C1934,Retail farmer,V12,Tomato,Pro-tray,1700,1.94,0.0,3298.0,UPI,WhatsApp,Van delivery
O004439,2025-10-13,C0303,Retail farmer,V13,Brinjal,Nursery bed,600,0.83,0.0,498.0,UPI,Phone call,Self pickup
O004440,2025-10-13,C1201,Retail farmer,V16,Tobacco,Nursery bed,23900,0.12,0.1,2865.13,Cash,Walk-in,Van delivery
O004441,2025-10-14,C1935,Retail farmer,V03,Chilli,Pro-tray,700,1.68,0.0,1176.0,UPI,Walk-in,Self pickup
O004442,2025-10-14,C1243,Retail farmer,V11,Capsicum,Pro-tray,500,3.35,0.0,1675.0,Cash,WhatsApp,Self pickup
O004443,2025-10-14,C0432,Retail farmer,V12,Tomato,Pro-tray,1300,1.92,0.0,2496.0,Cash,Walk-in,Self pickup
O004444,2025-10-14,C1936,Retail farmer,V12,Tomato,Pro-tray,900,1.85,0.0,1665.0,UPI,WhatsApp,Self pickup
O004445,2025-10-14,C1583,Home gardener,V13,Brinjal,Pro-tray,20,1.25,0.0,25.0,Cash,Phone call,Self pickup
O004446,2025-10-14,C1467,Retail farmer,V15,Marigold,Nursery bed,600,1.28,0.0,768.0,Cash,Phone call,Self pickup
O004447,2025-10-14,C1937,Retail farmer,V16,Tobacco,Nursery bed,4600,0.13,0.0,598.0,Cash,Walk-in,Self pickup
O004448,2025-10-15,C1938,Retail farmer,V14,Marigold,Pro-tray,500,1.94,0.0,970.0,Cash,WhatsApp,Self pickup
O004449,2025-10-15,C1001,Retail farmer,V16,Tobacco,Nursery bed,7800,0.13,2.0,993.72,UPI,Walk-in,Van delivery
O004450,2025-10-16,C1939,Retail farmer,V02,Chilli,Nursery bed,2600,1.13,0.0,2938.0,Cash,Walk-in,Self pickup
O004451,2025-10-16,C1940,Retail farmer,V12,Tomato,Pro-tray,1000,1.94,0.0,1940.0,Cash,Walk-in,Self pickup
O004452,2025-10-16,C0089,Retail farmer,V12,Tomato,Nursery bed,1200,1.29,0.0,1548.0,UPI,Phone call,Van delivery
O004453,2025-10-16,C1941,Retail farmer,V12,Tomato,Pro-tray,2100,1.91,0.0,4011.0,UPI,WhatsApp,Self pickup
O004454,2025-10-16,C1942,Retail farmer,V12,Tomato,Pro-tray,1400,1.92,0.0,2688.0,UPI,Walk-in,Self pickup
O004455,2025-10-16,C0946,Retail farmer,V13,Brinjal,Nursery bed,1700,0.83,0.0,1411.0,Cash,Walk-in,Self pickup
O004456,2025-10-16,C1195,Retail farmer,V13,Brinjal,Nursery bed,2200,0.83,0.0,1826.0,UPI,Walk-in,Self pickup
O004457,2025-10-17,C1943,Retail farmer,V08,Chilli,Pro-tray,2200,1.62,0.0,3564.0,UPI,Phone call,Self pickup
O004458,2025-10-17,C1944,Retail farmer,V08,Chilli,Pro-tray,1200,1.63,0.0,1956.0,UPI,WhatsApp,Self pickup
O004459,2025-10-17,C1945,Retail farmer,V04,Chilli,Nursery bed,800,1.23,0.0,984.0,UPI,Walk-in,Self pickup
O004460,2025-10-17,C1946,Retail farmer,V09,Chilli,Pro-tray,2200,1.74,0.0,3828.0,Credit,Walk-in,Self pickup
O004461,2025-10-17,C1947,Retail farmer,V04,Chilli,Nursery bed,800,1.27,0.0,1016.0,Credit,Walk-in,Self pickup
O004462,2025-10-17,C1020,Wholesale / dealer,V07,Chilli,Pro-tray,4200,1.28,8.9,4897.54,Cash,Walk-in,Self pickup
O004463,2025-10-17,C1943,Retail farmer,V07,Chilli,Nursery bed,1500,0.95,0.0,1425.0,Cash,Walk-in,Self pickup
O004464,2025-10-17,C1948,Retail farmer,V10,Chilli,Pro-tray,3300,1.43,0.0,4719.0,Cash,Phone call,Self pickup
O004465,2025-10-17,C0954,Retail farmer,V07,Chilli,Pro-tray,700,1.29,0.0,903.0,Cash,Walk-in,Self pickup
O004466,2025-10-17,C1615,Retail farmer,V11,Capsicum,Pro-tray,300,3.29,0.0,987.0,Cash,WhatsApp,Self pickup
O004467,2025-10-17,C0527,Retail farmer,V11,Capsicum,Pro-tray,1700,3.31,0.0,5627.0,UPI,Phone call,Van delivery
O004468,2025-10-17,C1949,Retail farmer,V11,Capsicum,Pro-tray,700,3.28,0.0,2296.0,Cash,Walk-in,Self pickup
O004469,2025-10-17,C1950,Home gardener,V12,Tomato,Pro-tray,110,1.84,0.0,202.4,Cash,Walk-in,Self pickup
O004470,2025-10-17,C1228,Retail farmer,V13,Brinjal,Nursery bed,1000,0.83,0.0,830.0,Cash,Walk-in,Self pickup
O004471,2025-10-17,C1951,Retail farmer,V14,Marigold,Pro-tray,1000,1.91,0.0,1910.0,UPI,Walk-in,Self pickup
O004472,2025-10-17,C1952,Retail farmer,V16,Tobacco,Nursery bed,12900,0.12,0.2,1544.9,Cash,Walk-in,Van delivery
O004473,2025-10-18,C1612,Retail farmer,V10,Chilli,Nursery bed,1400,1.01,0.0,1414.0,Cash,Phone call,Self pickup
O004474,2025-10-18,C0963,Retail farmer,V01,Chilli,Pro-tray,2000,1.6,0.0,3200.0,UPI,Phone call,Self pickup
O004475,2025-10-18,C1953,Retail farmer,V10,Chilli,Pro-tray,1000,1.42,0.0,1420.0,Cash,Walk-in,Self pickup
O004476,2025-10-18,C1954,Retail farmer,V03,Chilli,Pro-tray,900,1.71,0.0,1539.0,UPI,Phone call,Self pickup
O004477,2025-10-19,C1955,Retail farmer,V08,Chilli,Pro-tray,1500,1.62,0.0,2430.0,Cash,Walk-in,Self pickup
O004478,2025-10-19,C0674,Wholesale / dealer,V09,Chilli,Pro-tray,7800,1.76,11.3,12176.74,Cash,Walk-in,Van delivery
O004479,2025-10-19,C0066,Wholesale / dealer,V11,Capsicum,Pro-tray,8200,3.39,9.7,25101.59,Credit,Phone call,Van delivery
O004480,2025-10-19,C1501,Retail farmer,V12,Tomato,Pro-tray,1500,1.84,0.0,2760.0,Cash,Walk-in,Self pickup
O004481,2025-10-19,C1956,Retail farmer,V12,Tomato,Pro-tray,1000,1.88,0.0,1880.0,UPI,Walk-in,Self pickup
O004482,2025-10-19,C1222,Retail farmer,V12,Tomato,Pro-tray,4200,1.86,0.0,7812.0,Cash,Phone call,Self pickup
O004483,2025-10-19,C1039,Wholesale / dealer,V12,Tomato,Pro-tray,5700,1.9,10.2,9725.34,Cash,Walk-in,Self pickup
O004484,2025-10-19,C0553,Retail farmer,V12,Tomato,Pro-tray,800,1.87,0.0,1496.0,Cash,Walk-in,Self pickup
O004485,2025-10-19,C1957,Retail farmer,V15,Marigold,Pro-tray,3600,1.74,0.0,6264.0,Cash,Walk-in,Self pickup
O004486,2025-10-20,C1958,Retail farmer,V02,Chilli,Nursery bed,2400,1.11,0.0,2664.0,Cash,Walk-in,Self pickup
O004487,2025-10-20,C1959,Retail farmer,V01,Chilli,Pro-tray,1200,1.61,0.0,1932.0,Cash,Walk-in,Self pickup
O004488,2025-10-20,C1960,Retail farmer,V05,Chilli,Pro-tray,1300,1.7,0.0,2210.0,Cash,Walk-in,Self pickup
O004489,2025-10-20,C0309,Retail farmer,V07,Chilli,Pro-tray,300,1.35,0.0,405.0,UPI,Walk-in,Self pickup
O004490,2025-10-20,C1961,Retail farmer,V01,Chilli,Pro-tray,1300,1.6,0.0,2080.0,Cash,Phone call,Self pickup
O004491,2025-10-20,C1962,Retail farmer,V11,Capsicum,Pro-tray,1600,3.34,0.0,5344.0,UPI,Walk-in,Self pickup
O004492,2025-10-20,C1963,Home gardener,V11,Capsicum,Pro-tray,20,3.29,0.0,65.8,UPI,Walk-in,Self pickup
O004493,2025-10-20,C1964,Retail farmer,V11,Capsicum,Pro-tray,1100,3.44,0.0,3784.0,UPI,WhatsApp,Self pickup
O004494,2025-10-20,C1965,Retail farmer,V12,Tomato,Pro-tray,2300,1.84,0.0,4232.0,Credit,Walk-in,Self pickup
O004495,2025-10-20,C1426,Wholesale / dealer,V15,Marigold,Pro-tray,7900,1.82,11.7,12695.77,Credit,WhatsApp,Self pickup
O004496,2025-10-20,C0813,Retail farmer,V15,Marigold,Pro-tray,900,1.76,0.0,1584.0,Cash,Walk-in,Self pickup
O004497,2025-10-21,C1966,Retail farmer,V06,Chilli,Nursery bed,2100,0.95,0.0,1995.0,UPI,WhatsApp,Self pickup
O004498,2025-10-21,C1967,Home gardener,V06,Chilli,Pro-tray,40,1.34,0.0,53.6,UPI,Phone call,Van delivery
O004499,2025-10-21,C1255,Retail farmer,V02,Chilli,Pro-tray,2600,1.58,0.0,4108.0,Cash,WhatsApp,Self pickup
O004500,2025-10-21,C1627,Home gardener,V12,Tomato,Pro-tray,170,1.94,0.0,329.8,UPI,WhatsApp,Self pickup
O004501,2025-10-21,C1968,Retail farmer,V12,Tomato,Pro-tray,1800,1.83,0.0,3294.0,Cash,Phone call,Self pickup
O004502,2025-10-21,C0589,Retail farmer,V13,Brinjal,Pro-tray,1000,1.28,0.0,1280.0,Credit,Phone call,Van delivery
O004503,2025-10-21,C1969,Retail farmer,V14,Marigold,Pro-tray,2100,1.87,0.0,3927.0,Cash,Phone call,Self pickup
O004504,2025-10-21,C1970,Retail farmer,V15,Marigold,Pro-tray,2600,1.73,0.0,4498.0,Cash,Walk-in,Self pickup
O004505,2025-10-22,C1923,Retail farmer,V01,Chilli,Pro-tray,1100,1.66,0.0,1826.0,Cash,Walk-in,Self pickup
O004506,2025-10-22,C1626,Retail farmer,V08,Chilli,Pro-tray,2400,1.62,0.0,3888.0,Cash,Walk-in,Self pickup
O004507,2025-10-22,C1971,Retail farmer,V11,Capsicum,Pro-tray,1500,3.38,0.0,5070.0,UPI,Walk-in,Self pickup
O004508,2025-10-22,C1933,Wholesale / dealer,V11,Capsicum,Pro-tray,3700,3.42,8.6,11565.76,UPI,Phone call,Self pickup
O004509,2025-10-22,C0982,Home gardener,V12,Tomato,Pro-tray,200,1.84,0.0,368.0,Cash,Phone call,Self pickup
O004510,2025-10-22,C0864,Retail farmer,V12,Tomato,Pro-tray,1500,1.91,0.0,2865.0,UPI,Walk-in,Self pickup
O004511,2025-10-22,C1972,Wholesale / dealer,V12,Tomato,Pro-tray,5200,1.94,8.1,9270.87,UPI,Phone call,Self pickup
O004512,2025-10-22,C0355,Retail farmer,V13,Brinjal,Pro-tray,1100,1.22,0.0,1342.0,UPI,Walk-in,Van delivery
O004513,2025-10-22,C1973,Retail farmer,V15,Marigold,Pro-tray,2800,1.79,0.0,5012.0,Cash,Walk-in,Self pickup
O004514,2025-10-22,C1974,Retail farmer,V15,Marigold,Nursery bed,1400,1.3,0.0,1820.0,UPI,Walk-in,Self pickup
O004515,2025-10-22,C1975,Wholesale / dealer,V16,Tobacco,Nursery bed,45500,0.13,9.5,5353.08,Credit,Phone call,Self pickup
O004516,2025-10-22,C1939,Retail farmer,V16,Tobacco,Nursery bed,3000,0.13,0.0,390.0,UPI,WhatsApp,Self pickup
O004517,2025-10-23,C1976,Retail farmer,V07,Chilli,Pro-tray,1300,1.35,0.0,1755.0,Cash,Phone call,Van delivery
O004518,2025-10-23,C0385,Retail farmer,V10,Chilli,Pro-tray,1400,1.44,0.0,2016.0,Cash,Walk-in,Van delivery
O004519,2025-10-23,C1977,Wholesale / dealer,V03,Chilli,Pro-tray,5000,1.77,11.1,7867.65,Cash,Walk-in,Van delivery
O004520,2025-10-23,C1978,Retail farmer,V11,Capsicum,Pro-tray,1000,3.46,0.0,3460.0,UPI,Walk-in,Self pickup
O004521,2025-10-23,C1979,Retail farmer,V11,Capsicum,Pro-tray,1200,3.45,0.0,4140.0,UPI,Phone call,Self pickup
O004522,2025-10-23,C0530,Wholesale / dealer,V12,Tomato,Pro-tray,1600,1.88,8.9,2740.29,UPI,Walk-in,Self pickup
O004523,2025-10-23,C1980,Retail farmer,V16,Tobacco,Nursery bed,18500,0.12,2.5,2164.5,Cash,WhatsApp,Van delivery
O004524,2025-10-24,C0419,Home gardener,V05,Chilli,Pro-tray,40,1.71,0.0,68.4,UPI,Walk-in,Self pickup
O004525,2025-10-24,C1981,Home gardener,V06,Chilli,Pro-tray,120,1.34,0.0,160.8,UPI,WhatsApp,Van delivery
O004526,2025-10-24,C0250,Retail farmer,V11,Capsicum,Pro-tray,800,3.27,0.0,2616.0,UPI,Walk-in,Self pickup
O004527,2025-10-24,C1898,Retail farmer,V12,Tomato,Nursery bed,1200,1.32,0.0,1584.0,Cash,WhatsApp,Self pickup
O004528,2025-10-24,C0131,Retail farmer,V13,Brinjal,Nursery bed,800,0.86,0.0,688.0,Cash,Phone call,Self pickup
O004529,2025-10-24,C0421,Retail farmer,V13,Brinjal,Pro-tray,1100,1.23,0.0,1353.0,UPI,Walk-in,Van delivery
O004530,2025-10-24,C1982,Retail farmer,V15,Marigold,Nursery bed,1500,1.32,0.0,1980.0,UPI,Phone call,Self pickup
O004531,2025-10-24,C1895,Wholesale / dealer,V16,Tobacco,Nursery bed,51300,0.13,9.6,6028.78,UPI,Walk-in,Van delivery
O004532,2025-10-25,C0307,Retail farmer,V01,Chilli,Pro-tray,1900,1.61,0.0,3059.0,Credit,Walk-in,Self pickup
O004533,2025-10-25,C1134,Retail farmer,V05,Chilli,Nursery bed,4700,1.21,0.0,5687.0,UPI,Phone call,Self pickup
O004534,2025-10-25,C0700,Retail farmer,V01,Chilli,Nursery bed,1300,1.14,0.0,1482.0,Cash,Walk-in,Self pickup
O004535,2025-10-25,C1306,Wholesale / dealer,V11,Capsicum,Pro-tray,4200,3.33,9.0,12727.26,Cash,Phone call,Self pickup
O004536,2025-10-25,C1983,Home gardener,V12,Tomato,Pro-tray,140,1.91,0.0,267.4,UPI,Walk-in,Self pickup
O004537,2025-10-25,C1454,Retail farmer,V13,Brinjal,Nursery bed,1200,0.86,0.0,1032.0,Cash,Walk-in,Self pickup
O004538,2025-10-25,C0438,Retail farmer,V15,Marigold,Pro-tray,2100,1.84,0.0,3864.0,Cash,Walk-in,Self pickup
O004539,2025-10-26,C1838,Retail farmer,V07,Chilli,Pro-tray,3600,1.27,0.0,4572.0,Cash,Walk-in,Self pickup
O004540,2025-10-26,C1984,Retail farmer,V06,Chilli,Pro-tray,3900,1.36,0.0,5304.0,Cash,Walk-in,Van delivery
O004541,2025-10-26,C1985,Home gardener,V01,Chilli,Pro-tray,50,1.58,0.0,79.0,UPI,Walk-in,Self pickup
O004542,2025-10-26,C0569,Retail farmer,V01,Chilli,Nursery bed,2000,1.15,0.0,2300.0,UPI,Walk-in,Self pickup
O004543,2025-10-26,C1986,Retail farmer,V12,Tomato,Nursery bed,800,1.34,0.0,1072.0,Cash,Walk-in,Self pickup
O004544,2025-10-26,C0469,Retail farmer,V13,Brinjal,Pro-tray,1200,1.3,0.0,1560.0,Cash,Phone call,Self pickup
O004545,2025-10-27,C0119,Retail farmer,V06,Chilli,Pro-tray,1200,1.34,0.0,1608.0,Cash,Walk-in,Self pickup
O004546,2025-10-27,C1987,Retail farmer,V12,Tomato,Nursery bed,800,1.32,0.0,1056.0,Credit,Phone call,Self pickup
O004547,2025-10-27,C0783,Retail farmer,V14,Marigold,Nursery bed,600,1.37,0.0,822.0,Credit,Walk-in,Self pickup
O004548,2025-10-28,C0454,Retail farmer,V03,Chilli,Pro-tray,6500,1.72,0.1,11168.82,Cash,Phone call,Van delivery
O004549,2025-10-28,C0150,Retail farmer,V01,Chilli,Pro-tray,2700,1.64,0.0,4428.0,Cash,Walk-in,Self pickup
O004550,2025-10-28,C0256,Wholesale / dealer,V07,Chilli,Pro-tray,10700,1.33,10.7,12708.28,UPI,Walk-in,Van delivery
O004551,2025-10-28,C1988,Retail farmer,V12,Tomato,Pro-tray,1000,1.89,0.0,1890.0,UPI,Walk-in,Self pickup
O004552,2025-10-28,C0001,Retail farmer,V12,Tomato,Pro-tray,1400,1.87,0.0,2618.0,Cash,Walk-in,Self pickup
O004553,2025-10-28,C1586,Retail farmer,V12,Tomato,Nursery bed,700,1.34,0.0,938.0,UPI,Walk-in,Self pickup
O004554,2025-10-28,C1989,Retail farmer,V12,Tomato,Pro-tray,500,1.92,0.0,960.0,UPI,Walk-in,Self pickup
O004555,2025-10-28,C1990,Retail farmer,V13,Brinjal,Nursery bed,900,0.84,0.0,756.0,Cash,Walk-in,Self pickup
O004556,2025-10-28,C1991,Retail farmer,V13,Brinjal,Pro-tray,500,1.27,0.0,635.0,Credit,Phone call,Self pickup
O004557,2025-10-28,C1992,Retail farmer,V14,Marigold,Pro-tray,1200,1.89,0.0,2268.0,UPI,WhatsApp,Self pickup
O004558,2025-10-29,C0685,Retail farmer,V08,Chilli,Pro-tray,2000,1.6,0.0,3200.0,Cash,Walk-in,Van delivery
O004559,2025-10-29,C1993,Retail farmer,V01,Chilli,Pro-tray,1600,1.59,0.0,2544.0,UPI,Phone call,Self pickup
O004560,2025-10-29,C0418,Wholesale / dealer,V07,Chilli,Pro-tray,4100,1.35,11.5,4898.48,Cash,Walk-in,Self pickup
O004561,2025-10-29,C1994,Retail farmer,V12,Tomato,Pro-tray,1000,1.85,0.0,1850.0,UPI,Phone call,Self pickup
O004562,2025-10-29,C1995,Retail farmer,V16,Tobacco,Nursery bed,13000,0.12,3.0,1513.2,UPI,Walk-in,Self pickup
O004563,2025-10-30,C1996,Retail farmer,V01,Chilli,Pro-tray,1400,1.66,0.0,2324.0,Credit,Walk-in,Self pickup
O004564,2025-10-30,C0281,Retail farmer,V09,Chilli,Nursery bed,800,1.28,0.0,1024.0,Cash,Phone call,Self pickup
O004565,2025-10-30,C0598,Retail farmer,V03,Chilli,Nursery bed,1600,1.23,0.0,1968.0,Credit,Walk-in,Van delivery
O004566,2025-10-31,C1621,Wholesale / dealer,V08,Chilli,Nursery bed,11700,1.14,11.9,11750.78,Credit,Walk-in,Van delivery
O004567,2025-10-31,C1997,Retail farmer,V01,Chilli,Nursery bed,1000,1.16,0.0,1160.0,UPI,Walk-in,Self pickup
O004568,2025-10-31,C1873,Retail farmer,V11,Capsicum,Pro-tray,800,3.36,0.0,2688.0,Cash,Phone call,Self pickup
O004569,2025-10-31,C1863,Wholesale / dealer,V11,Capsicum,Pro-tray,4100,3.29,11.3,11964.74,Credit,Phone call,Self pickup
O004570,2025-10-31,C1357,Retail farmer,V12,Tomato,Pro-tray,1900,1.9,0.0,3610.0,Credit,WhatsApp,Self pickup
O004571,2025-10-31,C1998,Home gardener,V13,Brinjal,Pro-tray,190,1.29,0.0,245.1,UPI,Walk-in,Van delivery
O004572,2025-10-31,C1999,Retail farmer,V13,Brinjal,Nursery bed,1100,0.83,0.0,913.0,UPI,Walk-in,Self pickup
O004573,2025-10-31,C0147,Retail farmer,V14,Marigold,Nursery bed,1500,1.38,0.0,2070.0,Cash,Phone call,Self pickup
O004574,2025-10-31,C1432,Retail farmer,V16,Tobacco,Nursery bed,11100,0.12,2.0,1305.36,Cash,Phone call,Self pickup
O004575,2025-11-02,C2000,Retail farmer,V03,Chilli,Pro-tray,2600,1.78,0.0,4628.0,Cash,Walk-in,Self pickup
O004576,2025-11-02,C1914,Retail farmer,V01,Chilli,Pro-tray,1300,1.64,0.0,2132.0,UPI,Phone call,Self pickup
O004577,2025-11-02,C2001,Retail farmer,V03,Chilli,Nursery bed,1800,1.23,0.0,2214.0,UPI,Walk-in,Self pickup
O004578,2025-11-02,C1153,Home gardener,V12,Tomato,Pro-tray,30,1.93,0.0,57.9,Cash,WhatsApp,Self pickup
O004579,2025-11-02,C2002,Retail farmer,V13,Brinjal,Nursery bed,900,0.84,0.0,756.0,Cash,Phone call,Self pickup
O004580,2025-11-03,C1905,Retail farmer,V06,Chilli,Nursery bed,3200,0.94,0.0,3008.0,UPI,Walk-in,Self pickup
O004581,2025-11-03,C2003,Retail farmer,V03,Chilli,Pro-tray,900,1.72,0.0,1548.0,UPI,Phone call,Self pickup
O004582,2025-11-03,C2004,Home gardener,V12,Tomato,Pro-tray,110,1.89,0.0,207.9,Cash,WhatsApp,Self pickup
O004583,2025-11-03,C2005,Retail farmer,V12,Tomato,Nursery bed,1500,1.3,0.0,1950.0,Credit,Walk-in,Self pickup
O004584,2025-11-03,C0925,Home gardener,V12,Tomato,Pro-tray,80,1.91,0.0,152.8,Credit,Phone call,Self pickup
O004585,2025-11-04,C2006,Retail farmer,V10,Chilli,Nursery bed,800,1.02,0.0,816.0,UPI,Walk-in,Self pickup
O004586,2025-11-04,C0271,Wholesale / dealer,V02,Chilli,Pro-tray,6000,1.55,11.7,8211.9,Credit,WhatsApp,Self pickup
O004587,2025-11-04,C2007,Retail farmer,V05,Chilli,Pro-tray,3100,1.66,0.0,5146.0,Credit,WhatsApp,Self pickup
O004588,2025-11-04,C0677,Retail farmer,V12,Tomato,Nursery bed,800,1.31,0.0,1048.0,UPI,WhatsApp,Self pickup
O004589,2025-11-04,C0611,Retail farmer,V13,Brinjal,Nursery bed,900,0.86,0.0,774.0,Cash,Walk-in,Self pickup
O004590,2025-11-05,C1564,Wholesale / dealer,V09,Chilli,Nursery bed,6500,1.25,8.7,7418.12,Cash,Walk-in,Van delivery
O004591,2025-11-05,C2008,Retail farmer,V01,Chilli,Pro-tray,4300,1.67,0.0,7181.0,Cash,Walk-in,Self pickup
O004592,2025-11-05,C0608,Retail farmer,V12,Tomato,Pro-tray,600,1.9,0.0,1140.0,Cash,Walk-in,Self pickup
O004593,2025-11-05,C2009,Retail farmer,V15,Marigold,Pro-tray,500,1.74,0.0,870.0,UPI,WhatsApp,Self pickup
O004594,2025-11-06,C0421,Retail farmer,V07,Chilli,Pro-tray,5900,1.29,0.5,7572.94,Cash,Walk-in,Van delivery
O004595,2025-11-06,C0327,Retail farmer,V07,Chilli,Pro-tray,1200,1.31,0.0,1572.0,UPI,WhatsApp,Self pickup
O004596,2025-11-06,C2010,Retail farmer,V01,Chilli,Nursery bed,2700,1.14,0.0,3078.0,UPI,WhatsApp,Self pickup
O004597,2025-11-06,C1519,Wholesale / dealer,V12,Tomato,Pro-tray,2200,1.88,10.4,3705.86,UPI,Walk-in,Van delivery
O004598,2025-11-06,C2011,Retail farmer,V13,Brinjal,Nursery bed,600,0.84,0.0,504.0,UPI,Phone call,Self pickup
O004599,2025-11-07,C0525,Retail farmer,V06,Chilli,Pro-tray,1300,1.34,0.0,1742.0,Cash,Phone call,Self pickup
O004600,2025-11-07,C1767,Wholesale / dealer,V07,Chilli,Pro-tray,6800,1.31,8.6,8141.91,Credit,Walk-in,Van delivery
O004601,2025-11-07,C2012,Retail farmer,V10,Chilli,Pro-tray,1200,1.41,0.0,1692.0,UPI,Walk-in,Self pickup
O004602,2025-11-07,C2013,Retail farmer,V12,Tomato,Pro-tray,2000,1.85,0.0,3700.0,UPI,Walk-in,Van delivery
O004603,2025-11-07,C2014,Retail farmer,V12,Tomato,Pro-tray,2100,1.87,0.0,3927.0,UPI,Walk-in,Self pickup
O004604,2025-11-07,C2015,Retail farmer,V14,Marigold,Pro-tray,600,1.84,0.0,1104.0,Cash,Walk-in,Van delivery
O004605,2025-11-08,C2016,Retail farmer,V10,Chilli,Nursery bed,600,1.01,0.0,606.0,UPI,Phone call,Self pickup
O004606,2025-11-08,C0253,Home gardener,V07,Chilli,Pro-tray,90,1.31,0.0,117.9,Credit,Walk-in,Self pickup
O004607,2025-11-08,C0040,Retail farmer,V12,Tomato,Nursery bed,1100,1.3,0.0,1430.0,UPI,Phone call,Self pickup
O004608,2025-11-08,C2017,Retail farmer,V14,Marigold,Nursery bed,1100,1.33,0.0,1463.0,Cash,Phone call,Self pickup
O004609,2025-11-09,C0221,Retail farmer,V03,Chilli,Pro-tray,800,1.75,0.0,1400.0,UPI,Phone call,Self pickup
O004610,2025-11-09,C2018,Retail farmer,V01,Chilli,Pro-tray,2400,1.62,0.0,3888.0,Cash,Phone call,Self pickup
O004611,2025-11-09,C2019,Retail farmer,V01,Chilli,Pro-tray,900,1.61,0.0,1449.0,UPI,Phone call,Self pickup
O004612,2025-11-09,C2020,Retail farmer,V14,Marigold,Pro-tray,800,1.87,0.0,1496.0,Cash,WhatsApp,Self pickup
O004613,2025-11-10,C1129,Wholesale / dealer,V01,Chilli,Pro-tray,9300,1.58,10.9,13092.35,Credit,Phone call,Self pickup
O004614,2025-11-10,C2021,Retail farmer,V11,Capsicum,Pro-tray,1600,3.37,0.0,5392.0,UPI,Walk-in,Van delivery
O004615,2025-11-10,C2022,Home gardener,V12,Tomato,Pro-tray,110,1.9,0.0,209.0,Cash,Phone call,Self pickup
O004616,2025-11-10,C1385,Retail farmer,V14,Marigold,Pro-tray,800,1.92,0.0,1536.0,Cash,WhatsApp,Van delivery
O004617,2025-11-10,C2023,Wholesale / dealer,V14,Marigold,Pro-tray,10300,1.93,10.2,17851.34,UPI,Walk-in,Van delivery
O004618,2025-11-11,C0181,Retail farmer,V02,Chilli,Pro-tray,1200,1.61,0.0,1932.0,Cash,Walk-in,Self pickup
O004619,2025-11-11,C0638,Wholesale / dealer,V05,Chilli,Pro-tray,9900,1.67,11.9,14565.57,UPI,Phone call,Van delivery
O004620,2025-11-11,C1835,Retail farmer,V11,Capsicum,Pro-tray,1800,3.28,0.0,5904.0,Cash,WhatsApp,Van delivery
O004621,2025-11-11,C0213,Home gardener,V12,Tomato,Pro-tray,80,1.89,0.0,151.2,UPI,Phone call,Self pickup
O004622,2025-11-11,C2024,Retail farmer,V13,Brinjal,Pro-tray,500,1.23,0.0,615.0,UPI,Walk-in,Self pickup
O004623,2025-11-12,C2025,Retail farmer,V01,Chilli,Nursery bed,1200,1.16,0.0,1392.0,Cash,Phone call,Self pickup
O004624,2025-11-12,C2026,Home gardener,V12,Tomato,Pro-tray,100,1.9,0.0,190.0,UPI,Walk-in,Self pickup
O004625,2025-11-12,C2027,Retail farmer,V12,Tomato,Pro-tray,800,1.91,0.0,1528.0,Cash,Walk-in,Van delivery
O004626,2025-11-12,C0723,Retail farmer,V13,Brinjal,Pro-tray,1400,1.29,0.0,1806.0,Cash,Phone call,Self pickup
O004627,2025-11-12,C2028,Retail farmer,V15,Marigold,Pro-tray,1600,1.76,0.0,2816.0,Cash,Walk-in,Self pickup
O004628,2025-11-13,C2029,Retail farmer,V01,Chilli,Pro-tray,1600,1.6,0.0,2560.0,UPI,Walk-in,Self pickup
O004629,2025-11-13,C2030,Retail farmer,V01,Chilli,Pro-tray,1200,1.65,0.0,1980.0,UPI,Walk-in,Self pickup
O004630,2025-11-13,C2031,Retail farmer,V14,Marigold,Pro-tray,900,1.86,0.0,1674.0,UPI,Walk-in,Self pickup
O004631,2025-11-13,C1991,Retail farmer,V15,Marigold,Nursery bed,2400,1.28,0.0,3072.0,UPI,Walk-in,Self pickup
O004632,2025-11-14,C2032,Retail farmer,V03,Chilli,Pro-tray,1600,1.77,0.0,2832.0,UPI,WhatsApp,Self pickup
O004633,2025-11-14,C0694,Retail farmer,V13,Brinjal,Nursery bed,700,0.85,0.0,595.0,UPI,Walk-in,Self pickup
O004634,2025-11-14,C1250,Retail farmer,V14,Marigold,Pro-tray,600,1.9,0.0,1140.0,UPI,Walk-in,Self pickup
O004635,2025-11-15,C2033,Retail farmer,V03,Chilli,Nursery bed,700,1.21,0.0,847.0,Cash,Walk-in,Self pickup
O004636,2025-11-15,C2034,Wholesale / dealer,V12,Tomato,Pro-tray,7400,1.95,10.8,12871.56,UPI,Walk-in,Van delivery
O004637,2025-11-15,C1510,Retail farmer,V12,Tomato,Pro-tray,2300,1.93,0.0,4439.0,UPI,WhatsApp,Self pickup
O004638,2025-11-15,C2035,Retail farmer,V14,Marigold,Pro-tray,300,1.92,0.0,576.0,Cash,Walk-in,Self pickup
O004639,2025-11-16,C1497,Wholesale / dealer,V03,Chilli,Pro-tray,14600,1.77,9.1,23490.38,Credit,WhatsApp,Van delivery
O004640,2025-11-16,C1184,Retail farmer,V11,Capsicum,Pro-tray,700,3.33,0.0,2331.0,Cash,Walk-in,Self pickup
O004641,2025-11-17,C0733,Retail farmer,V07,Chilli,Pro-tray,2500,1.35,0.0,3375.0,UPI,Walk-in,Self pickup
O004642,2025-11-17,C2036,Home gardener,V07,Chilli,Pro-tray,140,1.32,0.0,184.8,Cash,Phone call,Self pickup
O004643,2025-11-17,C1326,Wholesale / dealer,V06,Chilli,Nursery bed,6700,0.93,11.8,5495.74,Credit,Walk-in,Van delivery
O004644,2025-11-17,C2037,Retail farmer,V03,Chilli,Pro-tray,600,1.68,0.0,1008.0,UPI,Phone call,Self pickup
O004645,2025-11-17,C0857,Retail farmer,V11,Capsicum,Pro-tray,700,3.42,0.0,2394.0,Cash,Walk-in,Self pickup
O004646,2025-11-17,C2038,Retail farmer,V12,Tomato,Nursery bed,2400,1.35,0.0,3240.0,UPI,Walk-in,Self pickup
O004647,2025-11-17,C2015,Retail farmer,V12,Tomato,Pro-tray,1700,1.94,0.0,3298.0,Cash,Walk-in,Self pickup
O004648,2025-11-18,C2039,Retail farmer,V01,Chilli,Pro-tray,2500,1.64,0.0,4100.0,Cash,WhatsApp,Self pickup
O004649,2025-11-18,C1604,Retail farmer,V05,Chilli,Pro-tray,3300,1.68,0.0,5544.0,UPI,Walk-in,Self pickup
O004650,2025-11-18,C1530,Retail farmer,V13,Brinjal,Nursery bed,2100,0.85,0.0,1785.0,Credit,WhatsApp,Van delivery
O004651,2025-11-18,C2040,Retail farmer,V13,Brinjal,Nursery bed,900,0.83,0.0,747.0,Cash,Walk-in,Self pickup
O004652,2025-11-19,C2041,Retail farmer,V06,Chilli,Pro-tray,900,1.32,0.0,1188.0,Credit,Walk-in,Self pickup
O004653,2025-11-19,C1663,Retail farmer,V12,Tomato,Pro-tray,500,1.94,0.0,970.0,Cash,Phone call,Self pickup
O004654,2025-11-20,C0908,Wholesale / dealer,V10,Chilli,Pro-tray,2800,1.4,9.0,3567.2,UPI,WhatsApp,Van delivery
O004655,2025-11-20,C1104,Retail farmer,V05,Chilli,Nursery bed,1500,1.18,0.0,1770.0,UPI,Phone call,Self pickup
O004656,2025-11-20,C0765,Retail farmer,V13,Brinjal,Pro-tray,1700,1.25,0.0,2125.0,UPI,Phone call,Self pickup
O004657,2025-11-20,C0522,Wholesale / dealer,V15,Marigold,Nursery bed,14600,1.31,10.8,17060.39,UPI,Walk-in,Self pickup
O004658,2025-11-21,C2042,Retail farmer,V03,Chilli,Pro-tray,800,1.76,0.0,1408.0,Cash,WhatsApp,Self pickup
O004659,2025-11-21,C2043,Retail farmer,V07,Chilli,Pro-tray,900,1.34,0.0,1206.0,Cash,Walk-in,Self pickup
O004660,2025-11-21,C0736,Retail farmer,V03,Chilli,Nursery bed,1300,1.2,0.0,1560.0,Cash,WhatsApp,Van delivery
O004661,2025-11-21,C2044,Retail farmer,V06,Chilli,Pro-tray,2200,1.37,0.0,3014.0,UPI,Phone call,Self pickup
O004662,2025-11-21,C0736,Retail farmer,V12,Tomato,Pro-tray,1800,1.84,0.0,3312.0,Credit,Walk-in,Self pickup
O004663,2025-11-22,C0695,Retail farmer,V12,Tomato,Pro-tray,700,1.86,0.0,1302.0,Credit,Walk-in,Self pickup
O004664,2025-11-22,C1495,Retail farmer,V12,Tomato,Nursery bed,600,1.29,0.0,774.0,Cash,Phone call,Self pickup
O004665,2025-11-23,C0792,Retail farmer,V05,Chilli,Nursery bed,3300,1.21,0.0,3993.0,UPI,Walk-in,Self pickup
O004666,2025-11-23,C0161,Retail farmer,V04,Chilli,Pro-tray,1900,1.8,0.0,3420.0,Cash,Walk-in,Self pickup
O004667,2025-11-24,C2045,Retail farmer,V08,Chilli,Pro-tray,1000,1.67,0.0,1670.0,Cash,Phone call,Self pickup
O004668,2025-11-24,C2046,Home gardener,V07,Chilli,Pro-tray,90,1.32,0.0,118.8,Cash,Phone call,Self pickup
O004669,2025-11-24,C0743,Retail farmer,V07,Chilli,Nursery bed,2300,0.91,0.0,2093.0,Cash,Walk-in,Self pickup
O004670,2025-11-24,C0657,Wholesale / dealer,V01,Chilli,Nursery bed,24900,1.18,9.5,26590.71,Cash,Phone call,Van delivery
O004671,2025-11-24,C2047,Retail farmer,V12,Tomato,Pro-tray,1100,1.93,0.0,2123.0,UPI,Walk-in,Self pickup
O004672,2025-11-24,C0715,Retail farmer,V13,Brinjal,Nursery bed,500,0.83,0.0,415.0,Credit,WhatsApp,Self pickup
O004673,2025-11-25,C2048,Wholesale / dealer,V06,Chilli,Pro-tray,4300,1.35,8.8,5294.16,UPI,WhatsApp,Self pickup
O004674,2025-11-25,C2049,Home gardener,V12,Tomato,Pro-tray,80,1.88,0.0,150.4,UPI,Walk-in,Van delivery
O004675,2025-11-25,C2050,Home gardener,V13,Brinjal,Pro-tray,160,1.27,0.0,203.2,UPI,WhatsApp,Van delivery
O004676,2025-11-25,C1895,Wholesale / dealer,V15,Marigold,Pro-tray,4600,1.78,10.7,7311.88,UPI,WhatsApp,Self pickup
O004677,2025-11-25,C1786,Wholesale / dealer,V14,Marigold,Pro-tray,3800,1.85,11.6,6214.52,Cash,Phone call,Self pickup
O004678,2025-11-26,C2051,Wholesale / dealer,V05,Chilli,Pro-tray,4200,1.71,8.6,6564.35,Credit,Walk-in,Self pickup
O004679,2025-11-26,C1687,Retail farmer,V12,Tomato,Nursery bed,2100,1.28,0.0,2688.0,Cash,Walk-in,Van delivery
O004680,2025-11-26,C0212,Wholesale / dealer,V13,Brinjal,Nursery bed,5500,0.86,8.1,4346.87,Credit,WhatsApp,Self pickup
O004681,2025-11-27,C2052,Retail farmer,V06,Chilli,Nursery bed,2000,0.95,0.0,1900.0,UPI,Walk-in,Van delivery
O004682,2025-11-27,C0951,Retail farmer,V12,Tomato,Nursery bed,2600,1.31,0.0,3406.0,Cash,WhatsApp,Self pickup
O004683,2025-11-27,C1789,Retail farmer,V12,Tomato,Pro-tray,2600,1.9,0.0,4940.0,UPI,Phone call,Self pickup
O004684,2025-11-27,C2053,Home gardener,V12,Tomato,Pro-tray,70,1.86,0.0,130.2,UPI,Walk-in,Self pickup
O004685,2025-11-27,C1660,Retail farmer,V13,Brinjal,Pro-tray,900,1.3,0.0,1170.0,UPI,Phone call,Self pickup
O004686,2025-11-27,C2054,Retail farmer,V13,Brinjal,Pro-tray,800,1.25,0.0,1000.0,Cash,Phone call,Self pickup
O004687,2025-11-28,C0878,Retail farmer,V01,Chilli,Pro-tray,1400,1.65,0.0,2310.0,Cash,Walk-in,Self pickup
O004688,2025-11-28,C2055,Wholesale / dealer,V06,Chilli,Pro-tray,3000,1.38,10.6,3701.16,Credit,WhatsApp,Self pickup
O004689,2025-11-28,C2056,Retail farmer,V11,Capsicum,Pro-tray,400,3.29,0.0,1316.0,Cash,Walk-in,Self pickup
O004690,2025-11-28,C0899,Retail farmer,V12,Tomato,Pro-tray,1500,1.92,0.0,2880.0,Credit,Walk-in,Self pickup
O004691,2025-11-28,C1804,Retail farmer,V12,Tomato,Pro-tray,700,1.84,0.0,1288.0,Cash,Phone call,Self pickup
O004692,2025-11-28,C1748,Retail farmer,V12,Tomato,Pro-tray,1300,1.91,0.0,2483.0,Cash,WhatsApp,Self pickup
O004693,2025-11-28,C2057,Retail farmer,V14,Marigold,Pro-tray,1600,1.89,0.0,3024.0,UPI,Walk-in,Self pickup
O004694,2025-11-29,C2058,Retail farmer,V08,Chilli,Pro-tray,1700,1.64,0.0,2788.0,Cash,Walk-in,Self pickup
O004695,2025-11-29,C2059,Retail farmer,V13,Brinjal,Pro-tray,800,1.26,0.0,1008.0,Cash,Walk-in,Self pickup
O004696,2025-11-30,C2060,Retail farmer,V01,Chilli,Nursery bed,1000,1.14,0.0,1140.0,Cash,Walk-in,Self pickup
O004697,2025-11-30,C2061,Retail farmer,V07,Chilli,Nursery bed,1000,0.95,0.0,950.0,Cash,Walk-in,Self pickup
O004698,2025-11-30,C0180,Retail farmer,V04,Chilli,Pro-tray,200,1.77,0.0,354.0,Cash,Walk-in,Van delivery
O004699,2025-11-30,C0125,Wholesale / dealer,V04,Chilli,Pro-tray,18100,1.82,11.5,29153.67,Cash,Walk-in,Van delivery
O004700,2025-11-30,C2062,Wholesale / dealer,V04,Chilli,Pro-tray,20700,1.77,10.0,32975.1,UPI,Walk-in,Van delivery
O004701,2025-11-30,C0025,Retail farmer,V13,Brinjal,Nursery bed,1100,0.85,0.0,935.0,UPI,Walk-in,Self pickup
O004702,2025-12-01,C1088,Wholesale / dealer,V01,Chilli,Nursery bed,7100,1.17,9.3,7534.45,UPI,WhatsApp,Van delivery
O004703,2025-12-01,C2063,Retail farmer,V10,Chilli,Nursery bed,1600,1.02,0.0,1632.0,UPI,Phone call,Self pickup
O004704,2025-12-01,C2064,Retail farmer,V12,Tomato,Pro-tray,1300,1.85,0.0,2405.0,UPI,WhatsApp,Self pickup
O004705,2025-12-02,C0758,Wholesale / dealer,V01,Chilli,Nursery bed,3800,1.12,10.1,3826.14,Credit,Walk-in,Self pickup
O004706,2025-12-02,C1918,Retail farmer,V11,Capsicum,Pro-tray,800,3.31,0.0,2648.0,Cash,Walk-in,Self pickup
O004707,2025-12-02,C1977,Wholesale / dealer,V12,Tomato,Nursery bed,5500,1.33,9.9,6590.82,Credit,Phone call,Self pickup
O004708,2025-12-03,C2065,Retail farmer,V05,Chilli,Pro-tray,1700,1.72,0.0,2924.0,Cash,WhatsApp,Van delivery
O004709,2025-12-03,C0375,Retail farmer,V12,Tomato,Pro-tray,1300,1.88,0.0,2444.0,UPI,Walk-in,Self pickup
O004710,2025-12-04,C1576,Retail farmer,V12,Tomato,Pro-tray,1600,1.87,0.0,2992.0,Credit,Walk-in,Self pickup
O004711,2025-12-04,C2066,Home gardener,V12,Tomato,Pro-tray,20,1.92,0.0,38.4,UPI,Phone call,Self pickup
O004712,2025-12-04,C0786,Retail farmer,V13,Brinjal,Pro-tray,1200,1.24,0.0,1488.0,Credit,Walk-in,Self pickup
O004713,2025-12-04,C0757,Retail farmer,V13,Brinjal,Nursery bed,1100,0.82,0.0,902.0,Cash,WhatsApp,Self pickup
O004714,2025-12-05,C0064,Retail farmer,V07,Chilli,Pro-tray,600,1.35,0.0,810.0,UPI,Phone call,Self pickup
O004715,2025-12-06,C0746,Home gardener,V03,Chilli,Pro-tray,130,1.75,0.0,227.5,UPI,Walk-in,Self pickup
O004716,2025-12-06,C1612,Retail farmer,V03,Chilli,Pro-tray,700,1.73,0.0,1211.0,Cash,Phone call,Self pickup
O004717,2025-12-06,C2067,Retail farmer,V11,Capsicum,Pro-tray,3100,3.4,0.0,10540.0,Cash,Walk-in,Self pickup
O004718,2025-12-06,C0578,Wholesale / dealer,V13,Brinjal,Pro-tray,3400,1.25,12.0,3740.0,Credit,Phone call,Van delivery
O004719,2025-12-06,C0229,Wholesale / dealer,V15,Marigold,Nursery bed,4300,1.35,9.1,5276.74,Cash,Walk-in,Self pickup
O004720,2025-12-07,C1611,Wholesale / dealer,V01,Chilli,Pro-tray,6500,1.6,10.4,9318.4,UPI,Walk-in,Van delivery
O004721,2025-12-07,C0372,Retail farmer,V04,Chilli,Nursery bed,1500,1.23,0.0,1845.0,UPI,Walk-in,Self pickup
O004722,2025-12-07,C2068,Retail farmer,V12,Tomato,Pro-tray,1100,1.9,0.0,2090.0,Cash,Phone call,Self pickup
O004723,2025-12-07,C2069,Retail farmer,V13,Brinjal,Pro-tray,900,1.24,0.0,1116.0,UPI,Phone call,Self pickup
O004724,2025-12-07,C2070,Retail farmer,V13,Brinjal,Nursery bed,500,0.83,0.0,415.0,UPI,Walk-in,Self pickup
O004725,2025-12-08,C1625,Home gardener,V01,Chilli,Pro-tray,130,1.66,0.0,215.8,UPI,Walk-in,Van delivery
O004726,2025-12-08,C2071,Home gardener,V07,Chilli,Pro-tray,150,1.31,0.0,196.5,Cash,Walk-in,Self pickup
O004727,2025-12-08,C0515,Retail farmer,V03,Chilli,Nursery bed,900,1.19,0.0,1071.0,UPI,Phone call,Self pickup
O004728,2025-12-08,C0351,Retail farmer,V12,Tomato,Pro-tray,1200,1.93,0.0,2316.0,Cash,Walk-in,Self pickup
O004729,2025-12-09,C1607,Retail farmer,V09,Chilli,Pro-tray,1500,1.76,0.0,2640.0,Cash,Walk-in,Self pickup
O004730,2025-12-09,C2072,Retail farmer,V12,Tomato,Nursery bed,1600,1.3,0.0,2080.0,Credit,Walk-in,Van delivery
O004731,2025-12-09,C0228,Retail farmer,V12,Tomato,Nursery bed,1700,1.31,0.0,2227.0,Cash,WhatsApp,Self pickup
O004732,2025-12-09,C2073,Home gardener,V12,Tomato,Pro-tray,150,1.93,0.0,289.5,Cash,Walk-in,Self pickup
O004733,2025-12-11,C1635,Retail farmer,V01,Chilli,Pro-tray,1700,1.66,0.0,2822.0,Cash,Walk-in,Self pickup
O004734,2025-12-11,C2074,Retail farmer,V09,Chilli,Pro-tray,1600,1.81,0.0,2896.0,UPI,WhatsApp,Self pickup
O004735,2025-12-11,C2075,Retail farmer,V13,Brinjal,Pro-tray,1400,1.29,0.0,1806.0,UPI,Phone call,Self pickup
O004736,2025-12-12,C1425,Retail farmer,V12,Tomato,Pro-tray,1200,1.89,0.0,2268.0,UPI,Walk-in,Self pickup
O004737,2025-12-13,C2076,Wholesale / dealer,V06,Chilli,Pro-tray,3900,1.34,8.9,4760.89,Cash,Walk-in,Self pickup
O004738,2025-12-13,C1325,Retail farmer,V03,Chilli,Pro-tray,1000,1.77,0.0,1770.0,Cash,Phone call,Van delivery
O004739,2025-12-13,C0785,Retail farmer,V01,Chilli,Nursery bed,700,1.15,0.0,805.0,UPI,WhatsApp,Self pickup
O004740,2025-12-13,C2077,Retail farmer,V12,Tomato,Pro-tray,1400,1.9,0.0,2660.0,UPI,Walk-in,Self pickup
O004741,2025-12-13,C0182,Wholesale / dealer,V13,Brinjal,Nursery bed,7700,0.84,10.3,5801.8,UPI,WhatsApp,Self pickup
O004742,2025-12-13,C1777,Wholesale / dealer,V13,Brinjal,Nursery bed,2000,0.86,9.2,1561.76,UPI,Walk-in,Self pickup
O004743,2025-12-14,C1895,Wholesale / dealer,V07,Chilli,Pro-tray,6000,1.28,9.2,6973.44,Cash,Phone call,Self pickup
O004744,2025-12-14,C0383,Retail farmer,V14,Marigold,Pro-tray,1000,1.86,0.0,1860.0,Cash,Walk-in,Self pickup
O004745,2025-12-15,C0691,Retail farmer,V12,Tomato,Pro-tray,600,1.87,0.0,1122.0,Cash,Walk-in,Self pickup
O004746,2025-12-16,C0663,Retail farmer,V01,Chilli,Pro-tray,1200,1.61,0.0,1932.0,Cash,Phone call,Self pickup
O004747,2025-12-16,C2078,Retail farmer,V08,Chilli,Pro-tray,2300,1.59,0.0,3657.0,UPI,Phone call,Self pickup
O004748,2025-12-16,C1927,Retail farmer,V13,Brinjal,Pro-tray,500,1.23,0.0,615.0,UPI,Phone call,Self pickup
O004749,2025-12-17,C2079,Retail farmer,V04,Chilli,Pro-tray,800,1.8,0.0,1440.0,Cash,Walk-in,Self pickup
O004750,2025-12-17,C2080,Retail farmer,V02,Chilli,Nursery bed,2400,1.13,0.0,2712.0,UPI,WhatsApp,Van delivery
O004751,2025-12-17,C2081,Retail farmer,V07,Chilli,Pro-tray,1100,1.31,0.0,1441.0,Cash,Walk-in,Self pickup
O004752,2025-12-17,C2082,Retail farmer,V01,Chilli,Pro-tray,1400,1.6,0.0,2240.0,Credit,Walk-in,Self pickup
O004753,2025-12-17,C2083,Wholesale / dealer,V02,Chilli,Nursery bed,13800,1.11,10.9,13648.34,UPI,WhatsApp,Van delivery
O004754,2025-12-17,C1986,Retail farmer,V08,Chilli,Nursery bed,1400,1.15,0.0,1610.0,Cash,Phone call,Self pickup
O004755,2025-12-17,C2084,Retail farmer,V01,Chilli,Pro-tray,3400,1.67,0.0,5678.0,Cash,WhatsApp,Self pickup
O004756,2025-12-17,C2085,Wholesale / dealer,V12,Tomato,Pro-tray,3300,1.85,9.3,5537.24,Credit,Phone call,Self pickup
O004757,2025-12-17,C2086,Retail farmer,V12,Tomato,Pro-tray,1800,1.94,0.0,3492.0,Cash,Walk-in,Self pickup
O004758,2025-12-17,C0945,Retail farmer,V13,Brinjal,Nursery bed,1000,0.82,0.0,820.0,Cash,WhatsApp,Self pickup
O004759,2025-12-17,C2087,Home gardener,V15,Marigold,Pro-tray,130,1.75,0.0,227.5,Cash,Walk-in,Self pickup
O004760,2025-12-17,C0758,Wholesale / dealer,V14,Marigold,Pro-tray,6800,1.88,11.8,11275.49,UPI,Phone call,Van delivery
O004761,2025-12-17,C0542,Retail farmer,V14,Marigold,Pro-tray,1500,1.9,0.0,2850.0,UPI,Walk-in,Self pickup
O004762,2025-12-18,C2088,Retail farmer,V14,Marigold,Nursery bed,800,1.32,0.0,1056.0,UPI,WhatsApp,Self pickup
O004763,2025-12-19,C1681,Wholesale / dealer,V07,Chilli,Nursery bed,1600,0.95,8.6,1389.28,Credit,Phone call,Van delivery
O004764,2025-12-19,C2089,Retail farmer,V02,Chilli,Pro-tray,1800,1.54,0.0,2772.0,Credit,Walk-in,Self pickup
O004765,2025-12-19,C1400,Retail farmer,V07,Chilli,Pro-tray,3400,1.34,0.0,4556.0,Cash,Walk-in,Self pickup
O004766,2025-12-19,C1402,Retail farmer,V12,Tomato,Pro-tray,1100,1.9,0.0,2090.0,UPI,Phone call,Van delivery
O004767,2025-12-19,C1512,Retail farmer,V15,Marigold,Nursery bed,600,1.32,0.0,792.0,UPI,Phone call,Self pickup
O004768,2025-12-20,C2090,Retail farmer,V02,Chilli,Nursery bed,700,1.11,0.0,777.0,Cash,Walk-in,Self pickup
O004769,2025-12-20,C2091,Retail farmer,V09,Chilli,Pro-tray,2400,1.74,0.0,4176.0,Credit,Phone call,Self pickup
O004770,2025-12-21,C2092,Retail farmer,V07,Chilli,Nursery bed,1300,0.93,0.0,1209.0,UPI,WhatsApp,Self pickup
O004771,2025-12-21,C2093,Retail farmer,V04,Chilli,Nursery bed,3300,1.24,0.0,4092.0,Cash,Walk-in,Self pickup
O004772,2025-12-21,C1527,Wholesale / dealer,V02,Chilli,Nursery bed,3100,1.08,10.6,2993.11,Credit,Phone call,Self pickup
O004773,2025-12-21,C1061,Retail farmer,V12,Tomato,Nursery bed,1600,1.28,0.0,2048.0,Cash,Walk-in,Self pickup
O004774,2025-12-22,C1175,Retail farmer,V12,Tomato,Pro-tray,600,1.85,0.0,1110.0,Credit,Phone call,Self pickup
O004775,2025-12-22,C2094,Retail farmer,V13,Brinjal,Pro-tray,1100,1.3,0.0,1430.0,Cash,Walk-in,Self pickup
O004776,2025-12-23,C2095,Retail farmer,V04,Chilli,Nursery bed,500,1.29,0.0,645.0,Credit,Phone call,Van delivery
O004777,2025-12-23,C0401,Retail farmer,V13,Brinjal,Nursery bed,1400,0.85,0.0,1190.0,UPI,WhatsApp,Self pickup
O004778,2025-12-24,C1970,Retail farmer,V01,Chilli,Pro-tray,1900,1.62,0.0,3078.0,Cash,Phone call,Self pickup
O004779,2025-12-24,C2096,Retail farmer,V02,Chilli,Nursery bed,1100,1.09,0.0,1199.0,Cash,Walk-in,Self pickup
O004780,2025-12-24,C1582,Retail farmer,V02,Chilli,Pro-tray,1200,1.6,0.0,1920.0,Credit,WhatsApp,Self pickup
O004781,2025-12-24,C1408,Retail farmer,V11,Capsicum,Pro-tray,800,3.27,0.0,2616.0,Credit,Phone call,Self pickup
O004782,2025-12-25,C0031,Retail farmer,V01,Chilli,Pro-tray,1500,1.67,0.0,2505.0,UPI,Walk-in,Self pickup
O004783,2025-12-25,C1265,Retail farmer,V12,Tomato,Pro-tray,1100,1.91,0.0,2101.0,Cash,Walk-in,Self pickup
O004784,2025-12-25,C1323,Retail farmer,V12,Tomato,Pro-tray,600,1.83,0.0,1098.0,UPI,Walk-in,Self pickup
O004785,2025-12-25,C2097,Retail farmer,V12,Tomato,Nursery bed,1100,1.3,0.0,1430.0,Credit,Walk-in,Self pickup
O004786,2025-12-26,C0010,Home gardener,V03,Chilli,Pro-tray,170,1.77,0.0,300.9,Credit,Walk-in,Self pickup
O004787,2025-12-26,C2098,Retail farmer,V03,Chilli,Pro-tray,1300,1.74,0.0,2262.0,Credit,WhatsApp,Self pickup
O004788,2025-12-26,C1510,Retail farmer,V12,Tomato,Pro-tray,900,1.88,0.0,1692.0,UPI,Walk-in,Van delivery
O004789,2025-12-26,C0234,Retail farmer,V13,Brinjal,Pro-tray,400,1.24,0.0,496.0,UPI,Walk-in,Self pickup
O004790,2025-12-27,C1037,Retail farmer,V04,Chilli,Nursery bed,2600,1.28,0.0,3328.0,UPI,Walk-in,Self pickup
O004791,2025-12-27,C1915,Retail farmer,V07,Chilli,Pro-tray,2300,1.3,0.0,2990.0,UPI,Walk-in,Self pickup
O004792,2025-12-28,C2099,Retail farmer,V04,Chilli,Pro-tray,2400,1.74,0.0,4176.0,Cash,Walk-in,Self pickup
O004793,2025-12-28,C2100,Home gardener,V12,Tomato,Pro-tray,140,1.9,0.0,266.0,Cash,Walk-in,Van delivery
O004794,2025-12-30,C0940,Retail farmer,V03,Chilli,Pro-tray,1700,1.73,0.0,2941.0,UPI,Walk-in,Self pickup
O004795,2025-12-30,C1148,Retail farmer,V12,Tomato,Pro-tray,1100,1.93,0.0,2123.0,UPI,Phone call,Self pickup
O004796,2025-12-31,C2101,Retail farmer,V03,Chilli,Nursery bed,600,1.18,0.0,708.0,UPI,Walk-in,Self pickup
O004797,2025-12-31,C2102,Wholesale / dealer,V13,Brinjal,Pro-tray,5500,1.27,9.8,6300.47,Credit,Walk-in,Van delivery
O004798,2026-01-01,C1517,Wholesale / dealer,V08,Chilli,Pro-tray,3700,1.66,11.3,5447.95,UPI,WhatsApp,Self pickup
O004799,2026-01-01,C0686,Retail farmer,V07,Chilli,Pro-tray,2400,1.39,0.0,3336.0,Cash,Walk-in,Self pickup
O004800,2026-01-01,C1188,Retail farmer,V11,Capsicum,Pro-tray,800,3.46,0.0,2768.0,UPI,WhatsApp,Self pickup
O004801,2026-01-01,C2103,Wholesale / dealer,V13,Brinjal,Nursery bed,3100,0.9,11.6,2466.36,Credit,Phone call,Self pickup
O004802,2026-01-01,C0845,Retail farmer,V13,Brinjal,Pro-tray,1300,1.32,0.0,1716.0,UPI,WhatsApp,Self pickup
O004803,2026-01-01,C2064,Retail farmer,V15,Marigold,Nursery bed,3400,1.36,0.0,4624.0,UPI,Phone call,Van delivery
O004804,2026-01-02,C2104,Wholesale / dealer,V15,Marigold,Pro-tray,6200,1.89,10.7,10464.17,UPI,Phone call,Van delivery
O004805,2026-01-03,C2105,Home gardener,V07,Chilli,Pro-tray,140,1.35,0.0,189.0,UPI,Walk-in,Self pickup
O004806,2026-01-03,C0553,Retail farmer,V12,Tomato,Nursery bed,900,1.41,0.0,1269.0,UPI,Walk-in,Self pickup
O004807,2026-01-04,C2106,Retail farmer,V13,Brinjal,Pro-tray,500,1.29,0.0,645.0,Credit,Walk-in,Self pickup
O004808,2026-01-04,C2107,Retail farmer,V15,Marigold,Pro-tray,900,1.87,0.0,1683.0,UPI,Walk-in,Self pickup
O004809,2026-01-06,C2108,Retail farmer,V07,Chilli,Pro-tray,1900,1.41,0.0,2679.0,UPI,WhatsApp,Self pickup
O004810,2026-01-06,C2109,Retail farmer,V02,Chilli,Pro-tray,600,1.62,0.0,972.0,UPI,Phone call,Self pickup
O004811,2026-01-06,C2005,Retail farmer,V03,Chilli,Pro-tray,2500,1.85,0.0,4625.0,Cash,WhatsApp,Self pickup
O004812,2026-01-06,C0820,Retail farmer,V11,Capsicum,Pro-tray,1000,3.55,0.0,3550.0,Credit,Walk-in,Self pickup
O004813,2026-01-06,C0460,Retail farmer,V12,Tomato,Pro-tray,3200,2.02,0.0,6464.0,UPI,Phone call,Self pickup
O004814,2026-01-06,C1973,Retail farmer,V13,Brinjal,Pro-tray,600,1.33,0.0,798.0,Cash,Walk-in,Self pickup
O004815,2026-01-06,C2110,Retail farmer,V14,Marigold,Pro-tray,700,1.93,0.0,1351.0,Credit,Walk-in,Self pickup
O004816,2026-01-06,C0472,Retail farmer,V14,Marigold,Pro-tray,800,1.97,0.0,1576.0,Cash,Phone call,Self pickup
O004817,2026-01-07,C1894,Retail farmer,V09,Chilli,Pro-tray,1400,1.91,0.0,2674.0,UPI,WhatsApp,Self pickup
O004818,2026-01-07,C2111,Retail farmer,V15,Marigold,Pro-tray,900,1.83,0.0,1647.0,Credit,WhatsApp,Self pickup
O004819,2026-01-08,C0757,Retail farmer,V11,Capsicum,Pro-tray,400,3.47,0.0,1388.0,UPI,Phone call,Self pickup
O004820,2026-01-09,C0513,Retail farmer,V10,Chilli,Nursery bed,1600,1.07,0.0,1712.0,Cash,Walk-in,Self pickup
O004821,2026-01-10,C2071,Home gardener,V10,Chilli,Pro-tray,110,1.46,0.0,160.6,Credit,Walk-in,Self pickup
O004822,2026-01-10,C2112,Retail farmer,V11,Capsicum,Pro-tray,900,3.47,0.0,3123.0,Cash,Walk-in,Self pickup
O004823,2026-01-10,C2113,Retail farmer,V13,Brinjal,Pro-tray,1300,1.35,0.0,1755.0,Cash,Walk-in,Self pickup
O004824,2026-01-11,C2114,Retail farmer,V12,Tomato,Pro-tray,900,1.99,0.0,1791.0,Cash,Phone call,Self pickup
O004825,2026-01-12,C0958,Retail farmer,V01,Chilli,Pro-tray,1300,1.74,0.0,2262.0,UPI,Walk-in,Self pickup
O004826,2026-01-12,C2115,Retail farmer,V12,Tomato,Pro-tray,1200,1.93,0.0,2316.0,UPI,Walk-in,Self pickup
O004827,2026-01-12,C1010,Retail farmer,V13,Brinjal,Pro-tray,400,1.3,0.0,520.0,UPI,WhatsApp,Self pickup
O004828,2026-01-13,C1797,Retail farmer,V03,Chilli,Pro-tray,1000,1.8,0.0,1800.0,Cash,Walk-in,Self pickup
O004829,2026-01-13,C1362,Wholesale / dealer,V01,Chilli,Pro-tray,8200,1.74,10.9,12712.79,UPI,Phone call,Van delivery
O004830,2026-01-13,C1977,Wholesale / dealer,V13,Brinjal,Nursery bed,4800,0.9,10.9,3849.12,UPI,WhatsApp,Self pickup
O004831,2026-01-14,C2116,Wholesale / dealer,V09,Chilli,Pro-tray,3200,1.85,10.1,5322.08,Credit,WhatsApp,Self pickup
O004832,2026-01-14,C0707,Retail farmer,V03,Chilli,Pro-tray,1300,1.82,0.0,2366.0,Cash,Phone call,Self pickup
O004833,2026-01-14,C0501,Wholesale / dealer,V06,Chilli,Nursery bed,4900,0.99,10.6,4336.79,Credit,WhatsApp,Self pickup
O004834,2026-01-15,C2117,Retail farmer,V09,Chilli,Pro-tray,2200,1.84,0.0,4048.0,Cash,Walk-in,Self pickup
O004835,2026-01-15,C0247,Retail farmer,V06,Chilli,Nursery bed,600,1.01,0.0,606.0,UPI,Walk-in,Van delivery
O004836,2026-01-15,C2118,Retail farmer,V12,Tomato,Pro-tray,1300,2.03,0.0,2639.0,Cash,Walk-in,Self pickup
O004837,2026-01-16,C2119,Wholesale / dealer,V08,Chilli,Pro-tray,4700,1.67,8.1,7213.23,Cash,Walk-in,Self pickup
O004838,2026-01-16,C2120,Retail farmer,V12,Tomato,Pro-tray,1100,2.01,0.0,2211.0,Cash,WhatsApp,Self pickup
O004839,2026-01-16,C1146,Retail farmer,V13,Brinjal,Pro-tray,1100,1.33,0.0,1463.0,UPI,Phone call,Van delivery
O004840,2026-01-17,C0503,Wholesale / dealer,V03,Chilli,Nursery bed,3100,1.23,9.9,3435.51,UPI,WhatsApp,Self pickup
O004841,2026-01-17,C0167,Wholesale / dealer,V03,Chilli,Nursery bed,4500,1.29,9.6,5247.72,Credit,Walk-in,Self pickup
O004842,2026-01-17,C2121,Retail farmer,V03,Chilli,Pro-tray,2900,1.81,0.0,5249.0,UPI,Phone call,Self pickup
O004843,2026-01-17,C2122,Retail farmer,V12,Tomato,Pro-tray,900,1.96,0.0,1764.0,UPI,Phone call,Self pickup
O004844,2026-01-18,C2123,Wholesale / dealer,V09,Chilli,Pro-tray,9000,1.82,9.1,14889.42,Cash,Walk-in,Self pickup
O004845,2026-01-19,C2124,Retail farmer,V12,Tomato,Pro-tray,900,1.94,0.0,1746.0,UPI,Phone call,Self pickup
O004846,2026-01-20,C0236,Retail farmer,V09,Chilli,Pro-tray,1600,1.83,0.0,2928.0,Cash,WhatsApp,Self pickup
O004847,2026-01-20,C1776,Retail farmer,V11,Capsicum,Pro-tray,1800,3.47,0.0,6246.0,Cash,Walk-in,Self pickup
O004848,2026-01-20,C2125,Retail farmer,V12,Tomato,Pro-tray,1400,2.02,0.0,2828.0,Cash,Walk-in,Van delivery
O004849,2026-01-20,C0735,Home gardener,V12,Tomato,Pro-tray,110,2.03,0.0,223.3,UPI,Walk-in,Self pickup
O004850,2026-01-20,C0532,Retail farmer,V13,Brinjal,Pro-tray,600,1.32,0.0,792.0,Credit,Walk-in,Self pickup
O004851,2026-01-21,C2126,Home gardener,V09,Chilli,Pro-tray,190,1.82,0.0,345.8,UPI,Phone call,Van delivery
O004852,2026-01-22,C2127,Retail farmer,V12,Tomato,Pro-tray,2500,1.94,0.0,4850.0,UPI,Phone call,Self pickup
O004853,2026-01-22,C2128,Retail farmer,V13,Brinjal,Pro-tray,1700,1.35,0.0,2295.0,Credit,Walk-in,Self pickup
O004854,2026-01-22,C0835,Retail farmer,V13,Brinjal,Nursery bed,600,0.88,0.0,528.0,UPI,WhatsApp,Self pickup
O004855,2026-01-23,C0642,Retail farmer,V01,Chilli,Pro-tray,700,1.69,0.0,1183.0,Credit,WhatsApp,Self pickup
O004856,2026-01-23,C0951,Retail farmer,V13,Brinjal,Pro-tray,700,1.34,0.0,938.0,UPI,Phone call,Self pickup
O004857,2026-01-24,C2129,Retail farmer,V07,Chilli,Nursery bed,800,0.98,0.0,784.0,Cash,Walk-in,Self pickup
O004858,2026-01-24,C1471,Wholesale / dealer,V07,Chilli,Pro-tray,11900,1.38,10.1,14763.38,Credit,Phone call,Van delivery
O004859,2026-01-24,C2130,Home gardener,V15,Marigold,Pro-tray,170,1.84,0.0,312.8,Cash,Walk-in,Self pickup
O004860,2026-01-25,C1077,Retail farmer,V03,Chilli,Pro-tray,2200,1.83,0.0,4026.0,Credit,Walk-in,Self pickup
O004861,2026-01-25,C2057,Retail farmer,V09,Chilli,Pro-tray,600,1.9,0.0,1140.0,Cash,WhatsApp,Self pickup
O004862,2026-01-26,C1611,Wholesale / dealer,V09,Chilli,Nursery bed,4200,1.3,10.8,4870.32,UPI,Walk-in,Self pickup
O004863,2026-01-26,C0764,Retail farmer,V13,Brinjal,Pro-tray,400,1.36,0.0,544.0,UPI,WhatsApp,Self pickup
O004864,2026-01-27,C2131,Retail farmer,V05,Chilli,Pro-tray,1100,1.76,0.0,1936.0,UPI,WhatsApp,Self pickup
O004865,2026-01-27,C0142,Retail farmer,V09,Chilli,Pro-tray,2700,1.9,0.0,5130.0,Cash,Phone call,Self pickup
O004866,2026-01-27,C2132,Retail farmer,V12,Tomato,Nursery bed,800,1.39,0.0,1112.0,UPI,Phone call,Self pickup
O004867,2026-01-27,C2133,Retail farmer,V13,Brinjal,Pro-tray,900,1.34,0.0,1206.0,UPI,Phone call,Van delivery
O004868,2026-01-28,C2134,Retail farmer,V05,Chilli,Pro-tray,800,1.79,0.0,1432.0,Cash,Walk-in,Van delivery
O004869,2026-01-28,C1700,Retail farmer,V12,Tomato,Pro-tray,1300,1.98,0.0,2574.0,UPI,WhatsApp,Self pickup
O004870,2026-01-28,C2135,Retail farmer,V13,Brinjal,Nursery bed,500,0.9,0.0,450.0,UPI,Walk-in,Self pickup
O004871,2026-01-28,C2136,Retail farmer,V14,Marigold,Pro-tray,4600,1.96,0.0,9016.0,Cash,Phone call,Self pickup
O004872,2026-01-29,C1164,Retail farmer,V12,Tomato,Pro-tray,900,2.02,0.0,1818.0,UPI,WhatsApp,Self pickup
O004873,2026-01-29,C0425,Retail farmer,V12,Tomato,Nursery bed,1100,1.34,0.0,1474.0,UPI,Walk-in,Self pickup
O004874,2026-01-29,C2137,Wholesale / dealer,V13,Brinjal,Pro-tray,5500,1.28,11.2,6251.52,Cash,Phone call,Self pickup
O004875,2026-01-30,C2138,Home gardener,V12,Tomato,Pro-tray,50,2.04,0.0,102.0,UPI,WhatsApp,Self pickup
O004876,2026-01-31,C2139,Retail farmer,V08,Chilli,Pro-tray,600,1.75,0.0,1050.0,UPI,WhatsApp,Self pickup
O004877,2026-01-31,C2140,Retail farmer,V04,Chilli,Pro-tray,2000,1.86,0.0,3720.0,Cash,Walk-in,Van delivery
O004878,2026-01-31,C1349,Retail farmer,V01,Chilli,Pro-tray,2400,1.73,0.0,4152.0,Cash,Walk-in,Self pickup
O004879,2026-01-31,C2141,Retail farmer,V13,Brinjal,Nursery bed,900,0.85,0.0,765.0,UPI,WhatsApp,Self pickup
O004880,2026-02-01,C1728,Wholesale / dealer,V10,Chilli,Nursery bed,5600,1.06,9.9,5348.34,Cash,Phone call,Van delivery
O004881,2026-02-01,C0479,Retail farmer,V02,Chilli,Pro-tray,1200,1.68,0.0,2016.0,UPI,Phone call,Self pickup
O004882,2026-02-02,C0045,Retail farmer,V04,Chilli,Pro-tray,1000,1.83,0.0,1830.0,UPI,Walk-in,Van delivery
O004883,2026-02-02,C1310,Retail farmer,V06,Chilli,Pro-tray,1600,1.46,0.0,2336.0,UPI,WhatsApp,Self pickup
O004884,2026-02-02,C1445,Retail farmer,V12,Tomato,Pro-tray,600,1.95,0.0,1170.0,UPI,Phone call,Van delivery
O004885,2026-02-03,C1291,Retail farmer,V08,Chilli,Pro-tray,3600,1.66,0.0,5976.0,UPI,Phone call,Van delivery
O004886,2026-02-03,C2142,Retail farmer,V09,Chilli,Pro-tray,1100,1.83,0.0,2013.0,Cash,Phone call,Self pickup
O004887,2026-02-03,C0459,Retail farmer,V05,Chilli,Nursery bed,900,1.26,0.0,1134.0,UPI,Walk-in,Self pickup
O004888,2026-02-03,C2143,Retail farmer,V13,Brinjal,Pro-tray,1400,1.35,0.0,1890.0,UPI,Walk-in,Self pickup
O004889,2026-02-04,C2144,Retail farmer,V08,Chilli,Nursery bed,2800,1.22,0.0,3416.0,Cash,Walk-in,Self pickup
O004890,2026-02-04,C1230,Retail farmer,V14,Marigold,Pro-tray,3000,1.94,0.0,5820.0,Cash,WhatsApp,Self pickup
O004891,2026-02-05,C0262,Wholesale / dealer,V01,Chilli,Pro-tray,15200,1.74,10.2,23750.3,UPI,Walk-in,Self pickup
O004892,2026-02-05,C0845,Retail farmer,V11,Capsicum,Pro-tray,1100,3.59,0.0,3949.0,UPI,Walk-in,Self pickup
O004893,2026-02-05,C2145,Retail farmer,V11,Capsicum,Pro-tray,2200,3.56,0.0,7832.0,Cash,Phone call,Self pickup
O004894,2026-02-05,C1651,Retail farmer,V15,Marigold,Pro-tray,900,1.9,0.0,1710.0,UPI,Walk-in,Self pickup
O004895,2026-02-06,C1868,Wholesale / dealer,V09,Chilli,Pro-tray,18600,1.92,9.4,32355.07,Credit,Phone call,Van delivery
O004896,2026-02-06,C2146,Home gardener,V03,Chilli,Pro-tray,100,1.85,0.0,185.0,UPI,Phone call,Self pickup
O004897,2026-02-06,C2147,Retail farmer,V13,Brinjal,Nursery bed,2800,0.88,0.0,2464.0,Cash,Walk-in,Self pickup
O004898,2026-02-06,C0856,Retail farmer,V13,Brinjal,Nursery bed,700,0.88,0.0,616.0,UPI,WhatsApp,Self pickup
O004899,2026-02-07,C1729,Retail farmer,V10,Chilli,Nursery bed,1800,1.03,0.0,1854.0,Cash,Walk-in,Self pickup
O004900,2026-02-07,C0434,Retail farmer,V07,Chilli,Pro-tray,900,1.41,0.0,1269.0,Credit,Walk-in,Self pickup
O004901,2026-02-07,C2148,Retail farmer,V11,Capsicum,Pro-tray,500,3.54,0.0,1770.0,UPI,Walk-in,Self pickup
O004902,2026-02-07,C2149,Retail farmer,V13,Brinjal,Nursery bed,1600,0.89,0.0,1424.0,UPI,WhatsApp,Self pickup
O004903,2026-02-08,C2150,Retail farmer,V01,Chilli,Pro-tray,1100,1.73,0.0,1903.0,Cash,WhatsApp,Van delivery
O004904,2026-02-09,C1764,Retail farmer,V06,Chilli,Pro-tray,1100,1.46,0.0,1606.0,UPI,Walk-in,Self pickup
O004905,2026-02-09,C2151,Retail farmer,V12,Tomato,Pro-tray,700,1.95,0.0,1365.0,UPI,WhatsApp,Self pickup
O004906,2026-02-10,C1521,Retail farmer,V01,Chilli,Pro-tray,1300,1.69,0.0,2197.0,Cash,Walk-in,Van delivery
O004907,2026-02-10,C0726,Retail farmer,V02,Chilli,Pro-tray,2900,1.64,0.0,4756.0,Cash,WhatsApp,Self pickup
O004908,2026-02-10,C0454,Retail farmer,V10,Chilli,Nursery bed,1100,1.03,0.0,1133.0,Cash,Phone call,Van delivery
O004909,2026-02-11,C2152,Retail farmer,V12,Tomato,Pro-tray,500,1.97,0.0,985.0,Cash,Phone call,Self pickup
O004910,2026-02-11,C2153,Retail farmer,V14,Marigold,Pro-tray,2800,2.02,0.0,5656.0,UPI,WhatsApp,Self pickup
O004911,2026-02-12,C1548,Retail farmer,V05,Chilli,Pro-tray,1000,1.76,0.0,1760.0,Cash,Phone call,Self pickup
O004912,2026-02-12,C0830,Retail farmer,V11,Capsicum,Pro-tray,500,3.54,0.0,1770.0,UPI,Walk-in,Self pickup
O004913,2026-02-13,C2154,Retail farmer,V01,Chilli,Nursery bed,1200,1.19,0.0,1428.0,UPI,Walk-in,Self pickup
O004914,2026-02-14,C1196,Retail farmer,V07,Chilli,Nursery bed,1400,0.97,0.0,1358.0,UPI,Phone call,Self pickup
O004915,2026-02-14,C0846,Retail farmer,V04,Chilli,Pro-tray,1400,1.87,0.0,2618.0,UPI,Phone call,Van delivery
O004916,2026-02-14,C1728,Wholesale / dealer,V11,Capsicum,Pro-tray,6700,3.55,11.4,21073.51,Credit,WhatsApp,Self pickup
O004917,2026-02-14,C0125,Wholesale / dealer,V11,Capsicum,Pro-tray,6200,3.55,10.0,19809.0,Credit,Walk-in,Van delivery
O004918,2026-02-14,C1540,Retail farmer,V15,Marigold,Pro-tray,1400,1.85,0.0,2590.0,Cash,Phone call,Self pickup
O004919,2026-02-14,C2155,Retail farmer,V14,Marigold,Pro-tray,1400,1.96,0.0,2744.0,UPI,WhatsApp,Self pickup
O004920,2026-02-15,C2156,Retail farmer,V09,Chilli,Nursery bed,1800,1.34,0.0,2412.0,Cash,Walk-in,Self pickup
O004921,2026-02-15,C2157,Retail farmer,V12,Tomato,Pro-tray,1400,1.95,0.0,2730.0,Credit,Phone call,Self pickup
O004922,2026-02-15,C0048,Retail farmer,V13,Brinjal,Pro-tray,600,1.36,0.0,816.0,Cash,Walk-in,Self pickup
O004923,2026-02-16,C0224,Wholesale / dealer,V12,Tomato,Pro-tray,3000,2.03,11.6,5383.56,Credit,WhatsApp,Self pickup
O004924,2026-02-16,C2158,Retail farmer,V13,Brinjal,Nursery bed,2900,0.87,0.0,2523.0,Cash,WhatsApp,Van delivery
O004925,2026-02-17,C2159,Retail farmer,V01,Chilli,Pro-tray,2400,1.69,0.0,4056.0,Credit,Walk-in,Self pickup
O004926,2026-02-17,C2160,Retail farmer,V11,Capsicum,Pro-tray,600,3.58,0.0,2148.0,UPI,Phone call,Van delivery
O004927,2026-02-17,C1737,Retail farmer,V13,Brinjal,Pro-tray,700,1.34,0.0,938.0,UPI,Walk-in,Van delivery
O004928,2026-02-18,C2161,Wholesale / dealer,V11,Capsicum,Pro-tray,5400,3.47,10.3,16807.99,UPI,Walk-in,Van delivery
O004929,2026-02-18,C0769,Wholesale / dealer,V13,Brinjal,Nursery bed,2500,0.89,10.0,2002.5,UPI,Phone call,Self pickup
O004930,2026-02-18,C2162,Retail farmer,V14,Marigold,Nursery bed,1400,1.42,0.0,1988.0,UPI,Phone call,Self pickup
O004931,2026-02-19,C2163,Retail farmer,V10,Chilli,Nursery bed,3000,1.04,0.0,3120.0,Cash,Phone call,Self pickup
O004932,2026-02-19,C2164,Wholesale / dealer,V12,Tomato,Nursery bed,11500,1.36,9.1,14216.76,UPI,Walk-in,Van delivery
O004933,2026-02-19,C2165,Retail farmer,V13,Brinjal,Pro-tray,900,1.28,0.0,1152.0,UPI,Walk-in,Self pickup
O004934,2026-02-20,C1046,Retail farmer,V09,Chilli,Nursery bed,4000,1.35,0.0,5400.0,Credit,Walk-in,Self pickup
O004935,2026-02-20,C0238,Retail farmer,V03,Chilli,Pro-tray,3700,1.85,0.0,6845.0,Cash,Phone call,Self pickup
O004936,2026-02-21,C2166,Retail farmer,V06,Chilli,Pro-tray,1000,1.41,0.0,1410.0,UPI,WhatsApp,Van delivery
O004937,2026-02-21,C2167,Retail farmer,V12,Tomato,Pro-tray,3600,2.03,0.0,7308.0,UPI,Walk-in,Self pickup
O004938,2026-02-22,C0582,Retail farmer,V07,Chilli,Nursery bed,1200,0.95,0.0,1140.0,Credit,Walk-in,Self pickup
O004939,2026-02-22,C2152,Retail farmer,V09,Chilli,Nursery bed,700,1.31,0.0,917.0,UPI,Walk-in,Self pickup
O004940,2026-02-22,C2168,Retail farmer,V04,Chilli,Pro-tray,2400,1.92,0.0,4608.0,UPI,Phone call,Self pickup
O004941,2026-02-22,C0467,Retail farmer,V13,Brinjal,Nursery bed,1800,0.88,0.0,1584.0,Credit,Walk-in,Self pickup
O004942,2026-02-23,C2169,Home gardener,V12,Tomato,Pro-tray,180,2.02,0.0,363.6,UPI,Walk-in,Self pickup
O004943,2026-02-24,C1724,Wholesale / dealer,V13,Brinjal,Pro-tray,3100,1.34,9.9,3742.75,Credit,WhatsApp,Self pickup
O004944,2026-02-24,C2016,Retail farmer,V13,Brinjal,Pro-tray,800,1.33,0.0,1064.0,Credit,Phone call,Self pickup
O004945,2026-02-25,C1733,Retail farmer,V06,Chilli,Nursery bed,2300,1.02,0.0,2346.0,Cash,Walk-in,Van delivery
O004946,2026-02-25,C2112,Retail farmer,V09,Chilli,Pro-tray,1600,1.82,0.0,2912.0,UPI,Walk-in,Van delivery
O004947,2026-02-25,C2170,Retail farmer,V12,Tomato,Pro-tray,2300,1.98,0.0,4554.0,Cash,WhatsApp,Self pickup
O004948,2026-02-25,C2171,Retail farmer,V13,Brinjal,Nursery bed,600,0.87,0.0,522.0,UPI,Walk-in,Self pickup
O004949,2026-02-26,C0100,Retail farmer,V01,Chilli,Pro-tray,2200,1.73,0.0,3806.0,Cash,WhatsApp,Self pickup
O004950,2026-02-26,C2172,Retail farmer,V12,Tomato,Nursery bed,900,1.35,0.0,1215.0,Cash,Walk-in,Self pickup
O004951,2026-02-26,C2166,Retail farmer,V13,Brinjal,Pro-tray,600,1.3,0.0,780.0,Credit,WhatsApp,Self pickup
O004952,2026-02-26,C1202,Wholesale / dealer,V15,Marigold,Pro-tray,7400,1.91,10.6,12635.8,Credit,Walk-in,Van delivery
O004953,2026-02-27,C1639,Retail farmer,V08,Chilli,Nursery bed,3500,1.25,0.0,4375.0,UPI,Phone call,Self pickup
O004954,2026-02-27,C2173,Home gardener,V14,Marigold,Pro-tray,70,1.93,0.0,135.1,Cash,Walk-in,Self pickup
O004955,2026-02-27,C2174,Wholesale / dealer,V14,Marigold,Pro-tray,1100,1.93,9.8,1914.95,Cash,Phone call,Self pickup
O004956,2026-02-28,C1099,Wholesale / dealer,V04,Chilli,Nursery bed,14300,1.34,8.9,17456.58,Credit,Walk-in,Van delivery
O004957,2026-02-28,C1659,Retail farmer,V01,Chilli,Nursery bed,2000,1.18,0.0,2360.0,UPI,Phone call,Self pickup
O004958,2026-03-01,C2175,Retail farmer,V09,Chilli,Pro-tray,1700,1.84,0.0,3128.0,Cash,Phone call,Self pickup
O004959,2026-03-01,C1955,Retail farmer,V13,Brinjal,Pro-tray,900,1.3,0.0,1170.0,Credit,Walk-in,Self pickup
O004960,2026-03-02,C2176,Retail farmer,V04,Chilli,Nursery bed,1700,1.35,0.0,2295.0,Cash,Phone call,Van delivery
O004961,2026-03-03,C2177,Wholesale / dealer,V04,Chilli,Nursery bed,18100,1.3,11.5,20824.05,Credit,Walk-in,Van delivery
O004962,2026-03-03,C0107,Retail farmer,V13,Brinjal,Pro-tray,600,1.32,0.0,792.0,Cash,WhatsApp,Self pickup
O004963,2026-03-04,C1889,Wholesale / dealer,V07,Chilli,Nursery bed,5900,0.99,10.6,5221.85,UPI,WhatsApp,Van delivery
O004964,2026-03-04,C0346,Retail farmer,V02,Chilli,Pro-tray,1600,1.68,0.0,2688.0,Cash,Walk-in,Self pickup
O004965,2026-03-05,C0664,Retail farmer,V07,Chilli,Pro-tray,2000,1.39,0.0,2780.0,UPI,Phone call,Van delivery
O004966,2026-03-05,C2178,Wholesale / dealer,V12,Tomato,Pro-tray,5000,1.94,9.5,8778.5,UPI,WhatsApp,Van delivery
O004967,2026-03-05,C0589,Retail farmer,V13,Brinjal,Nursery bed,400,0.89,0.0,356.0,Credit,WhatsApp,Self pickup
O004968,2026-03-05,C2172,Retail farmer,V13,Brinjal,Pro-tray,600,1.36,0.0,816.0,Cash,WhatsApp,Self pickup
O004969,2026-03-05,C2179,Home gardener,V13,Brinjal,Pro-tray,100,1.31,0.0,131.0,UPI,Phone call,Self pickup
O004970,2026-03-06,C2180,Retail farmer,V09,Chilli,Pro-tray,2500,1.88,0.0,4700.0,UPI,Phone call,Van delivery
O004971,2026-03-06,C0501,Wholesale / dealer,V08,Chilli,Pro-tray,2900,1.66,8.5,4404.81,Credit,Walk-in,Self pickup
O004972,2026-03-06,C2181,Home gardener,V13,Brinjal,Pro-tray,80,1.3,0.0,104.0,UPI,Walk-in,Self pickup
O004973,2026-03-06,C2182,Retail farmer,V13,Brinjal,Pro-tray,1000,1.29,0.0,1290.0,UPI,Walk-in,Self pickup
O004974,2026-03-07,C0984,Retail farmer,V09,Chilli,Pro-tray,1900,1.87,0.0,3553.0,UPI,Walk-in,Self pickup
O004975,2026-03-07,C2183,Retail farmer,V01,Chilli,Nursery bed,2200,1.18,0.0,2596.0,UPI,Walk-in,Self pickup
O004976,2026-03-07,C2184,Home gardener,V04,Chilli,Pro-tray,100,1.9,0.0,190.0,Cash,WhatsApp,Van delivery
O004977,2026-03-07,C2185,Home gardener,V04,Chilli,Pro-tray,80,1.92,0.0,153.6,Cash,WhatsApp,Van delivery
O004978,2026-03-07,C0447,Retail farmer,V12,Tomato,Pro-tray,1200,1.94,0.0,2328.0,Cash,Phone call,Self pickup
O004979,2026-03-07,C1048,Retail farmer,V13,Brinjal,Pro-tray,900,1.29,0.0,1161.0,UPI,Walk-in,Self pickup
O004980,2026-03-08,C0223,Retail farmer,V07,Chilli,Pro-tray,1400,1.4,0.0,1960.0,UPI,WhatsApp,Self pickup
O004981,2026-03-08,C2186,Retail farmer,V12,Tomato,Pro-tray,1900,1.93,0.0,3667.0,UPI,WhatsApp,Van delivery
O004982,2026-03-08,C2187,Home gardener,V12,Tomato,Pro-tray,70,1.96,0.0,137.2,Cash,WhatsApp,Self pickup
O004983,2026-03-08,C2188,Wholesale / dealer,V13,Brinjal,Pro-tray,8000,1.31,8.8,9557.76,UPI,Walk-in,Van delivery
O004984,2026-03-08,C1474,Retail farmer,V14,Marigold,Pro-tray,900,2.0,0.0,1800.0,UPI,WhatsApp,Self pickup
O004985,2026-03-09,C1528,Wholesale / dealer,V06,Chilli,Pro-tray,5400,1.39,11.8,6620.29,UPI,Walk-in,Self pickup
O004986,2026-03-09,C2189,Home gardener,V01,Chilli,Pro-tray,30,1.69,0.0,50.7,UPI,WhatsApp,Self pickup
O004987,2026-03-10,C2190,Retail farmer,V15,Marigold,Pro-tray,600,1.84,0.0,1104.0,Credit,Walk-in,Self pickup
O004988,2026-03-10,C2188,Wholesale / dealer,V14,Marigold,Pro-tray,4600,1.94,10.6,7978.06,Cash,WhatsApp,Self pickup
O004989,2026-03-11,C2191,Retail farmer,V06,Chilli,Pro-tray,2300,1.43,0.0,3289.0,UPI,Phone call,Self pickup
O004990,2026-03-11,C2192,Retail farmer,V08,Chilli,Pro-tray,2400,1.68,0.0,4032.0,Cash,Walk-in,Self pickup
O004991,2026-03-11,C1275,Retail farmer,V13,Brinjal,Nursery bed,300,0.88,0.0,264.0,UPI,WhatsApp,Van delivery
O004992,2026-03-11,C0549,Retail farmer,V14,Marigold,Pro-tray,2400,1.92,0.0,4608.0,Cash,Phone call,Self pickup
O004993,2026-03-12,C2193,Retail farmer,V12,Tomato,Pro-tray,1600,2.03,0.0,3248.0,Cash,WhatsApp,Self pickup
O004994,2026-03-13,C2194,Retail farmer,V01,Chilli,Nursery bed,800,1.23,0.0,984.0,Cash,Phone call,Self pickup
O004995,2026-03-13,C2195,Retail farmer,V01,Chilli,Nursery bed,500,1.22,0.0,610.0,Cash,Phone call,Self pickup
O004996,2026-03-13,C2196,Retail farmer,V13,Brinjal,Nursery bed,900,0.87,0.0,783.0,Cash,WhatsApp,Self pickup
O004997,2026-03-13,C2197,Retail farmer,V15,Marigold,Pro-tray,1700,1.92,0.0,3264.0,Cash,Phone call,Self pickup
O004998,2026-03-14,C2152,Retail farmer,V10,Chilli,Nursery bed,1800,1.03,0.0,1854.0,Credit,WhatsApp,Van delivery
O004999,2026-03-14,C2198,Wholesale / dealer,V09,Chilli,Pro-tray,7100,1.87,12.0,11683.76,Cash,Phone call,Van delivery
O005000,2026-03-14,C2199,Retail farmer,V14,Marigold,Pro-tray,1700,1.96,0.0,3332.0,UPI,Phone call,Self pickup
O005001,2026-03-15,C1550,Retail farmer,V13,Brinjal,Pro-tray,1200,1.29,0.0,1548.0,Cash,WhatsApp,Self pickup
O005002,2026-03-15,C2200,Retail farmer,V13,Brinjal,Pro-tray,300,1.33,0.0,399.0,UPI,Walk-in,Self pickup
O005003,2026-03-16,C2201,Wholesale / dealer,V01,Chilli,Nursery bed,5900,1.21,8.1,6560.74,Credit,Walk-in,Van delivery
O005004,2026-03-16,C0865,Retail farmer,V13,Brinjal,Pro-tray,1500,1.28,0.0,1920.0,Cash,Walk-in,Self pickup
O005005,2026-03-17,C2202,Retail farmer,V01,Chilli,Pro-tray,600,1.73,0.0,1038.0,Cash,Phone call,Self pickup
O005006,2026-03-17,C0703,Wholesale / dealer,V03,Chilli,Pro-tray,3300,1.84,11.5,5373.72,Credit,Phone call,Self pickup
O005007,2026-03-17,C2203,Retail farmer,V05,Chilli,Pro-tray,1300,1.78,0.0,2314.0,UPI,Walk-in,Self pickup
O005008,2026-03-17,C2204,Retail farmer,V13,Brinjal,Pro-tray,1100,1.29,0.0,1419.0,UPI,Walk-in,Self pickup
O005009,2026-03-18,C2205,Home gardener,V04,Chilli,Pro-tray,150,1.82,0.0,273.0,UPI,Walk-in,Van delivery
O005010,2026-03-18,C2206,Retail farmer,V01,Chilli,Pro-tray,1000,1.75,0.0,1750.0,Cash,WhatsApp,Self pickup
O005011,2026-03-18,C1601,Retail farmer,V12,Tomato,Pro-tray,700,1.94,0.0,1358.0,UPI,Phone call,Self pickup
O005012,2026-03-18,C2207,Retail farmer,V13,Brinjal,Pro-tray,600,1.29,0.0,774.0,Credit,Phone call,Self pickup
O005013,2026-03-18,C2208,Retail farmer,V14,Marigold,Nursery bed,1200,1.42,0.0,1704.0,UPI,WhatsApp,Self pickup
O005014,2026-03-19,C0043,Retail farmer,V12,Tomato,Pro-tray,900,1.98,0.0,1782.0,UPI,Walk-in,Van delivery
O005015,2026-03-19,C0707,Retail farmer,V12,Tomato,Pro-tray,500,1.93,0.0,965.0,UPI,Phone call,Van delivery
O005016,2026-03-20,C1778,Wholesale / dealer,V08,Chilli,Pro-tray,8300,1.74,11.7,12752.29,Credit,Walk-in,Self pickup
O005017,2026-03-21,C2209,Retail farmer,V01,Chilli,Pro-tray,1000,1.66,0.0,1660.0,Credit,WhatsApp,Self pickup
O005018,2026-03-21,C1826,Retail farmer,V07,Chilli,Pro-tray,2100,1.38,0.0,2898.0,UPI,Walk-in,Self pickup
O005019,2026-03-21,C0514,Wholesale / dealer,V03,Chilli,Nursery bed,6300,1.28,11.9,7104.38,UPI,Walk-in,Self pickup
O005020,2026-03-21,C2210,Retail farmer,V11,Capsicum,Pro-tray,500,3.55,0.0,1775.0,UPI,Phone call,Self pickup
O005021,2026-03-22,C2211,Home gardener,V04,Chilli,Pro-tray,120,1.91,0.0,229.2,UPI,Phone call,Self pickup
O005022,2026-03-22,C0474,Retail farmer,V07,Chilli,Nursery bed,900,0.94,0.0,846.0,UPI,Phone call,Self pickup
O005023,2026-03-22,C0893,Retail farmer,V07,Chilli,Pro-tray,2400,1.4,0.0,3360.0,Cash,Walk-in,Self pickup
O005024,2026-03-22,C2212,Retail farmer,V12,Tomato,Pro-tray,3100,2.02,0.0,6262.0,Cash,Walk-in,Self pickup
O005025,2026-03-23,C2213,Retail farmer,V09,Chilli,Pro-tray,1600,1.85,0.0,2960.0,UPI,Phone call,Self pickup
O005026,2026-03-23,C1855,Retail farmer,V01,Chilli,Nursery bed,300,1.23,0.0,369.0,UPI,Phone call,Self pickup
O005027,2026-03-23,C2152,Retail farmer,V12,Tomato,Pro-tray,800,2.02,0.0,1616.0,Cash,Phone call,Self pickup
O005028,2026-03-23,C1060,Retail farmer,V13,Brinjal,Pro-tray,1400,1.34,0.0,1876.0,Cash,Walk-in,Self pickup
O005029,2026-03-23,C2214,Retail farmer,V13,Brinjal,Pro-tray,500,1.29,0.0,645.0,Cash,Walk-in,Self pickup
O005030,2026-03-24,C2215,Retail farmer,V07,Chilli,Pro-tray,2900,1.36,0.0,3944.0,Cash,Walk-in,Self pickup
O005031,2026-03-24,C1837,Retail farmer,V03,Chilli,Pro-tray,900,1.86,0.0,1674.0,Credit,Walk-in,Self pickup
O005032,2026-03-24,C2159,Retail farmer,V01,Chilli,Pro-tray,3000,1.68,0.0,5040.0,UPI,Walk-in,Van delivery
O005033,2026-03-24,C2216,Wholesale / dealer,V02,Chilli,Pro-tray,15300,1.68,11.6,22722.34,Credit,Walk-in,Van delivery
O005034,2026-03-24,C2217,Retail farmer,V13,Brinjal,Nursery bed,1000,0.87,0.0,870.0,Cash,WhatsApp,Self pickup
O005035,2026-03-25,C0838,Retail farmer,V04,Chilli,Pro-tray,800,1.93,0.0,1544.0,Credit,WhatsApp,Self pickup
O005036,2026-03-26,C2218,Retail farmer,V06,Chilli,Nursery bed,2800,0.98,0.0,2744.0,Cash,Walk-in,Self pickup
O005037,2026-03-27,C2219,Retail farmer,V03,Chilli,Pro-tray,500,1.87,0.0,935.0,UPI,Walk-in,Van delivery
O005038,2026-03-27,C2220,Retail farmer,V03,Chilli,Pro-tray,1600,1.78,0.0,2848.0,UPI,Walk-in,Van delivery
O005039,2026-03-27,C1947,Retail farmer,V12,Tomato,Pro-tray,1100,1.94,0.0,2134.0,UPI,Walk-in,Self pickup
O005040,2026-03-28,C2221,Retail farmer,V02,Chilli,Pro-tray,1600,1.69,0.0,2704.0,Cash,Phone call,Self pickup
O005041,2026-03-28,C2045,Retail farmer,V13,Brinjal,Pro-tray,900,1.33,0.0,1197.0,Cash,WhatsApp,Self pickup
O005042,2026-03-28,C2222,Home gardener,V13,Brinjal,Pro-tray,100,1.32,0.0,132.0,UPI,Walk-in,Van delivery
O005043,2026-03-28,C2223,Retail farmer,V15,Marigold,Pro-tray,1100,1.82,0.0,2002.0,Cash,Walk-in,Van delivery
O005044,2026-03-29,C2224,Retail farmer,V13,Brinjal,Pro-tray,900,1.35,0.0,1215.0,Cash,Walk-in,Self pickup
O005045,2026-03-30,C0865,Retail farmer,V04,Chilli,Pro-tray,2300,1.91,0.0,4393.0,Cash,WhatsApp,Self pickup
O005046,2026-03-30,C2225,Retail farmer,V01,Chilli,Nursery bed,1900,1.2,0.0,2280.0,UPI,Phone call,Self pickup
O005047,2026-03-30,C0312,Wholesale / dealer,V08,Chilli,Pro-tray,6400,1.71,10.7,9772.99,Credit,Phone call,Self pickup
O005048,2026-03-30,C0438,Retail farmer,V12,Tomato,Pro-tray,1100,2.02,0.0,2222.0,Cash,WhatsApp,Van delivery
O005049,2026-03-30,C0276,Retail farmer,V12,Tomato,Pro-tray,700,1.96,0.0,1372.0,Cash,Phone call,Self pickup
O005050,2026-03-31,C0115,Retail farmer,V04,Chilli,Pro-tray,1800,1.83,0.0,3294.0,UPI,Phone call,Self pickup
O005051,2026-03-31,C1248,Retail farmer,V07,Chilli,Pro-tray,2400,1.4,0.0,3360.0,UPI,Phone call,Self pickup
O005052,2026-03-31,C0063,Retail farmer,V13,Brinjal,Pro-tray,1700,1.32,0.0,2244.0,UPI,Walk-in,Self pickup
O005053,2026-03-31,C0041,Retail farmer,V14,Marigold,Pro-tray,2900,2.0,0.0,5800.0,UPI,Phone call,Self pickup
O005054,2026-04-01,C1956,Retail farmer,V08,Chilli,Pro-tray,1900,1.66,0.0,3154.0,UPI,Phone call,Van delivery
O005055,2026-04-01,C2226,Retail farmer,V03,Chilli,Nursery bed,4700,1.26,0.0,5922.0,Credit,WhatsApp,Self pickup
O005056,2026-04-01,C2227,Retail farmer,V11,Capsicum,Pro-tray,800,3.44,0.0,2752.0,UPI,Phone call,Self pickup
O005057,2026-04-01,C1058,Retail farmer,V13,Brinjal,Pro-tray,900,1.35,0.0,1215.0,Credit,Phone call,Self pickup
O005058,2026-04-02,C2228,Retail farmer,V06,Chilli,Pro-tray,1600,1.45,0.0,2320.0,UPI,Walk-in,Self pickup
O005059,2026-04-02,C2099,Retail farmer,V01,Chilli,Pro-tray,1600,1.67,0.0,2672.0,Credit,Phone call,Self pickup
O005060,2026-04-02,C1221,Wholesale / dealer,V08,Chilli,Pro-tray,14100,1.75,11.4,21862.05,UPI,Walk-in,Self pickup
O005061,2026-04-03,C0739,Retail farmer,V05,Chilli,Pro-tray,2900,1.75,0.0,5075.0,UPI,Walk-in,Self pickup
O005062,2026-04-03,C2096,Retail farmer,V13,Brinjal,Nursery bed,600,0.89,0.0,534.0,UPI,Walk-in,Self pickup
O005063,2026-04-03,C2229,Retail farmer,V13,Brinjal,Nursery bed,1000,0.9,0.0,900.0,Credit,WhatsApp,Self pickup
O005064,2026-04-03,C2230,Retail farmer,V13,Brinjal,Pro-tray,1100,1.31,0.0,1441.0,Cash,Phone call,Self pickup
O005065,2026-04-04,C2231,Wholesale / dealer,V04,Chilli,Pro-tray,6200,1.86,8.2,10586.38,Credit,WhatsApp,Van delivery
O005066,2026-04-04,C2232,Retail farmer,V03,Chilli,Nursery bed,1100,1.24,0.0,1364.0,Cash,Phone call,Self pickup
O005067,2026-04-04,C2233,Retail farmer,V13,Brinjal,Pro-tray,1000,1.36,0.0,1360.0,Credit,WhatsApp,Self pickup
O005068,2026-04-05,C2234,Retail farmer,V01,Chilli,Pro-tray,2000,1.69,0.0,3380.0,UPI,Walk-in,Self pickup
O005069,2026-04-05,C2235,Retail farmer,V02,Chilli,Pro-tray,1800,1.62,0.0,2916.0,UPI,Walk-in,Self pickup
O005070,2026-04-05,C2236,Retail farmer,V04,Chilli,Nursery bed,2800,1.34,0.0,3752.0,UPI,WhatsApp,Self pickup
O005071,2026-04-05,C0249,Wholesale / dealer,V08,Chilli,Pro-tray,8900,1.71,9.3,13803.63,Credit,Walk-in,Van delivery
O005072,2026-04-05,C0804,Retail farmer,V13,Brinjal,Pro-tray,1400,1.32,0.0,1848.0,Cash,Walk-in,Self pickup
O005073,2026-04-05,C0101,Retail farmer,V13,Brinjal,Pro-tray,1100,1.31,0.0,1441.0,UPI,Walk-in,Self pickup
O005074,2026-04-06,C2064,Retail farmer,V05,Chilli,Nursery bed,2600,1.22,0.0,3172.0,UPI,Walk-in,Self pickup
O005075,2026-04-07,C1607,Retail farmer,V04,Chilli,Pro-tray,1200,1.91,0.0,2292.0,UPI,Walk-in,Self pickup
O005076,2026-04-07,C1603,Retail farmer,V01,Chilli,Pro-tray,1600,1.68,0.0,2688.0,Cash,Phone call,Self pickup
O005077,2026-04-07,C1489,Retail farmer,V12,Tomato,Pro-tray,500,2.03,0.0,1015.0,Cash,Phone call,Self pickup
O005078,2026-04-08,C1457,Retail farmer,V03,Chilli,Pro-tray,1600,1.85,0.0,2960.0,UPI,Phone call,Self pickup
O005079,2026-04-08,C1108,Retail farmer,V03,Chilli,Nursery bed,2600,1.28,0.0,3328.0,Cash,WhatsApp,Self pickup
O005080,2026-04-08,C0762,Wholesale / dealer,V12,Tomato,Pro-tray,5600,1.99,9.1,10129.9,Cash,Walk-in,Van delivery
O005081,2026-04-09,C2237,Retail farmer,V02,Chilli,Pro-tray,1400,1.64,0.0,2296.0,UPI,WhatsApp,Self pickup
O005082,2026-04-09,C1258,Retail farmer,V04,Chilli,Nursery bed,4900,1.3,0.0,6370.0,UPI,Walk-in,Self pickup
O005083,2026-04-09,C0624,Retail farmer,V04,Chilli,Pro-tray,2000,1.83,0.0,3660.0,UPI,Walk-in,Self pickup
O005084,2026-04-09,C2238,Home gardener,V13,Brinjal,Pro-tray,160,1.32,0.0,211.2,Credit,WhatsApp,Van delivery
O005085,2026-04-10,C2239,Wholesale / dealer,V10,Chilli,Pro-tray,5100,1.52,8.8,7069.82,Credit,Phone call,Van delivery
O005086,2026-04-10,C2240,Retail farmer,V07,Chilli,Pro-tray,800,1.34,0.0,1072.0,UPI,Walk-in,Self pickup
O005087,2026-04-10,C1015,Retail farmer,V02,Chilli,Nursery bed,1300,1.16,0.0,1508.0,UPI,WhatsApp,Self pickup
O005088,2026-04-10,C2241,Retail farmer,V13,Brinjal,Nursery bed,600,0.9,0.0,540.0,Cash,Phone call,Van delivery
O005089,2026-04-11,C2242,Home gardener,V08,Chilli,Pro-tray,40,1.67,0.0,66.8,UPI,WhatsApp,Self pickup
O005090,2026-04-11,C0358,Retail farmer,V03,Chilli,Pro-tray,2200,1.83,0.0,4026.0,UPI,Phone call,Self pickup
O005091,2026-04-11,C2243,Retail farmer,V13,Brinjal,Nursery bed,2600,0.87,0.0,2262.0,Cash,WhatsApp,Self pickup
O005092,2026-04-11,C0556,Retail farmer,V15,Marigold,Pro-tray,800,1.86,0.0,1488.0,UPI,Phone call,Self pickup
O005093,2026-04-12,C0265,Retail farmer,V06,Chilli,Nursery bed,700,0.99,0.0,693.0,Cash,Walk-in,Self pickup
O005094,2026-04-12,C2244,Retail farmer,V02,Chilli,Pro-tray,2600,1.66,0.0,4316.0,UPI,Phone call,Self pickup
O005095,2026-04-12,C1033,Retail farmer,V12,Tomato,Pro-tray,1300,1.94,0.0,2522.0,UPI,Walk-in,Self pickup
O005096,2026-04-12,C2245,Retail farmer,V13,Brinjal,Nursery bed,2000,0.87,0.0,1740.0,UPI,Walk-in,Van delivery
O005097,2026-04-13,C2246,Retail farmer,V05,Chilli,Pro-tray,900,1.8,0.0,1620.0,Cash,Walk-in,Van delivery
O005098,2026-04-13,C2247,Wholesale / dealer,V07,Chilli,Pro-tray,6700,1.4,11.7,8282.54,Credit,Walk-in,Self pickup
O005099,2026-04-13,C1893,Retail farmer,V01,Chilli,Pro-tray,1300,1.75,0.0,2275.0,UPI,Phone call,Self pickup
O005100,2026-04-13,C2248,Retail farmer,V12,Tomato,Pro-tray,1900,2.01,0.0,3819.0,UPI,Phone call,Self pickup
O005101,2026-04-14,C1232,Retail farmer,V09,Chilli,Pro-tray,2000,1.91,0.0,3820.0,Cash,Walk-in,Self pickup
O005102,2026-04-14,C1055,Retail farmer,V04,Chilli,Pro-tray,2500,1.92,0.0,4800.0,UPI,WhatsApp,Self pickup
O005103,2026-04-14,C2249,Retail farmer,V04,Chilli,Nursery bed,2000,1.31,0.0,2620.0,Cash,Phone call,Self pickup
O005104,2026-04-14,C2250,Wholesale / dealer,V05,Chilli,Nursery bed,4300,1.25,9.7,4853.62,UPI,Phone call,Self pickup
O005105,2026-04-14,C0069,Retail farmer,V01,Chilli,Pro-tray,1200,1.74,0.0,2088.0,Cash,Walk-in,Self pickup
O005106,2026-04-14,C1482,Retail farmer,V06,Chilli,Pro-tray,1300,1.45,0.0,1885.0,Cash,Walk-in,Self pickup
O005107,2026-04-14,C1291,Retail farmer,V13,Brinjal,Pro-tray,1400,1.33,0.0,1862.0,UPI,Phone call,Self pickup
O005108,2026-04-14,C2251,Retail farmer,V15,Marigold,Nursery bed,800,1.35,0.0,1080.0,UPI,Walk-in,Self pickup
O005109,2026-04-15,C2252,Retail farmer,V06,Chilli,Pro-tray,1200,1.4,0.0,1680.0,Cash,Walk-in,Self pickup
O005110,2026-04-15,C0974,Retail farmer,V01,Chilli,Nursery bed,2100,1.19,0.0,2499.0,Credit,WhatsApp,Self pickup
O005111,2026-04-15,C2253,Retail farmer,V06,Chilli,Nursery bed,700,1.01,0.0,707.0,Cash,Phone call,Self pickup
O005112,2026-04-15,C1851,Retail farmer,V12,Tomato,Nursery bed,1200,1.37,0.0,1644.0,UPI,Walk-in,Self pickup
O005113,2026-04-16,C2254,Retail farmer,V03,Chilli,Nursery bed,2300,1.26,0.0,2898.0,UPI,Phone call,Self pickup
O005114,2026-04-16,C0203,Wholesale / dealer,V06,Chilli,Pro-tray,10400,1.45,11.1,13406.12,Credit,Walk-in,Van delivery
O005115,2026-04-16,C1222,Retail farmer,V15,Marigold,Pro-tray,2700,1.82,0.0,4914.0,UPI,Walk-in,Self pickup
O005116,2026-04-17,C1785,Retail farmer,V04,Chilli,Pro-tray,4000,1.91,0.0,7640.0,UPI,Walk-in,Self pickup
O005117,2026-04-17,C1177,Wholesale / dealer,V01,Chilli,Pro-tray,8100,1.66,10.3,12061.06,UPI,Phone call,Van delivery
O005118,2026-04-17,C0110,Retail farmer,V13,Brinjal,Pro-tray,400,1.32,0.0,528.0,Credit,Walk-in,Van delivery
O005119,2026-04-18,C0961,Wholesale / dealer,V06,Chilli,Nursery bed,4900,1.01,11.4,4384.81,UPI,Phone call,Self pickup
O005120,2026-04-18,C2013,Retail farmer,V06,Chilli,Pro-tray,2700,1.45,0.0,3915.0,Cash,Phone call,Self pickup
O005121,2026-04-18,C1861,Retail farmer,V12,Tomato,Pro-tray,2600,2.02,0.0,5252.0,UPI,Walk-in,Van delivery
O005122,2026-04-19,C0648,Retail farmer,V01,Chilli,Pro-tray,1000,1.71,0.0,1710.0,Cash,Phone call,Van delivery
O005123,2026-04-19,C1884,Wholesale / dealer,V10,Chilli,Pro-tray,7000,1.5,9.7,9481.5,Credit,Walk-in,Van delivery
O005124,2026-04-19,C2255,Home gardener,V02,Chilli,Pro-tray,150,1.67,0.0,250.5,UPI,Walk-in,Self pickup
O005125,2026-04-19,C2256,Retail farmer,V12,Tomato,Pro-tray,2700,1.98,0.0,5346.0,UPI,Phone call,Self pickup
O005126,2026-04-19,C2257,Retail farmer,V12,Tomato,Pro-tray,500,2.0,0.0,1000.0,Cash,Walk-in,Self pickup
O005127,2026-04-20,C2258,Retail farmer,V06,Chilli,Nursery bed,1100,0.98,0.0,1078.0,UPI,Walk-in,Van delivery
O005128,2026-04-20,C2259,Retail farmer,V13,Brinjal,Pro-tray,1100,1.36,0.0,1496.0,UPI,WhatsApp,Self pickup
O005129,2026-04-21,C1108,Retail farmer,V05,Chilli,Pro-tray,1400,1.77,0.0,2478.0,UPI,Phone call,Self pickup
O005130,2026-04-21,C0563,Retail farmer,V09,Chilli,Nursery bed,1600,1.3,0.0,2080.0,UPI,Phone call,Self pickup
O005131,2026-04-21,C1401,Retail farmer,V03,Chilli,Pro-tray,2100,1.78,0.0,3738.0,UPI,Phone call,Van delivery
O005132,2026-04-21,C0414,Wholesale / dealer,V14,Marigold,Pro-tray,6500,1.97,9.3,11614.14,Credit,Walk-in,Self pickup
O005133,2026-04-22,C0657,Wholesale / dealer,V06,Chilli,Pro-tray,3500,1.45,10.4,4547.2,UPI,WhatsApp,Self pickup
O005134,2026-04-23,C0434,Retail farmer,V02,Chilli,Pro-tray,1400,1.67,0.0,2338.0,Credit,Walk-in,Self pickup
O005135,2026-04-24,C0972,Retail farmer,V03,Chilli,Pro-tray,1800,1.82,0.0,3276.0,UPI,Walk-in,Self pickup
O005136,2026-04-24,C2260,Retail farmer,V12,Tomato,Pro-tray,1000,2.0,0.0,2000.0,Credit,Walk-in,Self pickup
O005137,2026-04-24,C1280,Retail farmer,V15,Marigold,Pro-tray,600,1.84,0.0,1104.0,Cash,Walk-in,Self pickup
O005138,2026-04-25,C2261,Retail farmer,V03,Chilli,Pro-tray,2000,1.85,0.0,3700.0,UPI,Walk-in,Self pickup
O005139,2026-04-25,C1144,Retail farmer,V04,Chilli,Pro-tray,1000,1.91,0.0,1910.0,Cash,Walk-in,Self pickup
O005140,2026-04-25,C2262,Retail farmer,V15,Marigold,Nursery bed,1300,1.4,0.0,1820.0,Cash,WhatsApp,Self pickup
O005141,2026-04-26,C1744,Retail farmer,V01,Chilli,Nursery bed,2200,1.22,0.0,2684.0,UPI,Phone call,Self pickup
O005142,2026-04-26,C1159,Wholesale / dealer,V08,Chilli,Nursery bed,4800,1.24,9.4,5392.51,UPI,Phone call,Van delivery
O005143,2026-04-27,C0933,Retail farmer,V08,Chilli,Pro-tray,1700,1.68,0.0,2856.0,Credit,WhatsApp,Self pickup
O005144,2026-04-28,C0414,Wholesale / dealer,V01,Chilli,Pro-tray,5900,1.75,8.8,9416.4,UPI,Walk-in,Self pickup
O005145,2026-04-28,C1382,Retail farmer,V03,Chilli,Pro-tray,1100,1.77,0.0,1947.0,UPI,Phone call,Self pickup
O005146,2026-04-28,C2263,Retail farmer,V13,Brinjal,Nursery bed,400,0.9,0.0,360.0,UPI,Walk-in,Self pickup
O005147,2026-04-29,C2264,Retail farmer,V01,Chilli,Pro-tray,1500,1.73,0.0,2595.0,UPI,Phone call,Self pickup
O005148,2026-04-29,C0522,Wholesale / dealer,V12,Tomato,Pro-tray,4700,2.03,11.2,8472.41,Credit,WhatsApp,Self pickup
O005149,2026-04-29,C0355,Retail farmer,V13,Brinjal,Nursery bed,700,0.9,0.0,630.0,UPI,Walk-in,Self pickup
O005150,2026-04-30,C2265,Retail farmer,V09,Chilli,Pro-tray,1000,1.9,0.0,1900.0,Cash,Phone call,Self pickup
O005151,2026-04-30,C0358,Retail farmer,V01,Chilli,Pro-tray,1700,1.69,0.0,2873.0,Cash,Walk-in,Self pickup
O005152,2026-04-30,C1682,Wholesale / dealer,V03,Chilli,Nursery bed,6400,1.28,8.6,7487.49,Credit,Phone call,Van delivery
O005153,2026-04-30,C2266,Retail farmer,V02,Chilli,Pro-tray,1400,1.6,0.0,2240.0,UPI,Phone call,Self pickup
O005154,2026-04-30,C0284,Retail farmer,V13,Brinjal,Pro-tray,1100,1.29,0.0,1419.0,UPI,Phone call,Self pickup
O005155,2026-05-01,C0559,Retail farmer,V05,Chilli,Pro-tray,900,1.76,0.0,1584.0,UPI,Phone call,Self pickup
O005156,2026-05-01,C2267,Retail farmer,V13,Brinjal,Pro-tray,600,1.29,0.0,774.0,UPI,Walk-in,Self pickup
O005157,2026-05-02,C0031,Retail farmer,V03,Chilli,Pro-tray,1900,1.8,0.0,3420.0,Cash,WhatsApp,Self pickup
O005158,2026-05-02,C0691,Retail farmer,V08,Chilli,Nursery bed,400,1.18,0.0,472.0,UPI,WhatsApp,Self pickup
O005159,2026-05-02,C2268,Retail farmer,V07,Chilli,Pro-tray,700,1.35,0.0,945.0,Cash,Walk-in,Self pickup
O005160,2026-05-02,C2120,Retail farmer,V06,Chilli,Pro-tray,400,1.4,0.0,560.0,UPI,WhatsApp,Self pickup
O005161,2026-05-02,C0260,Home gardener,V12,Tomato,Pro-tray,50,1.98,0.0,99.0,UPI,Phone call,Self pickup
O005162,2026-05-03,C1845,Retail farmer,V08,Chilli,Pro-tray,1000,1.75,0.0,1750.0,Cash,Walk-in,Self pickup
O005163,2026-05-03,C0702,Retail farmer,V05,Chilli,Pro-tray,1100,1.75,0.0,1925.0,Cash,WhatsApp,Self pickup
O005164,2026-05-03,C0466,Retail farmer,V04,Chilli,Nursery bed,1100,1.32,0.0,1452.0,Cash,Phone call,Self pickup
O005165,2026-05-03,C2269,Retail farmer,V10,Chilli,Pro-tray,900,1.49,0.0,1341.0,Cash,WhatsApp,Self pickup
O005166,2026-05-03,C0577,Wholesale / dealer,V07,Chilli,Pro-tray,19700,1.39,10.3,24562.55,UPI,Walk-in,Van delivery
O005167,2026-05-03,C2202,Retail farmer,V07,Chilli,Pro-tray,2600,1.36,0.0,3536.0,Cash,Walk-in,Van delivery
O005168,2026-05-03,C2270,Retail farmer,V11,Capsicum,Pro-tray,1900,3.5,0.0,6650.0,Cash,Phone call,Self pickup
O005169,2026-05-03,C0598,Retail farmer,V12,Tomato,Pro-tray,3000,2.0,0.0,6000.0,UPI,Walk-in,Self pickup
O005170,2026-05-03,C0021,Retail farmer,V15,Marigold,Nursery bed,1400,1.35,0.0,1890.0,Cash,Phone call,Self pickup
O005171,2026-05-03,C2271,Retail farmer,V14,Marigold,Pro-tray,1600,1.98,0.0,3168.0,UPI,Phone call,Self pickup
O005172,2026-05-04,C2272,Retail farmer,V02,Chilli,Pro-tray,2200,1.63,0.0,3586.0,Credit,Phone call,Self pickup
O005173,2026-05-04,C1169,Retail farmer,V09,Chilli,Pro-tray,700,1.83,0.0,1281.0,Cash,Walk-in,Self pickup
O005174,2026-05-04,C2273,Retail farmer,V09,Chilli,Pro-tray,2200,1.91,0.0,4202.0,UPI,WhatsApp,Self pickup
O005175,2026-05-04,C1646,Retail farmer,V04,Chilli,Nursery bed,3800,1.31,0.0,4978.0,Credit,WhatsApp,Van delivery
O005176,2026-05-04,C1501,Retail farmer,V09,Chilli,Pro-tray,1300,1.82,0.0,2366.0,UPI,Phone call,Self pickup
O005177,2026-05-04,C1664,Retail farmer,V09,Chilli,Pro-tray,2300,1.91,0.0,4393.0,UPI,Phone call,Self pickup
O005178,2026-05-05,C2274,Retail farmer,V01,Chilli,Pro-tray,2000,1.69,0.0,3380.0,UPI,WhatsApp,Van delivery
O005179,2026-05-05,C1059,Wholesale / dealer,V02,Chilli,Pro-tray,14400,1.62,8.4,21368.45,Cash,Walk-in,Van delivery
O005180,2026-05-05,C1403,Retail farmer,V07,Chilli,Pro-tray,1600,1.38,0.0,2208.0,UPI,Phone call,Self pickup
O005181,2026-05-05,C2275,Retail farmer,V06,Chilli,Pro-tray,900,1.41,0.0,1269.0,UPI,WhatsApp,Self pickup
O005182,2026-05-05,C2175,Retail farmer,V07,Chilli,Pro-tray,900,1.36,0.0,1224.0,UPI,WhatsApp,Van delivery
O005183,2026-05-06,C2047,Retail farmer,V07,Chilli,Pro-tray,500,1.35,0.0,675.0,UPI,Phone call,Van delivery
O005184,2026-05-06,C1556,Wholesale / dealer,V03,Chilli,Pro-tray,7000,1.84,11.4,11411.68,Credit,WhatsApp,Self pickup
O005185,2026-05-06,C1374,Retail farmer,V09,Chilli,Pro-tray,5400,1.9,3.9,9859.86,Cash,Walk-in,Self pickup
O005186,2026-05-06,C1814,Retail farmer,V12,Tomato,Nursery bed,1000,1.4,0.0,1400.0,UPI,Phone call,Self pickup
O005187,2026-05-07,C1917,Retail farmer,V09,Chilli,Pro-tray,1600,1.82,0.0,2912.0,UPI,WhatsApp,Self pickup
O005188,2026-05-07,C2145,Retail farmer,V02,Chilli,Pro-tray,1200,1.65,0.0,1980.0,UPI,Walk-in,Self pickup
O005189,2026-05-07,C2276,Retail farmer,V03,Chilli,Pro-tray,500,1.84,0.0,920.0,Cash,Walk-in,Self pickup
O005190,2026-05-07,C0643,Retail farmer,V12,Tomato,Pro-tray,700,1.98,0.0,1386.0,Cash,WhatsApp,Self pickup
O005191,2026-05-07,C1660,Retail farmer,V13,Brinjal,Pro-tray,800,1.31,0.0,1048.0,UPI,WhatsApp,Self pickup
O005192,2026-05-07,C2277,Retail farmer,V13,Brinjal,Nursery bed,2200,0.86,0.0,1892.0,UPI,Phone call,Van delivery
O005193,2026-05-08,C2278,Retail farmer,V08,Chilli,Nursery bed,1000,1.2,0.0,1200.0,UPI,Walk-in,Self pickup
O005194,2026-05-08,C0088,Retail farmer,V09,Chilli,Pro-tray,1900,1.83,0.0,3477.0,Cash,WhatsApp,Self pickup
O005195,2026-05-08,C1894,Retail farmer,V13,Brinjal,Pro-tray,1800,1.28,0.0,2304.0,UPI,Phone call,Self pickup
O005196,2026-05-09,C0416,Retail farmer,V07,Chilli,Pro-tray,800,1.38,0.0,1104.0,UPI,Phone call,Self pickup
O005197,2026-05-09,C2279,Retail farmer,V01,Chilli,Nursery bed,1000,1.18,0.0,1180.0,Credit,WhatsApp,Self pickup
O005198,2026-05-09,C1409,Wholesale / dealer,V01,Chilli,Pro-tray,6000,1.66,10.1,8954.04,UPI,Walk-in,Van delivery
O005199,2026-05-09,C1225,Retail farmer,V03,Chilli,Nursery bed,1700,1.26,0.0,2142.0,UPI,WhatsApp,Self pickup
O005200,2026-05-09,C2256,Retail farmer,V06,Chilli,Pro-tray,1500,1.44,0.0,2160.0,UPI,WhatsApp,Self pickup
O005201,2026-05-09,C0922,Retail farmer,V07,Chilli,Nursery bed,3400,0.95,0.0,3230.0,UPI,WhatsApp,Self pickup
O005202,2026-05-09,C2280,Retail farmer,V13,Brinjal,Nursery bed,500,0.86,0.0,430.0,Cash,Phone call,Self pickup
O005203,2026-05-10,C0386,Retail farmer,V08,Chilli,Nursery bed,400,1.19,0.0,476.0,UPI,Walk-in,Self pickup
O005204,2026-05-10,C2281,Retail farmer,V07,Chilli,Pro-tray,900,1.41,0.0,1269.0,UPI,Walk-in,Self pickup
O005205,2026-05-10,C1895,Wholesale / dealer,V12,Tomato,Pro-tray,11300,1.99,10.4,20148.35,UPI,Walk-in,Van delivery
O005206,2026-05-10,C2282,Retail farmer,V13,Brinjal,Nursery bed,1200,0.89,0.0,1068.0,UPI,Walk-in,Self pickup
O005207,2026-05-11,C2283,Home gardener,V06,Chilli,Pro-tray,140,1.44,0.0,201.6,UPI,Walk-in,Self pickup
O005208,2026-05-11,C0501,Wholesale / dealer,V09,Chilli,Pro-tray,14500,1.92,9.4,25223.04,UPI,Walk-in,Self pickup
O005209,2026-05-11,C0844,Retail farmer,V05,Chilli,Nursery bed,1300,1.26,0.0,1638.0,Cash,WhatsApp,Self pickup
O005210,2026-05-12,C2284,Home gardener,V03,Chilli,Pro-tray,130,1.84,0.0,239.2,UPI,Walk-in,Self pickup
O005211,2026-05-12,C2285,Retail farmer,V07,Chilli,Pro-tray,1900,1.38,0.0,2622.0,UPI,Walk-in,Self pickup
O005212,2026-05-12,C2286,Retail farmer,V08,Chilli,Pro-tray,2500,1.68,0.0,4200.0,UPI,Walk-in,Self pickup
O005213,2026-05-12,C0319,Wholesale / dealer,V13,Brinjal,Pro-tray,2900,1.33,10.0,3471.3,UPI,Walk-in,Self pickup
O005214,2026-05-13,C2287,Retail farmer,V02,Chilli,Pro-tray,4300,1.63,0.0,7009.0,Cash,Walk-in,Van delivery
O005215,2026-05-13,C1794,Retail farmer,V05,Chilli,Nursery bed,1100,1.2,0.0,1320.0,UPI,Walk-in,Self pickup
O005216,2026-05-13,C1615,Retail farmer,V08,Chilli,Pro-tray,2000,1.71,0.0,3420.0,UPI,Phone call,Self pickup
O005217,2026-05-13,C0911,Retail farmer,V09,Chilli,Pro-tray,2800,1.89,0.0,5292.0,UPI,Walk-in,Self pickup
O005218,2026-05-13,C0039,Retail farmer,V06,Chilli,Pro-tray,2100,1.39,0.0,2919.0,Credit,Walk-in,Van delivery
O005219,2026-05-13,C1556,Wholesale / dealer,V07,Chilli,Nursery bed,6600,0.98,8.7,5905.28,UPI,Phone call,Van delivery
O005220,2026-05-14,C2288,Retail farmer,V03,Chilli,Nursery bed,600,1.28,0.0,768.0,UPI,WhatsApp,Self pickup
O005221,2026-05-14,C2289,Home gardener,V13,Brinjal,Pro-tray,200,1.31,0.0,262.0,UPI,Phone call,Van delivery
O005222,2026-05-15,C2290,Retail farmer,V01,Chilli,Pro-tray,1100,1.73,0.0,1903.0,UPI,WhatsApp,Self pickup
O005223,2026-05-15,C0266,Wholesale / dealer,V01,Chilli,Pro-tray,6100,1.66,8.2,9295.67,UPI,Walk-in,Van delivery
O005224,2026-05-15,C2291,Retail farmer,V12,Tomato,Pro-tray,1600,1.92,0.0,3072.0,Cash,Phone call,Self pickup
O005225,2026-05-15,C2292,Home gardener,V14,Marigold,Pro-tray,190,1.92,0.0,364.8,UPI,Walk-in,Self pickup
O005226,2026-05-16,C2293,Retail farmer,V06,Chilli,Pro-tray,1800,1.39,0.0,2502.0,Cash,Walk-in,Self pickup
O005227,2026-05-16,C2294,Wholesale / dealer,V10,Chilli,Pro-tray,10400,1.53,8.5,14559.48,UPI,Phone call,Self pickup
O005228,2026-05-16,C2295,Retail farmer,V04,Chilli,Pro-tray,2900,1.9,0.0,5510.0,UPI,WhatsApp,Self pickup
O005229,2026-05-16,C0120,Retail farmer,V03,Chilli,Pro-tray,3000,1.76,0.0,5280.0,UPI,Walk-in,Self pickup
O005230,2026-05-16,C1901,Retail farmer,V13,Brinjal,Pro-tray,600,1.34,0.0,804.0,Cash,WhatsApp,Self pickup
O005231,2026-05-16,C0982,Home gardener,V15,Marigold,Pro-tray,50,1.92,0.0,96.0,UPI,Walk-in,Self pickup
O005232,2026-05-17,C1617,Retail farmer,V09,Chilli,Pro-tray,800,1.88,0.0,1504.0,Cash,Phone call,Self pickup
O005233,2026-05-17,C1801,Wholesale / dealer,V03,Chilli,Pro-tray,5900,1.78,11.2,9325.78,UPI,Phone call,Self pickup
O005234,2026-05-17,C1507,Retail farmer,V03,Chilli,Nursery bed,1100,1.3,0.0,1430.0,UPI,Walk-in,Self pickup
O005235,2026-05-18,C2144,Retail farmer,V06,Chilli,Nursery bed,700,1.01,0.0,707.0,Cash,Walk-in,Self pickup
O005236,2026-05-18,C2296,Wholesale / dealer,V02,Chilli,Pro-tray,13400,1.61,9.9,19438.17,UPI,Phone call,Van delivery
O005237,2026-05-18,C1350,Retail farmer,V12,Tomato,Nursery bed,800,1.36,0.0,1088.0,Cash,Phone call,Van delivery
O005238,2026-05-18,C1938,Retail farmer,V15,Marigold,Nursery bed,1100,1.38,0.0,1518.0,UPI,WhatsApp,Self pickup
O005239,2026-05-18,C2297,Retail farmer,V14,Marigold,Nursery bed,700,1.46,0.0,1022.0,UPI,Phone call,Self pickup
O005240,2026-05-19,C2298,Retail farmer,V05,Chilli,Pro-tray,1500,1.76,0.0,2640.0,UPI,Walk-in,Self pickup
O005241,2026-05-19,C1995,Retail farmer,V06,Chilli,Pro-tray,1300,1.43,0.0,1859.0,UPI,Walk-in,Self pickup
O005242,2026-05-19,C2299,Wholesale / dealer,V06,Chilli,Pro-tray,6200,1.4,9.7,7838.04,Cash,Phone call,Self pickup
O005243,2026-05-19,C1541,Retail farmer,V01,Chilli,Pro-tray,4300,1.7,0.0,7310.0,Cash,Walk-in,Self pickup
O005244,2026-05-19,C1677,Retail farmer,V12,Tomato,Pro-tray,1200,1.97,0.0,2364.0,Cash,Walk-in,Self pickup
O005245,2026-05-20,C1378,Retail farmer,V09,Chilli,Nursery bed,2600,1.32,0.0,3432.0,Cash,Walk-in,Self pickup
O005246,2026-05-20,C2300,Retail farmer,V04,Chilli,Pro-tray,1900,1.89,0.0,3591.0,Cash,Walk-in,Van delivery
O005247,2026-05-20,C2180,Retail farmer,V04,Chilli,Nursery bed,1100,1.33,0.0,1463.0,UPI,Walk-in,Self pickup
O005248,2026-05-20,C1208,Retail farmer,V07,Chilli,Pro-tray,1100,1.36,0.0,1496.0,UPI,Phone call,Self pickup
O005249,2026-05-20,C0713,Wholesale / dealer,V15,Marigold,Pro-tray,6100,1.81,8.1,10146.68,Credit,Walk-in,Self pickup
O005250,2026-05-20,C2301,Retail farmer,V14,Marigold,Pro-tray,3600,1.99,0.0,7164.0,UPI,Phone call,Self pickup
O005251,2026-05-21,C1207,Retail farmer,V05,Chilli,Nursery bed,3800,1.27,0.0,4826.0,UPI,Walk-in,Self pickup
O005252,2026-05-21,C0596,Wholesale / dealer,V04,Chilli,Pro-tray,2100,1.89,11.8,3500.66,UPI,Walk-in,Self pickup
O005253,2026-05-21,C2302,Retail farmer,V04,Chilli,Pro-tray,1800,1.86,0.0,3348.0,UPI,Phone call,Self pickup
O005254,2026-05-21,C0883,Retail farmer,V12,Tomato,Pro-tray,700,2.0,0.0,1400.0,UPI,Walk-in,Self pickup
O005255,2026-05-22,C0377,Retail farmer,V07,Chilli,Pro-tray,1600,1.39,0.0,2224.0,Cash,WhatsApp,Self pickup
O005256,2026-05-22,C1689,Retail farmer,V04,Chilli,Pro-tray,1300,1.88,0.0,2444.0,UPI,WhatsApp,Self pickup
O005257,2026-05-22,C2303,Retail farmer,V07,Chilli,Pro-tray,1000,1.41,0.0,1410.0,Cash,Phone call,Self pickup
O005258,2026-05-22,C0467,Retail farmer,V12,Tomato,Pro-tray,1900,1.93,0.0,3667.0,Credit,Walk-in,Self pickup
O005259,2026-05-23,C0331,Retail farmer,V06,Chilli,Pro-tray,2300,1.45,0.0,3335.0,Credit,WhatsApp,Self pickup
O005260,2026-05-23,C2304,Retail farmer,V04,Chilli,Pro-tray,1500,1.84,0.0,2760.0,UPI,Walk-in,Self pickup
O005261,2026-05-23,C2305,Retail farmer,V04,Chilli,Pro-tray,1700,1.82,0.0,3094.0,Cash,WhatsApp,Self pickup
O005262,2026-05-23,C2306,Retail farmer,V08,Chilli,Pro-tray,2200,1.72,0.0,3784.0,Credit,Phone call,Self pickup
O005263,2026-05-23,C2307,Retail farmer,V09,Chilli,Nursery bed,2000,1.31,0.0,2620.0,Cash,Phone call,Self pickup
O005264,2026-05-23,C2308,Retail farmer,V13,Brinjal,Nursery bed,700,0.89,0.0,623.0,UPI,Walk-in,Self pickup
O005265,2026-05-24,C2309,Retail farmer,V01,Chilli,Pro-tray,1400,1.7,0.0,2380.0,Cash,WhatsApp,Van delivery
O005266,2026-05-24,C2310,Retail farmer,V09,Chilli,Pro-tray,2500,1.92,0.0,4800.0,Cash,Phone call,Self pickup
O005267,2026-05-24,C0134,Retail farmer,V08,Chilli,Pro-tray,1000,1.69,0.0,1690.0,UPI,Walk-in,Self pickup
O005268,2026-05-24,C1186,Retail farmer,V10,Chilli,Pro-tray,1400,1.51,0.0,2114.0,Cash,Walk-in,Self pickup
O005269,2026-05-24,C2311,Retail farmer,V03,Chilli,Pro-tray,1700,1.76,0.0,2992.0,Cash,Walk-in,Self pickup
O005270,2026-05-24,C2312,Retail farmer,V11,Capsicum,Pro-tray,200,3.57,0.0,714.0,UPI,WhatsApp,Self pickup
O005271,2026-05-25,C1703,Retail farmer,V04,Chilli,Pro-tray,1400,1.88,0.0,2632.0,UPI,Walk-in,Self pickup
O005272,2026-05-25,C2313,Retail farmer,V02,Chilli,Pro-tray,2400,1.67,0.0,4008.0,Cash,WhatsApp,Self pickup
O005273,2026-05-25,C1977,Wholesale / dealer,V02,Chilli,Nursery bed,3700,1.13,9.2,3796.35,UPI,Walk-in,Self pickup
O005274,2026-05-25,C1839,Retail farmer,V04,Chilli,Pro-tray,1100,1.89,0.0,2079.0,UPI,Phone call,Self pickup
O005275,2026-05-25,C1022,Home gardener,V12,Tomato,Pro-tray,40,1.92,0.0,76.8,UPI,Walk-in,Self pickup
O005276,2026-05-25,C2314,Retail farmer,V12,Tomato,Pro-tray,2800,2.0,0.0,5600.0,UPI,Phone call,Self pickup
O005277,2026-05-26,C0993,Retail farmer,V10,Chilli,Pro-tray,1400,1.51,0.0,2114.0,Cash,Phone call,Self pickup
O005278,2026-05-26,C2315,Retail farmer,V12,Tomato,Pro-tray,1400,1.99,0.0,2786.0,Cash,Phone call,Van delivery
O005279,2026-05-27,C2316,Retail farmer,V03,Chilli,Pro-tray,2000,1.86,0.0,3720.0,Cash,Walk-in,Self pickup
O005280,2026-05-27,C0193,Retail farmer,V09,Chilli,Pro-tray,2300,1.84,0.0,4232.0,UPI,Walk-in,Van delivery
O005281,2026-05-27,C1069,Retail farmer,V13,Brinjal,Pro-tray,700,1.3,0.0,910.0,UPI,Walk-in,Self pickup
O005282,2026-05-28,C2317,Retail farmer,V08,Chilli,Pro-tray,900,1.7,0.0,1530.0,Cash,Phone call,Van delivery
O005283,2026-05-28,C1555,Retail farmer,V05,Chilli,Pro-tray,1200,1.8,0.0,2160.0,Cash,WhatsApp,Self pickup
O005284,2026-05-28,C2013,Retail farmer,V11,Capsicum,Pro-tray,700,3.44,0.0,2408.0,Cash,Walk-in,Self pickup
O005285,2026-05-28,C2318,Retail farmer,V15,Marigold,Nursery bed,1100,1.37,0.0,1507.0,UPI,Walk-in,Self pickup
O005286,2026-05-29,C2319,Retail farmer,V10,Chilli,Nursery bed,1000,1.04,0.0,1040.0,UPI,WhatsApp,Self pickup
O005287,2026-05-29,C1611,Wholesale / dealer,V02,Chilli,Pro-tray,16400,1.61,9.1,24001.24,UPI,Phone call,Self pickup
O005288,2026-05-29,C0408,Retail farmer,V07,Chilli,Nursery bed,500,0.98,0.0,490.0,UPI,Phone call,Self pickup
O005289,2026-05-29,C2320,Retail farmer,V13,Brinjal,Pro-tray,600,1.3,0.0,780.0,UPI,Walk-in,Self pickup
O005290,2026-05-29,C0080,Retail farmer,V13,Brinjal,Pro-tray,600,1.34,0.0,804.0,UPI,Phone call,Self pickup
O005291,2026-05-29,C0935,Retail farmer,V13,Brinjal,Nursery bed,700,0.88,0.0,616.0,UPI,WhatsApp,Van delivery
O005292,2026-05-29,C2321,Retail farmer,V14,Marigold,Nursery bed,2200,1.42,0.0,3124.0,UPI,Walk-in,Self pickup
O005293,2026-05-30,C0219,Retail farmer,V03,Chilli,Pro-tray,900,1.76,0.0,1584.0,UPI,Walk-in,Self pickup
O005294,2026-05-30,C1127,Wholesale / dealer,V08,Chilli,Nursery bed,2700,1.19,9.8,2898.13,Cash,Phone call,Self pickup
O005295,2026-05-30,C2322,Home gardener,V11,Capsicum,Pro-tray,110,3.49,0.0,383.9,UPI,WhatsApp,Self pickup
O005296,2026-05-30,C0193,Retail farmer,V14,Marigold,Pro-tray,2100,2.01,0.0,4221.0,Cash,Walk-in,Self pickup
O005297,2026-05-31,C1821,Retail farmer,V09,Chilli,Nursery bed,800,1.29,0.0,1032.0,UPI,Walk-in,Self pickup
O005298,2026-05-31,C1648,Retail farmer,V01,Chilli,Pro-tray,3100,1.65,0.0,5115.0,Cash,Walk-in,Van delivery
O005299,2026-05-31,C0742,Retail farmer,V05,Chilli,Nursery bed,1300,1.23,0.0,1599.0,UPI,Phone call,Van delivery
O005300,2026-05-31,C2323,Retail farmer,V03,Chilli,Pro-tray,2500,1.77,0.0,4425.0,Credit,Phone call,Self pickup
O005301,2026-05-31,C1232,Retail farmer,V13,Brinjal,Nursery bed,2500,0.87,0.0,2175.0,UPI,Phone call,Self pickup
O005302,2026-06-01,C0178,Retail farmer,V02,Chilli,Pro-tray,1800,1.67,0.0,3006.0,Cash,Phone call,Self pickup
O005303,2026-06-01,C1303,Retail farmer,V08,Chilli,Nursery bed,1500,1.2,0.0,1800.0,Credit,Phone call,Self pickup
O005304,2026-06-01,C1538,Retail farmer,V09,Chilli,Pro-tray,1100,1.86,0.0,2046.0,Credit,WhatsApp,Self pickup
O005305,2026-06-01,C0152,Retail farmer,V02,Chilli,Pro-tray,900,1.68,0.0,1512.0,Credit,Walk-in,Self pickup
O005306,2026-06-01,C2324,Retail farmer,V09,Chilli,Pro-tray,500,1.88,0.0,940.0,Cash,Phone call,Self pickup
O005307,2026-06-01,C0392,Retail farmer,V13,Brinjal,Pro-tray,500,1.3,0.0,650.0,Cash,WhatsApp,Self pickup
O005308,2026-06-01,C1770,Retail farmer,V13,Brinjal,Pro-tray,700,1.3,0.0,910.0,Cash,WhatsApp,Self pickup
O005309,2026-06-02,C2325,Retail farmer,V01,Chilli,Pro-tray,1300,1.74,0.0,2262.0,UPI,WhatsApp,Self pickup
O005310,2026-06-02,C0323,Wholesale / dealer,V01,Chilli,Pro-tray,15900,1.72,10.7,24421.76,Credit,Walk-in,Van delivery
O005311,2026-06-02,C0857,Retail farmer,V06,Chilli,Pro-tray,1400,1.46,0.0,2044.0,UPI,Walk-in,Self pickup
O005312,2026-06-02,C1892,Retail farmer,V01,Chilli,Pro-tray,1500,1.68,0.0,2520.0,UPI,Phone call,Van delivery
O005313,2026-06-02,C2237,Retail farmer,V06,Chilli,Pro-tray,1400,1.43,0.0,2002.0,UPI,Walk-in,Self pickup
O005314,2026-06-02,C1826,Retail farmer,V01,Chilli,Pro-tray,1000,1.73,0.0,1730.0,UPI,Phone call,Self pickup
O005315,2026-06-02,C2326,Retail farmer,V12,Tomato,Pro-tray,2400,1.95,0.0,4680.0,Cash,Walk-in,Self pickup
O005316,2026-06-02,C2327,Retail farmer,V15,Marigold,Nursery bed,1200,1.34,0.0,1608.0,Cash,Walk-in,Self pickup
O005317,2026-06-02,C2328,Retail farmer,V16,Tobacco,Nursery bed,29500,0.13,2.7,3731.46,UPI,Walk-in,Self pickup
O005318,2026-06-02,C0560,Wholesale / dealer,V16,Tobacco,Nursery bed,57300,0.13,10.3,6681.75,Credit,WhatsApp,Van delivery
O005319,2026-06-03,C0186,Retail farmer,V03,Chilli,Pro-tray,2200,1.76,0.0,3872.0,UPI,Phone call,Self pickup
O005320,2026-06-03,C1567,Wholesale / dealer,V04,Chilli,Nursery bed,9300,1.34,8.8,11365.34,Credit,WhatsApp,Van delivery
O005321,2026-06-03,C1629,Wholesale / dealer,V04,Chilli,Pro-tray,27100,1.91,11.5,45808.48,UPI,WhatsApp,Self pickup
O005322,2026-06-03,C2329,Retail farmer,V01,Chilli,Nursery bed,2200,1.22,0.0,2684.0,Credit,Phone call,Self pickup
O005323,2026-06-03,C1681,Wholesale / dealer,V01,Chilli,Nursery bed,9800,1.17,8.5,10491.39,Credit,Walk-in,Self pickup
O005324,2026-06-03,C2330,Retail farmer,V05,Chilli,Pro-tray,700,1.78,0.0,1246.0,Cash,Phone call,Self pickup
O005325,2026-06-03,C2331,Retail farmer,V04,Chilli,Pro-tray,3000,1.92,0.0,5760.0,Cash,WhatsApp,Self pickup
O005326,2026-06-03,C1573,Retail farmer,V01,Chilli,Pro-tray,1100,1.7,0.0,1870.0,UPI,WhatsApp,Self pickup
O005327,2026-06-03,C2332,Retail farmer,V08,Chilli,Nursery bed,1000,1.24,0.0,1240.0,Credit,Phone call,Self pickup
O005328,2026-06-03,C0767,Retail farmer,V09,Chilli,Pro-tray,1800,1.92,0.0,3456.0,UPI,WhatsApp,Van delivery
O005329,2026-06-03,C1367,Retail farmer,V03,Chilli,Pro-tray,2600,1.78,0.0,4628.0,Cash,Phone call,Self pickup
O005330,2026-06-03,C2333,Retail farmer,V13,Brinjal,Pro-tray,400,1.29,0.0,516.0,Cash,Phone call,Self pickup
O005331,2026-06-04,C2065,Retail farmer,V03,Chilli,Pro-tray,3600,1.85,0.0,6660.0,UPI,WhatsApp,Self pickup
O005332,2026-06-04,C2334,Retail farmer,V02,Chilli,Pro-tray,1700,1.65,0.0,2805.0,Credit,Walk-in,Self pickup
O005333,2026-06-04,C2335,Retail farmer,V01,Chilli,Pro-tray,900,1.67,0.0,1503.0,Cash,Walk-in,Van delivery
O005334,2026-06-04,C0009,Wholesale / dealer,V09,Chilli,Pro-tray,4200,1.88,8.1,7256.42,UPI,WhatsApp,Self pickup
O005335,2026-06-04,C2336,Retail farmer,V08,Chilli,Pro-tray,700,1.74,0.0,1218.0,Credit,Walk-in,Self pickup
O005336,2026-06-04,C2337,Retail farmer,V01,Chilli,Nursery bed,1500,1.22,0.0,1830.0,Cash,Walk-in,Self pickup
O005337,2026-06-04,C2102,Wholesale / dealer,V01,Chilli,Pro-tray,4100,1.69,9.5,6270.74,UPI,Walk-in,Self pickup
O005338,2026-06-04,C2338,Retail farmer,V02,Chilli,Pro-tray,1900,1.7,0.0,3230.0,UPI,Walk-in,Self pickup
O005339,2026-06-04,C2339,Retail farmer,V13,Brinjal,Nursery bed,600,0.9,0.0,540.0,Cash,Walk-in,Self pickup
O005340,2026-06-04,C0788,Retail farmer,V13,Brinjal,Nursery bed,900,0.86,0.0,774.0,Cash,Phone call,Self pickup
O005341,2026-06-05,C2340,Wholesale / dealer,V08,Chilli,Pro-tray,5000,1.71,8.5,7823.25,UPI,Phone call,Self pickup
O005342,2026-06-05,C2341,Retail farmer,V04,Chilli,Pro-tray,3800,1.85,0.0,7030.0,Cash,Walk-in,Self pickup
O005343,2026-06-05,C1621,Wholesale / dealer,V07,Chilli,Pro-tray,6700,1.38,9.2,8395.37,UPI,WhatsApp,Van delivery
O005344,2026-06-05,C2342,Retail farmer,V06,Chilli,Nursery bed,1200,1.02,0.0,1224.0,UPI,Phone call,Self pickup
O005345,2026-06-05,C0417,Wholesale / dealer,V05,Chilli,Pro-tray,8600,1.78,9.6,13838.43,Credit,Walk-in,Self pickup
O005346,2026-06-05,C2343,Retail farmer,V06,Chilli,Pro-tray,1400,1.47,0.0,2058.0,UPI,Walk-in,Self pickup
O005347,2026-06-05,C0758,Wholesale / dealer,V09,Chilli,Nursery bed,8600,1.35,11.0,10332.9,Credit,Phone call,Van delivery
O005348,2026-06-05,C0589,Retail farmer,V02,Chilli,Pro-tray,1400,1.65,0.0,2310.0,UPI,Walk-in,Self pickup
O005349,2026-06-05,C1366,Retail farmer,V09,Chilli,Nursery bed,1000,1.33,0.0,1330.0,UPI,Walk-in,Self pickup
O005350,2026-06-05,C1735,Retail farmer,V03,Chilli,Pro-tray,1500,1.8,0.0,2700.0,UPI,Walk-in,Self pickup
O005351,2026-06-05,C2344,Retail farmer,V10,Chilli,Pro-tray,2000,1.47,0.0,2940.0,UPI,Walk-in,Self pickup
O005352,2026-06-05,C0981,Wholesale / dealer,V11,Capsicum,Pro-tray,1500,3.62,11.8,4789.26,UPI,Phone call,Self pickup
O005353,2026-06-06,C0513,Retail farmer,V01,Chilli,Pro-tray,2800,1.72,0.0,4816.0,Cash,WhatsApp,Self pickup
O005354,2026-06-06,C1082,Retail farmer,V07,Chilli,Pro-tray,800,1.39,0.0,1112.0,UPI,Phone call,Self pickup
O005355,2026-06-06,C0881,Retail farmer,V01,Chilli,Pro-tray,1400,1.71,0.0,2394.0,UPI,Walk-in,Van delivery
O005356,2026-06-06,C1693,Retail farmer,V09,Chilli,Pro-tray,700,1.83,0.0,1281.0,Cash,Walk-in,Self pickup
O005357,2026-06-06,C2304,Retail farmer,V05,Chilli,Pro-tray,1200,1.79,0.0,2148.0,Cash,Walk-in,Self pickup
O005358,2026-06-06,C1622,Retail farmer,V11,Capsicum,Pro-tray,1400,3.58,0.0,5012.0,UPI,Walk-in,Self pickup
O005359,2026-06-06,C0117,Retail farmer,V12,Tomato,Pro-tray,500,1.93,0.0,965.0,UPI,WhatsApp,Self pickup
O005360,2026-06-06,C2345,Retail farmer,V13,Brinjal,Pro-tray,1300,1.36,0.0,1768.0,Cash,WhatsApp,Self pickup
O005361,2026-06-06,C0772,Retail farmer,V14,Marigold,Nursery bed,2100,1.42,0.0,2982.0,UPI,Phone call,Van delivery
O005362,2026-06-07,C1273,Retail farmer,V01,Chilli,Pro-tray,2400,1.72,0.0,4128.0,Cash,Walk-in,Self pickup
O005363,2026-06-07,C2043,Retail farmer,V03,Chilli,Pro-tray,1000,1.86,0.0,1860.0,UPI,Walk-in,Self pickup
O005364,2026-06-07,C2346,Retail farmer,V09,Chilli,Nursery bed,1900,1.3,0.0,2470.0,Cash,Walk-in,Self pickup
O005365,2026-06-07,C0911,Retail farmer,V09,Chilli,Nursery bed,1900,1.34,0.0,2546.0,Credit,WhatsApp,Self pickup
O005366,2026-06-07,C0485,Wholesale / dealer,V03,Chilli,Pro-tray,2900,1.8,8.6,4771.08,UPI,WhatsApp,Self pickup
O005367,2026-06-07,C2347,Home gardener,V06,Chilli,Pro-tray,30,1.39,0.0,41.7,Cash,Phone call,Self pickup
O005368,2026-06-07,C2088,Retail farmer,V10,Chilli,Pro-tray,700,1.52,0.0,1064.0,UPI,Phone call,Self pickup
O005369,2026-06-07,C2348,Retail farmer,V06,Chilli,Pro-tray,1400,1.4,0.0,1960.0,UPI,Walk-in,Self pickup
O005370,2026-06-07,C2349,Retail farmer,V03,Chilli,Nursery bed,400,1.27,0.0,508.0,UPI,Phone call,Self pickup
O005371,2026-06-07,C2350,Retail farmer,V06,Chilli,Nursery bed,1300,0.98,0.0,1274.0,UPI,Phone call,Self pickup
O005372,2026-06-07,C0892,Wholesale / dealer,V02,Chilli,Pro-tray,5800,1.66,11.7,8501.52,Credit,WhatsApp,Van delivery
O005373,2026-06-07,C0140,Retail farmer,V11,Capsicum,Pro-tray,600,3.43,0.0,2058.0,UPI,Phone call,Van delivery
O005374,2026-06-07,C2351,Home gardener,V12,Tomato,Pro-tray,170,2.04,0.0,346.8,UPI,Walk-in,Self pickup
O005375,2026-06-07,C0029,Retail farmer,V13,Brinjal,Nursery bed,700,0.89,0.0,623.0,UPI,WhatsApp,Van delivery
O005376,2026-06-08,C2352,Retail farmer,V01,Chilli,Nursery bed,1300,1.23,0.0,1599.0,UPI,WhatsApp,Van delivery
O005377,2026-06-08,C1107,Retail farmer,V06,Chilli,Nursery bed,2800,0.98,0.0,2744.0,Cash,Phone call,Self pickup
O005378,2026-06-08,C2353,Retail farmer,V05,Chilli,Pro-tray,700,1.75,0.0,1225.0,UPI,Phone call,Self pickup
O005379,2026-06-08,C2354,Wholesale / dealer,V06,Chilli,Pro-tray,12100,1.47,10.8,15866.0,UPI,WhatsApp,Self pickup
O005380,2026-06-08,C2355,Retail farmer,V02,Chilli,Pro-tray,700,1.63,0.0,1141.0,Cash,Phone call,Van delivery
O005381,2026-06-08,C2356,Home gardener,V10,Chilli,Pro-tray,110,1.53,0.0,168.3,Credit,Walk-in,Self pickup
O005382,2026-06-08,C2357,Retail farmer,V08,Chilli,Pro-tray,3100,1.75,0.0,5425.0,Cash,WhatsApp,Self pickup
O005383,2026-06-08,C0895,Retail farmer,V12,Tomato,Pro-tray,500,2.02,0.0,1010.0,UPI,Phone call,Van delivery
O005384,2026-06-08,C1105,Retail farmer,V12,Tomato,Nursery bed,1300,1.42,0.0,1846.0,Cash,Phone call,Self pickup
O005385,2026-06-08,C1852,Home gardener,V13,Brinjal,Pro-tray,50,1.32,0.0,66.0,Credit,Phone call,Self pickup
O005386,2026-06-08,C2358,Wholesale / dealer,V14,Marigold,Pro-tray,2900,2.03,9.4,5333.62,UPI,Phone call,Self pickup
O005387,2026-06-08,C0084,Retail farmer,V14,Marigold,Pro-tray,1700,2.01,0.0,3417.0,UPI,Walk-in,Self pickup
O005388,2026-06-09,C1183,Retail farmer,V06,Chilli,Pro-tray,1300,1.46,0.0,1898.0,Credit,Walk-in,Self pickup
O005389,2026-06-09,C0008,Wholesale / dealer,V09,Chilli,Nursery bed,10800,1.29,9.1,12664.19,UPI,Walk-in,Van delivery
O005390,2026-06-09,C2359,Retail farmer,V05,Chilli,Pro-tray,3200,1.71,0.0,5472.0,UPI,Phone call,Self pickup
O005391,2026-06-09,C2318,Retail farmer,V04,Chilli,Pro-tray,1100,1.92,0.0,2112.0,UPI,WhatsApp,Self pickup
O005392,2026-06-09,C1499,Retail farmer,V03,Chilli,Pro-tray,2000,1.85,0.0,3700.0,UPI,Phone call,Self pickup
O005393,2026-06-09,C1176,Wholesale / dealer,V04,Chilli,Nursery bed,6700,1.31,11.0,7811.53,Credit,Walk-in,Van delivery
O005394,2026-06-09,C2360,Retail farmer,V06,Chilli,Nursery bed,1200,0.98,0.0,1176.0,UPI,Walk-in,Self pickup
O005395,2026-06-09,C2361,Retail farmer,V12,Tomato,Pro-tray,600,1.95,0.0,1170.0,Cash,WhatsApp,Self pickup
O005396,2026-06-09,C2150,Retail farmer,V12,Tomato,Pro-tray,1600,1.97,0.0,3152.0,Cash,Walk-in,Self pickup
O005397,2026-06-09,C2362,Retail farmer,V12,Tomato,Nursery bed,700,1.39,0.0,973.0,Cash,Phone call,Self pickup
O005398,2026-06-09,C1933,Wholesale / dealer,V13,Brinjal,Nursery bed,4000,0.87,11.8,3069.36,UPI,WhatsApp,Van delivery
O005399,2026-06-10,C2363,Wholesale / dealer,V03,Chilli,Pro-tray,13200,1.82,9.3,21789.77,UPI,Phone call,Self pickup
O005400,2026-06-10,C2001,Retail farmer,V04,Chilli,Pro-tray,1300,1.89,0.0,2457.0,Cash,Walk-in,Self pickup
O005401,2026-06-10,C0784,Retail farmer,V01,Chilli,Pro-tray,800,1.74,0.0,1392.0,Credit,WhatsApp,Van delivery
O005402,2026-06-10,C1329,Retail farmer,V03,Chilli,Pro-tray,1400,1.76,0.0,2464.0,Cash,Phone call,Self pickup
O005403,2026-06-10,C2364,Retail farmer,V09,Chilli,Pro-tray,1200,1.91,0.0,2292.0,Cash,WhatsApp,Self pickup
O005404,2026-06-10,C0224,Wholesale / dealer,V09,Chilli,Nursery bed,5900,1.3,10.4,6872.32,UPI,Walk-in,Van delivery
O005405,2026-06-10,C2365,Home gardener,V05,Chilli,Pro-tray,110,1.75,0.0,192.5,UPI,WhatsApp,Self pickup
O005406,2026-06-10,C2366,Retail farmer,V04,Chilli,Pro-tray,1700,1.89,0.0,3213.0,Credit,Walk-in,Self pickup
O005407,2026-06-10,C1927,Retail farmer,V04,Chilli,Pro-tray,3300,1.9,0.0,6270.0,UPI,WhatsApp,Self pickup
O005408,2026-06-10,C2367,Retail farmer,V08,Chilli,Pro-tray,2600,1.75,0.0,4550.0,UPI,Walk-in,Van delivery
O005409,2026-06-10,C2368,Home gardener,V09,Chilli,Pro-tray,140,1.85,0.0,259.0,Credit,Phone call,Self pickup
O005410,2026-06-10,C2369,Retail farmer,V02,Chilli,Pro-tray,3100,1.69,0.0,5239.0,Credit,WhatsApp,Self pickup
O005411,2026-06-10,C2370,Home gardener,V12,Tomato,Pro-tray,190,1.92,0.0,364.8,UPI,Phone call,Self pickup
O005412,2026-06-11,C2371,Home gardener,V09,Chilli,Pro-tray,20,1.89,0.0,37.8,UPI,Phone call,Self pickup
O005413,2026-06-11,C0425,Retail farmer,V01,Chilli,Pro-tray,800,1.75,0.0,1400.0,Cash,Walk-in,Self pickup
O005414,2026-06-11,C2372,Retail farmer,V07,Chilli,Pro-tray,1300,1.4,0.0,1820.0,Cash,Phone call,Self pickup
O005415,2026-06-11,C1638,Retail farmer,V04,Chilli,Pro-tray,2900,1.91,0.0,5539.0,Cash,WhatsApp,Self pickup
O005416,2026-06-11,C0234,Retail farmer,V03,Chilli,Nursery bed,2200,1.24,0.0,2728.0,UPI,Phone call,Self pickup
O005417,2026-06-11,C2373,Retail farmer,V12,Tomato,Pro-tray,500,2.03,0.0,1015.0,Cash,WhatsApp,Self pickup
O005418,2026-06-11,C0139,Wholesale / dealer,V12,Tomato,Pro-tray,22100,1.96,11.3,38421.29,Credit,Walk-in,Self pickup
O005419,2026-06-11,C2091,Retail farmer,V13,Brinjal,Nursery bed,3100,0.88,0.0,2728.0,UPI,Walk-in,Self pickup
O005420,2026-06-11,C1528,Wholesale / dealer,V13,Brinjal,Pro-tray,3800,1.28,8.9,4431.1,Credit,Walk-in,Self pickup
O005421,2026-06-12,C2374,Retail farmer,V08,Chilli,Nursery bed,2500,1.25,0.0,3125.0,Cash,Phone call,Self pickup
O005422,2026-06-12,C1558,Retail farmer,V07,Chilli,Nursery bed,1200,0.95,0.0,1140.0,Credit,WhatsApp,Self pickup
O005423,2026-06-12,C2375,Retail farmer,V01,Chilli,Pro-tray,1000,1.66,0.0,1660.0,Credit,Walk-in,Self pickup
O005424,2026-06-12,C2376,Wholesale / dealer,V02,Chilli,Pro-tray,8600,1.68,8.9,13162.13,Cash,Walk-in,Van delivery
O005425,2026-06-12,C2317,Retail farmer,V04,Chilli,Nursery bed,2500,1.31,0.0,3275.0,Credit,Walk-in,Self pickup
O005426,2026-06-12,C2034,Wholesale / dealer,V01,Chilli,Pro-tray,5600,1.73,9.8,8738.58,Credit,Walk-in,Van delivery
O005427,2026-06-12,C2377,Retail farmer,V01,Chilli,Pro-tray,1600,1.68,0.0,2688.0,UPI,Phone call,Van delivery
O005428,2026-06-12,C0083,Wholesale / dealer,V05,Chilli,Pro-tray,5500,1.76,11.8,8537.76,UPI,Phone call,Van delivery
O005429,2026-06-12,C1216,Wholesale / dealer,V01,Chilli,Pro-tray,4200,1.74,10.4,6547.97,UPI,Walk-in,Self pickup
O005430,2026-06-12,C2378,Retail farmer,V10,Chilli,Nursery bed,1400,1.05,0.0,1470.0,UPI,WhatsApp,Self pickup
O005431,2026-06-12,C2379,Retail farmer,V07,Chilli,Nursery bed,1600,0.97,0.0,1552.0,Cash,Phone call,Self pickup
O005432,2026-06-12,C2380,Retail farmer,V12,Tomato,Pro-tray,1500,2.0,0.0,3000.0,Credit,WhatsApp,Self pickup
O005433,2026-06-12,C2381,Retail farmer,V12,Tomato,Pro-tray,1500,1.98,0.0,2970.0,UPI,WhatsApp,Van delivery
O005434,2026-06-12,C0943,Retail farmer,V13,Brinjal,Nursery bed,1900,0.87,0.0,1653.0,UPI,Walk-in,Self pickup
O005435,2026-06-13,C2382,Retail farmer,V01,Chilli,Nursery bed,3500,1.24,0.0,4340.0,Cash,Phone call,Van delivery
O005436,2026-06-13,C0630,Retail farmer,V09,Chilli,Pro-tray,700,1.88,0.0,1316.0,Cash,Walk-in,Self pickup
O005437,2026-06-13,C0167,Wholesale / dealer,V06,Chilli,Pro-tray,7200,1.44,10.7,9258.62,UPI,WhatsApp,Van delivery
O005438,2026-06-13,C2383,Retail farmer,V08,Chilli,Pro-tray,1800,1.75,0.0,3150.0,UPI,Walk-in,Self pickup
O005439,2026-06-13,C2384,Retail farmer,V03,Chilli,Pro-tray,3200,1.85,0.0,5920.0,Cash,Phone call,Self pickup
O005440,2026-06-13,C2385,Retail farmer,V12,Tomato,Pro-tray,900,1.98,0.0,1782.0,Cash,WhatsApp,Self pickup
O005441,2026-06-13,C1102,Retail farmer,V12,Tomato,Nursery bed,1300,1.38,0.0,1794.0,Cash,Walk-in,Self pickup
O005442,2026-06-13,C0179,Retail farmer,V12,Tomato,Pro-tray,200,2.03,0.0,406.0,Cash,Walk-in,Self pickup
O005443,2026-06-13,C2386,Retail farmer,V13,Brinjal,Pro-tray,900,1.28,0.0,1152.0,UPI,Phone call,Self pickup
O005444,2026-06-13,C0961,Wholesale / dealer,V15,Marigold,Pro-tray,16900,1.92,9.5,29365.44,Credit,Phone call,Self pickup
O005445,2026-06-13,C2387,Retail farmer,V14,Marigold,Pro-tray,1900,1.96,0.0,3724.0,Cash,WhatsApp,Self pickup
O005446,2026-06-14,C2388,Retail farmer,V06,Chilli,Pro-tray,2100,1.44,0.0,3024.0,UPI,Walk-in,Self pickup
O005447,2026-06-14,C0892,Wholesale / dealer,V05,Chilli,Nursery bed,4900,1.23,9.1,5478.54,Credit,WhatsApp,Self pickup
O005448,2026-06-14,C2389,Retail farmer,V01,Chilli,Pro-tray,1900,1.66,0.0,3154.0,Credit,Phone call,Self pickup
O005449,2026-06-14,C2390,Wholesale / dealer,V06,Chilli,Pro-tray,5100,1.44,10.9,6543.5,UPI,Walk-in,Van delivery
O005450,2026-06-14,C2391,Retail farmer,V04,Chilli,Pro-tray,2500,1.9,0.0,4750.0,UPI,Walk-in,Self pickup
O005451,2026-06-14,C2392,Retail farmer,V09,Chilli,Nursery bed,1000,1.33,0.0,1330.0,Cash,Phone call,Self pickup
O005452,2026-06-14,C2393,Retail farmer,V06,Chilli,Nursery bed,3300,0.98,0.0,3234.0,Cash,Phone call,Self pickup
O005453,2026-06-14,C2394,Retail farmer,V02,Chilli,Pro-tray,4600,1.62,0.0,7452.0,UPI,Walk-in,Self pickup
O005454,2026-06-14,C1868,Wholesale / dealer,V09,Chilli,Nursery bed,9800,1.35,8.9,12052.53,UPI,Walk-in,Van delivery
O005455,2026-06-14,C0729,Wholesale / dealer,V05,Chilli,Pro-tray,10600,1.73,10.2,16467.52,UPI,Phone call,Van delivery
O005456,2026-06-14,C0902,Retail farmer,V01,Chilli,Pro-tray,2400,1.74,0.0,4176.0,Credit,Walk-in,Self pickup
O005457,2026-06-14,C0006,Retail farmer,V03,Chilli,Nursery bed,2600,1.26,0.0,3276.0,Cash,Walk-in,Self pickup
O005458,2026-06-14,C2395,Retail farmer,V07,Chilli,Pro-tray,1100,1.41,0.0,1551.0,Cash,Phone call,Self pickup
O005459,2026-06-14,C0262,Wholesale / dealer,V14,Marigold,Nursery bed,5600,1.47,12.0,7244.16,UPI,WhatsApp,Self pickup
O005460,2026-06-14,C2396,Home gardener,V14,Marigold,Pro-tray,170,2.04,0.0,346.8,Cash,Walk-in,Van delivery
O005461,2026-06-14,C1097,Retail farmer,V14,Marigold,Pro-tray,2400,1.92,0.0,4608.0,Cash,Phone call,Van delivery
O005462,2026-06-15,C0247,Retail farmer,V07,Chilli,Pro-tray,600,1.34,0.0,804.0,Cash,Walk-in,Self pickup
O005463,2026-06-15,C2397,Retail farmer,V07,Chilli,Pro-tray,1800,1.42,0.0,2556.0,Credit,Walk-in,Self pickup
O005464,2026-06-15,C2398,Retail farmer,V02,Chilli,Pro-tray,1000,1.63,0.0,1630.0,UPI,Phone call,Self pickup
O005465,2026-06-15,C1266,Retail farmer,V03,Chilli,Pro-tray,1400,1.85,0.0,2590.0,Cash,Walk-in,Self pickup
O005466,2026-06-15,C1649,Retail farmer,V10,Chilli,Nursery bed,2100,1.05,0.0,2205.0,Credit,Walk-in,Self pickup
O005467,2026-06-15,C2172,Retail farmer,V02,Chilli,Pro-tray,2500,1.68,0.0,4200.0,UPI,Phone call,Self pickup
O005468,2026-06-15,C1792,Retail farmer,V01,Chilli,Pro-tray,1100,1.72,0.0,1892.0,Cash,Phone call,Self pickup
O005469,2026-06-15,C2399,Retail farmer,V03,Chilli,Pro-tray,900,1.8,0.0,1620.0,Cash,Phone call,Self pickup
O005470,2026-06-15,C2400,Retail farmer,V01,Chilli,Pro-tray,1500,1.71,0.0,2565.0,Cash,Phone call,Self pickup
O005471,2026-06-15,C2191,Retail farmer,V02,Chilli,Pro-tray,1300,1.68,0.0,2184.0,UPI,WhatsApp,Self pickup
O005472,2026-06-15,C2401,Retail farmer,V09,Chilli,Pro-tray,2000,1.92,0.0,3840.0,UPI,Phone call,Self pickup
O005473,2026-06-15,C2402,Retail farmer,V04,Chilli,Nursery bed,700,1.34,0.0,938.0,Cash,WhatsApp,Self pickup
O005474,2026-06-15,C2403,Retail farmer,V01,Chilli,Pro-tray,2800,1.68,0.0,4704.0,Credit,WhatsApp,Self pickup
O005475,2026-06-15,C2404,Retail farmer,V06,Chilli,Pro-tray,1700,1.43,0.0,2431.0,UPI,Walk-in,Self pickup
O005476,2026-06-15,C2405,Retail farmer,V07,Chilli,Pro-tray,700,1.34,0.0,938.0,UPI,Phone call,Self pickup
O005477,2026-06-15,C2406,Retail farmer,V08,Chilli,Pro-tray,600,1.7,0.0,1020.0,UPI,WhatsApp,Self pickup
O005478,2026-06-15,C2239,Wholesale / dealer,V03,Chilli,Pro-tray,16700,1.76,10.0,26452.8,Credit,Walk-in,Van delivery
O005479,2026-06-15,C2407,Retail farmer,V04,Chilli,Nursery bed,1100,1.29,0.0,1419.0,UPI,Walk-in,Self pickup
O005480,2026-06-15,C2408,Retail farmer,V12,Tomato,Pro-tray,500,2.04,0.0,1020.0,Cash,Walk-in,Self pickup
O005481,2026-06-15,C2409,Retail farmer,V13,Brinjal,Pro-tray,500,1.35,0.0,675.0,UPI,Phone call,Self pickup
O005482,2026-06-15,C0283,Retail farmer,V13,Brinjal,Pro-tray,600,1.28,0.0,768.0,UPI,WhatsApp,Self pickup
O005483,2026-06-15,C0726,Retail farmer,V13,Brinjal,Nursery bed,700,0.9,0.0,630.0,UPI,Walk-in,Van delivery
O005484,2026-06-15,C2410,Retail farmer,V15,Marigold,Pro-tray,900,1.92,0.0,1728.0,UPI,Walk-in,Self pickup
O005485,2026-06-15,C1260,Retail farmer,V14,Marigold,Pro-tray,2900,1.93,0.0,5597.0,UPI,Walk-in,Self pickup
O005486,2026-06-15,C0737,Retail farmer,V15,Marigold,Pro-tray,1600,1.87,0.0,2992.0,Cash,Phone call,Self pickup
O005487,2026-06-16,C2411,Home gardener,V09,Chilli,Pro-tray,120,1.82,0.0,218.4,UPI,Phone call,Self pickup
O005488,2026-06-16,C0459,Retail farmer,V10,Chilli,Pro-tray,2200,1.45,0.0,3190.0,UPI,Phone call,Self pickup
O005489,2026-06-16,C2412,Retail farmer,V08,Chilli,Pro-tray,800,1.67,0.0,1336.0,Cash,Walk-in,Self pickup
O005490,2026-06-16,C1379,Retail farmer,V01,Chilli,Pro-tray,3000,1.71,0.0,5130.0,UPI,Walk-in,Self pickup
O005491,2026-06-16,C1020,Wholesale / dealer,V07,Chilli,Pro-tray,4300,1.35,9.3,5265.14,Credit,Walk-in,Self pickup
O005492,2026-06-16,C1549,Retail farmer,V02,Chilli,Pro-tray,300,1.64,0.0,492.0,UPI,WhatsApp,Self pickup
O005493,2026-06-16,C0727,Retail farmer,V04,Chilli,Nursery bed,800,1.31,0.0,1048.0,Credit,Walk-in,Self pickup
O005494,2026-06-16,C2413,Retail farmer,V07,Chilli,Pro-tray,1300,1.38,0.0,1794.0,Cash,Phone call,Self pickup
O005495,2026-06-16,C1563,Retail farmer,V04,Chilli,Pro-tray,5900,1.88,1.3,10947.8,UPI,Phone call,Van delivery
O005496,2026-06-16,C2414,Retail farmer,V08,Chilli,Pro-tray,5600,1.67,3.6,9015.33,Cash,WhatsApp,Van delivery
O005497,2026-06-16,C0795,Retail farmer,V05,Chilli,Pro-tray,2900,1.72,0.0,4988.0,UPI,Walk-in,Self pickup
O005498,2026-06-16,C0581,Wholesale / dealer,V07,Chilli,Pro-tray,10700,1.34,10.4,12846.85,UPI,Phone call,Van delivery
O005499,2026-06-16,C0968,Retail farmer,V13,Brinjal,Pro-tray,1100,1.32,0.0,1452.0,Cash,WhatsApp,Self pickup
O005500,2026-06-16,C0144,Retail farmer,V15,Marigold,Nursery bed,1300,1.35,0.0,1755.0,UPI,WhatsApp,Self pickup
O005501,2026-06-16,C0769,Wholesale / dealer,V16,Tobacco,Nursery bed,51600,0.13,9.4,6077.45,UPI,WhatsApp,Van delivery
O005502,2026-06-17,C1443,Retail farmer,V08,Chilli,Pro-tray,1100,1.67,0.0,1837.0,Cash,Walk-in,Self pickup
O005503,2026-06-17,C1358,Retail farmer,V04,Chilli,Pro-tray,1100,1.85,0.0,2035.0,UPI,Walk-in,Van delivery
O005504,2026-06-17,C1049,Retail farmer,V06,Chilli,Pro-tray,2400,1.39,0.0,3336.0,Credit,Walk-in,Self pickup
O005505,2026-06-17,C1332,Home gardener,V02,Chilli,Pro-tray,140,1.63,0.0,228.2,Cash,WhatsApp,Self pickup
O005506,2026-06-17,C0011,Home gardener,V03,Chilli,Pro-tray,160,1.82,0.0,291.2,UPI,Walk-in,Self pickup
O005507,2026-06-17,C0407,Retail farmer,V06,Chilli,Pro-tray,1600,1.41,0.0,2256.0,UPI,Walk-in,Self pickup
O005508,2026-06-17,C2415,Retail farmer,V02,Chilli,Pro-tray,1200,1.68,0.0,2016.0,UPI,WhatsApp,Self pickup
O005509,2026-06-17,C2416,Retail farmer,V06,Chilli,Pro-tray,2200,1.4,0.0,3080.0,UPI,Walk-in,Self pickup
O005510,2026-06-17,C1077,Retail farmer,V11,Capsicum,Pro-tray,1000,3.5,0.0,3500.0,UPI,Walk-in,Self pickup
O005511,2026-06-17,C2417,Wholesale / dealer,V15,Marigold,Pro-tray,4700,1.88,10.6,7899.38,UPI,WhatsApp,Self pickup
O005512,2026-06-17,C1799,Retail farmer,V14,Marigold,Pro-tray,1000,2.03,0.0,2030.0,UPI,Walk-in,Self pickup
O005513,2026-06-17,C2418,Retail farmer,V15,Marigold,Pro-tray,1800,1.91,0.0,3438.0,Cash,Phone call,Self pickup
O005514,2026-06-17,C0980,Retail farmer,V14,Marigold,Nursery bed,1200,1.4,0.0,1680.0,Credit,WhatsApp,Self pickup
O005515,2026-06-18,C0832,Retail farmer,V01,Chilli,Pro-tray,1200,1.67,0.0,2004.0,UPI,Walk-in,Self pickup
O005516,2026-06-18,C1851,Retail farmer,V10,Chilli,Pro-tray,500,1.48,0.0,740.0,Cash,Walk-in,Self pickup
O005517,2026-06-18,C1681,Wholesale / dealer,V09,Chilli,Pro-tray,2600,1.92,8.7,4557.7,UPI,Phone call,Van delivery
O005518,2026-06-18,C1310,Retail farmer,V08,Chilli,Pro-tray,3400,1.66,0.0,5644.0,Credit,Walk-in,Self pickup
O005519,2026-06-18,C2419,Home gardener,V09,Chilli,Pro-tray,110,1.83,0.0,201.3,UPI,Phone call,Self pickup
O005520,2026-06-18,C2420,Retail farmer,V07,Chilli,Pro-tray,2300,1.38,0.0,3174.0,Cash,WhatsApp,Self pickup
O005521,2026-06-18,C1150,Retail farmer,V01,Chilli,Nursery bed,800,1.19,0.0,952.0,Cash,WhatsApp,Self pickup
O005522,2026-06-19,C1803,Retail farmer,V08,Chilli,Pro-tray,2400,1.67,0.0,4008.0,Cash,Walk-in,Self pickup
O005523,2026-06-19,C0005,Wholesale / dealer,V09,Chilli,Pro-tray,11000,1.91,11.3,18635.87,UPI,Walk-in,Van delivery
O005524,2026-06-19,C2101,Retail farmer,V03,Chilli,Pro-tray,1100,1.8,0.0,1980.0,UPI,Phone call,Self pickup
O005525,2026-06-19,C2421,Retail farmer,V08,Chilli,Pro-tray,700,1.7,0.0,1190.0,UPI,Walk-in,Self pickup
O005526,2026-06-19,C2422,Retail farmer,V01,Chilli,Pro-tray,1300,1.69,0.0,2197.0,UPI,Phone call,Self pickup
O005527,2026-06-19,C2423,Retail farmer,V02,Chilli,Pro-tray,1200,1.65,0.0,1980.0,Credit,Phone call,Self pickup
O005528,2026-06-19,C2201,Wholesale / dealer,V01,Chilli,Nursery bed,15600,1.24,8.3,17738.45,UPI,Walk-in,Van delivery
O005529,2026-06-19,C1825,Home gardener,V12,Tomato,Pro-tray,100,1.98,0.0,198.0,Cash,Walk-in,Self pickup
O005530,2026-06-19,C2424,Retail farmer,V14,Marigold,Pro-tray,1100,2.02,0.0,2222.0,Cash,Walk-in,Self pickup
O005531,2026-06-19,C1629,Wholesale / dealer,V15,Marigold,Nursery bed,2800,1.39,9.8,3510.58,Cash,Walk-in,Self pickup
O005532,2026-06-19,C0277,Retail farmer,V16,Tobacco,Nursery bed,10100,0.13,2.5,1280.18,Cash,Phone call,Self pickup
O005533,2026-06-20,C0448,Retail farmer,V09,Chilli,Pro-tray,2500,1.91,0.0,4775.0,UPI,WhatsApp,Self pickup
O005534,2026-06-20,C2425,Retail farmer,V01,Chilli,Pro-tray,1900,1.66,0.0,3154.0,Cash,Phone call,Self pickup
O005535,2026-06-20,C1935,Retail farmer,V07,Chilli,Pro-tray,1600,1.36,0.0,2176.0,Cash,Walk-in,Self pickup
O005536,2026-06-20,C1695,Wholesale / dealer,V03,Chilli,Nursery bed,16300,1.24,9.8,18231.22,Credit,Walk-in,Van delivery
O005537,2026-06-20,C2426,Wholesale / dealer,V05,Chilli,Pro-tray,6400,1.79,11.2,10172.93,UPI,Phone call,Self pickup
O005538,2026-06-20,C2427,Home gardener,V01,Chilli,Pro-tray,160,1.75,0.0,280.0,UPI,Walk-in,Self pickup
O005539,2026-06-20,C1369,Retail farmer,V01,Chilli,Pro-tray,1300,1.67,0.0,2171.0,Credit,WhatsApp,Self pickup
O005540,2026-06-20,C1679,Wholesale / dealer,V01,Chilli,Pro-tray,14800,1.73,11.8,22582.73,Credit,Phone call,Self pickup
O005541,2026-06-20,C2428,Home gardener,V02,Chilli,Pro-tray,100,1.61,0.0,161.0,Credit,Walk-in,Self pickup
O005542,2026-06-20,C2397,Retail farmer,V11,Capsicum,Pro-tray,300,3.5,0.0,1050.0,Cash,WhatsApp,Self pickup
O005543,2026-06-20,C2429,Retail farmer,V12,Tomato,Pro-tray,4100,1.93,0.0,7913.0,UPI,Walk-in,Self pickup
O005544,2026-06-20,C1643,Retail farmer,V14,Marigold,Pro-tray,900,1.93,0.0,1737.0,UPI,Phone call,Van delivery
O005545,2026-06-21,C2430,Wholesale / dealer,V07,Chilli,Nursery bed,12200,0.97,9.2,10745.27,UPI,Walk-in,Van delivery
O005546,2026-06-21,C0311,Retail farmer,V02,Chilli,Pro-tray,1400,1.65,0.0,2310.0,UPI,Phone call,Self pickup
O005547,2026-06-21,C2084,Retail farmer,V07,Chilli,Nursery bed,1100,0.99,0.0,1089.0,Cash,WhatsApp,Self pickup
O005548,2026-06-21,C2431,Retail farmer,V07,Chilli,Pro-tray,1100,1.4,0.0,1540.0,Cash,Walk-in,Van delivery
O005549,2026-06-21,C2027,Retail farmer,V08,Chilli,Pro-tray,3600,1.72,0.0,6192.0,Cash,WhatsApp,Self pickup
O005550,2026-06-21,C0381,Retail farmer,V07,Chilli,Nursery bed,1300,0.99,0.0,1287.0,UPI,WhatsApp,Self pickup
O005551,2026-06-21,C2044,Retail farmer,V03,Chilli,Pro-tray,1300,1.84,0.0,2392.0,UPI,WhatsApp,Self pickup
O005552,2026-06-21,C0272,Retail farmer,V05,Chilli,Pro-tray,800,1.79,0.0,1432.0,Credit,Walk-in,Self pickup
O005553,2026-06-21,C2432,Wholesale / dealer,V08,Chilli,Pro-tray,5800,1.75,10.2,9114.7,Cash,Phone call,Van delivery
O005554,2026-06-21,C0464,Retail farmer,V03,Chilli,Nursery bed,1300,1.24,0.0,1612.0,Cash,Phone call,Self pickup
O005555,2026-06-21,C0289,Retail farmer,V08,Chilli,Pro-tray,600,1.73,0.0,1038.0,Cash,Walk-in,Self pickup
O005556,2026-06-21,C2433,Retail farmer,V11,Capsicum,Pro-tray,900,3.43,0.0,3087.0,Cash,Walk-in,Self pickup
O005557,2026-06-22,C1466,Wholesale / dealer,V07,Chilli,Nursery bed,6300,0.96,9.1,5497.63,UPI,Walk-in,Self pickup
O005558,2026-06-22,C2434,Retail farmer,V08,Chilli,Pro-tray,1000,1.69,0.0,1690.0,Cash,WhatsApp,Self pickup
O005559,2026-06-22,C2435,Retail farmer,V02,Chilli,Nursery bed,2500,1.12,0.0,2800.0,Credit,Walk-in,Self pickup
O005560,2026-06-22,C0717,Retail farmer,V03,Chilli,Pro-tray,800,1.87,0.0,1496.0,Credit,Walk-in,Self pickup
O005561,2026-06-22,C2436,Retail farmer,V09,Chilli,Pro-tray,400,1.9,0.0,760.0,Cash,Walk-in,Van delivery
O005562,2026-06-22,C2437,Retail farmer,V12,Tomato,Nursery bed,1200,1.35,0.0,1620.0,UPI,Walk-in,Self pickup
O005563,2026-06-22,C1437,Retail farmer,V13,Brinjal,Pro-tray,1000,1.29,0.0,1290.0,UPI,Walk-in,Self pickup
O005564,2026-06-23,C2438,Retail farmer,V04,Chilli,Pro-tray,2000,1.86,0.0,3720.0,Cash,WhatsApp,Self pickup
O005565,2026-06-23,C1149,Retail farmer,V02,Chilli,Nursery bed,800,1.19,0.0,952.0,UPI,Phone call,Van delivery
O005566,2026-06-23,C2439,Retail farmer,V09,Chilli,Pro-tray,1800,1.85,0.0,3330.0,UPI,Walk-in,Self pickup
O005567,2026-06-23,C0906,Retail farmer,V01,Chilli,Pro-tray,2000,1.7,0.0,3400.0,Cash,Walk-in,Self pickup
O005568,2026-06-23,C1208,Retail farmer,V06,Chilli,Pro-tray,1300,1.47,0.0,1911.0,UPI,Phone call,Self pickup
O005569,2026-06-23,C2298,Retail farmer,V05,Chilli,Nursery bed,1400,1.26,0.0,1764.0,Cash,Phone call,Self pickup
O005570,2026-06-23,C2440,Retail farmer,V08,Chilli,Pro-tray,900,1.7,0.0,1530.0,UPI,WhatsApp,Self pickup
O005571,2026-06-23,C2441,Home gardener,V01,Chilli,Pro-tray,30,1.7,0.0,51.0,Cash,Walk-in,Self pickup
O005572,2026-06-23,C2442,Retail farmer,V15,Marigold,Pro-tray,3200,1.91,0.0,6112.0,UPI,WhatsApp,Self pickup
O005573,2026-06-23,C2443,Retail farmer,V16,Tobacco,Nursery bed,6000,0.13,1.5,768.3,UPI,WhatsApp,Van delivery
O005574,2026-06-24,C2444,Retail farmer,V10,Chilli,Pro-tray,1400,1.51,0.0,2114.0,UPI,WhatsApp,Self pickup
O005575,2026-06-24,C0501,Wholesale / dealer,V10,Chilli,Nursery bed,8600,1.08,8.4,8507.81,Credit,Walk-in,Van delivery
O005576,2026-06-24,C1418,Wholesale / dealer,V01,Chilli,Pro-tray,3500,1.7,10.4,5331.2,Credit,Walk-in,Self pickup
O005577,2026-06-24,C2445,Retail farmer,V09,Chilli,Nursery bed,4600,1.3,0.0,5980.0,Cash,Phone call,Self pickup
O005578,2026-06-24,C2446,Retail farmer,V02,Chilli,Nursery bed,1400,1.13,0.0,1582.0,UPI,WhatsApp,Self pickup
O005579,2026-06-24,C2447,Retail farmer,V06,Chilli,Pro-tray,1300,1.46,0.0,1898.0,Cash,Phone call,Self pickup
O005580,2026-06-24,C1485,Retail farmer,V11,Capsicum,Pro-tray,900,3.56,0.0,3204.0,Credit,Phone call,Self pickup
O005581,2026-06-24,C2448,Home gardener,V15,Marigold,Pro-tray,40,1.92,0.0,76.8,UPI,Phone call,Self pickup
O005582,2026-06-24,C2449,Retail farmer,V15,Marigold,Pro-tray,2600,1.89,0.0,4914.0,Cash,Phone call,Van delivery
O005583,2026-06-24,C2450,Retail farmer,V15,Marigold,Pro-tray,4200,1.89,0.0,7938.0,Cash,Walk-in,Self pickup
O005584,2026-06-25,C2451,Retail farmer,V01,Chilli,Pro-tray,1100,1.71,0.0,1881.0,Cash,WhatsApp,Self pickup
O005585,2026-06-25,C0550,Wholesale / dealer,V04,Chilli,Nursery bed,8700,1.31,11.2,10120.54,Credit,WhatsApp,Van delivery
O005586,2026-06-25,C0750,Retail farmer,V03,Chilli,Nursery bed,2400,1.25,0.0,3000.0,Cash,WhatsApp,Van delivery
O005587,2026-06-25,C0196,Retail farmer,V03,Chilli,Pro-tray,1700,1.83,0.0,3111.0,UPI,Walk-in,Self pickup
O005588,2026-06-25,C1168,Retail farmer,V06,Chilli,Pro-tray,1300,1.4,0.0,1820.0,UPI,WhatsApp,Self pickup
O005589,2026-06-25,C2148,Retail farmer,V03,Chilli,Pro-tray,1000,1.84,0.0,1840.0,Cash,Walk-in,Self pickup
O005590,2026-06-25,C0349,Retail farmer,V04,Chilli,Pro-tray,1100,1.83,0.0,2013.0,Cash,Walk-in,Self pickup
O005591,2026-06-25,C2287,Retail farmer,V08,Chilli,Nursery bed,2700,1.19,0.0,3213.0,Cash,Walk-in,Self pickup
O005592,2026-06-25,C2452,Home gardener,V08,Chilli,Pro-tray,90,1.72,0.0,154.8,UPI,Phone call,Van delivery
O005593,2026-06-25,C1564,Wholesale / dealer,V02,Chilli,Pro-tray,4400,1.68,9.5,6689.76,Credit,Phone call,Self pickup
O005594,2026-06-25,C0916,Retail farmer,V11,Capsicum,Pro-tray,1300,3.51,0.0,4563.0,Cash,Walk-in,Self pickup
O005595,2026-06-25,C1788,Home gardener,V13,Brinjal,Pro-tray,70,1.29,0.0,90.3,Cash,WhatsApp,Self pickup
O005596,2026-06-25,C2358,Wholesale / dealer,V16,Tobacco,Nursery bed,28000,0.13,8.1,3345.16,UPI,WhatsApp,Self pickup
O005597,2026-06-26,C2376,Wholesale / dealer,V02,Chilli,Nursery bed,8200,1.14,9.0,8506.68,UPI,Walk-in,Van delivery
O005598,2026-06-26,C2453,Wholesale / dealer,V09,Chilli,Nursery bed,6900,1.34,8.8,8432.35,UPI,Walk-in,Van delivery
O005599,2026-06-26,C2454,Retail farmer,V08,Chilli,Pro-tray,600,1.74,0.0,1044.0,UPI,Walk-in,Self pickup
O005600,2026-06-26,C0894,Home gardener,V02,Chilli,Pro-tray,80,1.7,0.0,136.0,UPI,WhatsApp,Van delivery
O005601,2026-06-26,C0970,Retail farmer,V02,Chilli,Nursery bed,1800,1.18,0.0,2124.0,UPI,Phone call,Self pickup
O005602,2026-06-26,C2310,Retail farmer,V03,Chilli,Pro-tray,5900,1.82,0.3,10705.79,Cash,Walk-in,Van delivery
O005603,2026-06-26,C1531,Retail farmer,V07,Chilli,Pro-tray,700,1.35,0.0,945.0,Cash,WhatsApp,Self pickup
O005604,2026-06-26,C0644,Retail farmer,V11,Capsicum,Pro-tray,1400,3.52,0.0,4928.0,Credit,WhatsApp,Self pickup
O005605,2026-06-26,C2024,Retail farmer,V12,Tomato,Pro-tray,2500,2.03,0.0,5075.0,Cash,Walk-in,Self pickup
O005606,2026-06-26,C0993,Retail farmer,V12,Tomato,Pro-tray,700,2.03,0.0,1421.0,Credit,WhatsApp,Self pickup
O005607,2026-06-26,C1901,Retail farmer,V15,Marigold,Pro-tray,1400,1.86,0.0,2604.0,UPI,Walk-in,Self pickup
O005608,2026-06-26,C0674,Wholesale / dealer,V14,Marigold,Nursery bed,5800,1.44,9.4,7566.91,Credit,Phone call,Van delivery
O005609,2026-06-27,C2455,Retail farmer,V09,Chilli,Pro-tray,1500,1.87,0.0,2805.0,UPI,Phone call,Van delivery
O005610,2026-06-27,C0221,Retail farmer,V07,Chilli,Pro-tray,2700,1.34,0.0,3618.0,Cash,Walk-in,Self pickup
O005611,2026-06-27,C2170,Retail farmer,V01,Chilli,Pro-tray,1700,1.75,0.0,2975.0,UPI,WhatsApp,Self pickup
O005612,2026-06-27,C1527,Wholesale / dealer,V09,Chilli,Pro-tray,3300,1.82,8.3,5507.5,Cash,Walk-in,Van delivery
O005613,2026-06-27,C2456,Wholesale / dealer,V04,Chilli,Pro-tray,6100,1.88,9.3,10401.48,UPI,Phone call,Van delivery
O005614,2026-06-27,C0410,Wholesale / dealer,V08,Chilli,Pro-tray,6100,1.75,10.2,9586.15,UPI,Phone call,Van delivery
O005615,2026-06-27,C2241,Retail farmer,V09,Chilli,Pro-tray,1800,1.89,0.0,3402.0,Credit,WhatsApp,Self pickup
O005616,2026-06-27,C0160,Retail farmer,V04,Chilli,Pro-tray,900,1.84,0.0,1656.0,UPI,Walk-in,Self pickup
O005617,2026-06-27,C2457,Home gardener,V12,Tomato,Pro-tray,170,2.01,0.0,341.7,UPI,Phone call,Self pickup
O005618,2026-06-27,C2458,Retail farmer,V13,Brinjal,Pro-tray,1100,1.33,0.0,1463.0,UPI,Walk-in,Self pickup
O005619,2026-06-27,C0247,Retail farmer,V16,Tobacco,Nursery bed,7100,0.13,2.4,900.85,Cash,Walk-in,Van delivery
O005620,2026-06-28,C2459,Retail farmer,V05,Chilli,Pro-tray,1700,1.72,0.0,2924.0,UPI,WhatsApp,Self pickup
O005621,2026-06-28,C1543,Retail farmer,V03,Chilli,Pro-tray,800,1.82,0.0,1456.0,Cash,WhatsApp,Self pickup
O005622,2026-06-28,C2460,Retail farmer,V04,Chilli,Pro-tray,4700,1.85,0.0,8695.0,UPI,Phone call,Van delivery
O005623,2026-06-28,C2461,Retail farmer,V07,Chilli,Nursery bed,1500,0.95,0.0,1425.0,Cash,Phone call,Van delivery
O005624,2026-06-28,C0944,Retail farmer,V08,Chilli,Pro-tray,800,1.68,0.0,1344.0,Cash,Phone call,Self pickup
O005625,2026-06-28,C2462,Retail farmer,V09,Chilli,Pro-tray,3800,1.82,0.0,6916.0,UPI,Walk-in,Self pickup
O005626,2026-06-28,C0102,Retail farmer,V07,Chilli,Pro-tray,500,1.41,0.0,705.0,Cash,Walk-in,Self pickup
O005627,2026-06-28,C0123,Retail farmer,V08,Chilli,Pro-tray,1700,1.69,0.0,2873.0,UPI,Phone call,Self pickup
O005628,2026-06-28,C0396,Retail farmer,V01,Chilli,Pro-tray,1500,1.7,0.0,2550.0,Cash,Phone call,Self pickup
O005629,2026-06-28,C2165,Retail farmer,V12,Tomato,Nursery bed,1700,1.35,0.0,2295.0,Cash,WhatsApp,Self pickup
O005630,2026-06-28,C2463,Wholesale / dealer,V12,Tomato,Nursery bed,2300,1.4,8.8,2936.64,UPI,WhatsApp,Self pickup
O005631,2026-06-28,C2019,Retail farmer,V12,Tomato,Pro-tray,1000,1.99,0.0,1990.0,UPI,Walk-in,Self pickup
O005632,2026-06-28,C2464,Retail farmer,V12,Tomato,Nursery bed,800,1.39,0.0,1112.0,UPI,Walk-in,Van delivery
O005633,2026-06-28,C0130,Retail farmer,V15,Marigold,Pro-tray,800,1.84,0.0,1472.0,Cash,Phone call,Self pickup
O005634,2026-06-28,C2310,Retail farmer,V14,Marigold,Pro-tray,500,1.99,0.0,995.0,Cash,Walk-in,Self pickup
O005635,2026-06-29,C2465,Home gardener,V09,Chilli,Pro-tray,200,1.83,0.0,366.0,UPI,Phone call,Van delivery
O005636,2026-06-29,C2430,Wholesale / dealer,V05,Chilli,Nursery bed,10900,1.21,8.3,12094.31,UPI,Walk-in,Van delivery
O005637,2026-06-29,C2466,Wholesale / dealer,V07,Chilli,Pro-tray,5700,1.33,11.3,6724.35,UPI,Walk-in,Self pickup
O005638,2026-06-29,C2467,Retail farmer,V08,Chilli,Pro-tray,1700,1.7,0.0,2890.0,Cash,Walk-in,Self pickup
O005639,2026-06-29,C0478,Wholesale / dealer,V04,Chilli,Nursery bed,9800,1.34,11.6,11608.69,UPI,Walk-in,Van delivery
O005640,2026-06-29,C0582,Retail farmer,V02,Chilli,Pro-tray,1300,1.65,0.0,2145.0,UPI,Phone call,Van delivery
O005641,2026-06-29,C1942,Retail farmer,V12,Tomato,Pro-tray,3000,1.97,0.0,5910.0,Cash,WhatsApp,Self pickup
O005642,2026-06-29,C2468,Home gardener,V12,Tomato,Pro-tray,50,1.95,0.0,97.5,UPI,Walk-in,Van delivery
O005643,2026-06-29,C2363,Wholesale / dealer,V14,Marigold,Pro-tray,4200,1.93,10.2,7279.19,UPI,WhatsApp,Self pickup
O005644,2026-06-30,C1159,Wholesale / dealer,V01,Chilli,Nursery bed,22200,1.18,11.2,23262.05,UPI,Walk-in,Self pickup
O005645,2026-06-30,C2054,Retail farmer,V01,Chilli,Pro-tray,600,1.68,0.0,1008.0,UPI,Walk-in,Van delivery
O005646,2026-06-30,C2469,Home gardener,V09,Chilli,Pro-tray,160,1.91,0.0,305.6,Cash,WhatsApp,Self pickup
O005647,2026-06-30,C0144,Retail farmer,V09,Chilli,Pro-tray,2600,1.92,0.0,4992.0,Cash,Walk-in,Self pickup
O005648,2026-06-30,C2296,Wholesale / dealer,V10,Chilli,Pro-tray,7300,1.49,11.7,9604.39,UPI,Phone call,Van delivery
O005649,2026-06-30,C0814,Retail farmer,V08,Chilli,Nursery bed,1400,1.21,0.0,1694.0,UPI,Walk-in,Van delivery
O005650,2026-06-30,C2470,Wholesale / dealer,V04,Chilli,Pro-tray,7200,1.86,10.3,12012.62,UPI,Walk-in,Van delivery
O005651,2026-06-30,C2471,Home gardener,V07,Chilli,Pro-tray,90,1.37,0.0,123.3,Cash,Walk-in,Self pickup
O005652,2026-06-30,C1260,Retail farmer,V03,Chilli,Nursery bed,4500,1.24,0.0,5580.0,UPI,Phone call,Self pickup
O005653,2026-06-30,C2472,Home gardener,V04,Chilli,Pro-tray,30,1.88,0.0,56.4,UPI,Walk-in,Self pickup
O005654,2026-06-30,C2473,Retail farmer,V12,Tomato,Pro-tray,600,1.92,0.0,1152.0,UPI,WhatsApp,Self pickup
O005655,2026-06-30,C0138,Retail farmer,V13,Brinjal,Nursery bed,2100,0.86,0.0,1806.0,UPI,WhatsApp,Self pickup
O005656,2026-06-30,C2474,Wholesale / dealer,V16,Tobacco,Nursery bed,56800,0.13,8.7,6741.59,UPI,WhatsApp,Van delivery
O005657,2026-07-01,C2475,Wholesale / dealer,V01,Chilli,Nursery bed,13800,1.22,11.6,14883.02,Credit,Phone call,Van delivery
O005658,2026-07-01,C2218,Retail farmer,V09,Chilli,Pro-tray,1000,1.83,0.0,1830.0,Cash,Walk-in,Self pickup
O005659,2026-07-01,C2476,Home gardener,V08,Chilli,Pro-tray,160,1.73,0.0,276.8,UPI,Phone call,Self pickup
O005660,2026-07-01,C1288,Retail farmer,V01,Chilli,Pro-tray,2000,1.74,0.0,3480.0,UPI,Phone call,Self pickup
O005661,2026-07-01,C2107,Retail farmer,V04,Chilli,Pro-tray,400,1.92,0.0,768.0,Cash,WhatsApp,Self pickup
O005662,2026-07-01,C2416,Retail farmer,V01,Chilli,Pro-tray,1000,1.66,0.0,1660.0,Cash,Walk-in,Van delivery
O005663,2026-07-01,C2477,Retail farmer,V05,Chilli,Pro-tray,1800,1.77,0.0,3186.0,Cash,Walk-in,Self pickup
O005664,2026-07-01,C1565,Home gardener,V01,Chilli,Pro-tray,20,1.73,0.0,34.6,UPI,WhatsApp,Self pickup
O005665,2026-07-01,C1668,Wholesale / dealer,V07,Chilli,Pro-tray,3100,1.35,8.3,3837.64,Credit,Phone call,Self pickup
O005666,2026-07-01,C1598,Retail farmer,V01,Chilli,Pro-tray,1200,1.75,0.0,2100.0,Credit,Walk-in,Self pickup
O005667,2026-07-01,C1853,Wholesale / dealer,V01,Chilli,Pro-tray,12100,1.66,8.6,18358.6,UPI,Phone call,Van delivery
O005668,2026-07-01,C0490,Retail farmer,V09,Chilli,Pro-tray,2300,1.91,0.0,4393.0,UPI,WhatsApp,Self pickup
O005669,2026-07-01,C1375,Retail farmer,V06,Chilli,Pro-tray,1900,1.4,0.0,2660.0,Cash,Walk-in,Self pickup
O005670,2026-07-01,C2478,Home gardener,V11,Capsicum,Pro-tray,150,3.44,0.0,516.0,UPI,Walk-in,Self pickup
O005671,2026-07-01,C2479,Retail farmer,V11,Capsicum,Pro-tray,2500,3.57,0.0,8925.0,Credit,Walk-in,Self pickup
O005672,2026-07-01,C0139,Wholesale / dealer,V12,Tomato,Pro-tray,5700,1.97,9.8,10128.56,Cash,Walk-in,Van delivery
O005673,2026-07-01,C2480,Retail farmer,V16,Tobacco,Nursery bed,8700,0.13,0.7,1123.08,UPI,Phone call,Van delivery
O005674,2026-07-02,C2481,Retail farmer,V04,Chilli,Pro-tray,4100,1.9,0.0,7790.0,Cash,Phone call,Van delivery
O005675,2026-07-02,C2482,Retail farmer,V01,Chilli,Pro-tray,1700,1.72,0.0,2924.0,UPI,Walk-in,Self pickup
O005676,2026-07-02,C2483,Retail farmer,V04,Chilli,Nursery bed,900,1.3,0.0,1170.0,Cash,Walk-in,Van delivery
O005677,2026-07-02,C0119,Retail farmer,V03,Chilli,Pro-tray,1900,1.76,0.0,3344.0,Credit,Phone call,Self pickup
O005678,2026-07-02,C2484,Wholesale / dealer,V04,Chilli,Pro-tray,8700,1.85,8.3,14759.12,UPI,Walk-in,Self pickup
O005679,2026-07-02,C2485,Retail farmer,V01,Chilli,Pro-tray,1500,1.72,0.0,2580.0,UPI,Walk-in,Self pickup
O005680,2026-07-02,C1024,Retail farmer,V03,Chilli,Pro-tray,1400,1.79,0.0,2506.0,UPI,WhatsApp,Self pickup
O005681,2026-07-02,C0089,Retail farmer,V03,Chilli,Nursery bed,1400,1.23,0.0,1722.0,UPI,Walk-in,Self pickup
O005682,2026-07-02,C0083,Wholesale / dealer,V08,Chilli,Pro-tray,4600,1.72,10.3,7097.06,UPI,Walk-in,Self pickup
O005683,2026-07-02,C1679,Wholesale / dealer,V01,Chilli,Nursery bed,2500,1.17,8.8,2667.6,Cash,Phone call,Self pickup
O005684,2026-07-02,C2464,Retail farmer,V01,Chilli,Nursery bed,3800,1.24,0.0,4712.0,Cash,Phone call,Self pickup
O005685,2026-07-02,C2486,Retail farmer,V01,Chilli,Pro-tray,1100,1.72,0.0,1892.0,Credit,Walk-in,Self pickup
O005686,2026-07-02,C0863,Wholesale / dealer,V01,Chilli,Pro-tray,2900,1.74,11.2,4480.85,Credit,Phone call,Self pickup
O005687,2026-07-02,C1008,Retail farmer,V07,Chilli,Pro-tray,2900,1.39,0.0,4031.0,UPI,WhatsApp,Self pickup
O005688,2026-07-02,C1792,Retail farmer,V06,Chilli,Nursery bed,1300,1.01,0.0,1313.0,UPI,Walk-in,Self pickup
O005689,2026-07-02,C1626,Retail farmer,V11,Capsicum,Pro-tray,700,3.6,0.0,2520.0,UPI,WhatsApp,Self pickup
O005690,2026-07-02,C2487,Wholesale / dealer,V11,Capsicum,Pro-tray,5900,3.55,10.3,18787.66,Credit,WhatsApp,Self pickup
O005691,2026-07-02,C2103,Wholesale / dealer,V13,Brinjal,Pro-tray,2300,1.34,8.8,2810.78,UPI,WhatsApp,Self pickup
O005692,2026-07-03,C2178,Wholesale / dealer,V08,Chilli,Pro-tray,5100,1.7,9.8,7820.34,Cash,Phone call,Van delivery
O005693,2026-07-03,C2488,Retail farmer,V09,Chilli,Pro-tray,3100,1.87,0.0,5797.0,Cash,Phone call,Self pickup
O005694,2026-07-03,C2489,Retail farmer,V03,Chilli,Pro-tray,3300,1.77,0.0,5841.0,UPI,Walk-in,Self pickup
O005695,2026-07-03,C2490,Retail farmer,V09,Chilli,Pro-tray,3500,1.88,0.0,6580.0,Cash,Walk-in,Self pickup
O005696,2026-07-03,C2491,Wholesale / dealer,V03,Chilli,Pro-tray,21500,1.83,9.9,35449.84,Credit,Walk-in,Van delivery
O005697,2026-07-03,C2492,Retail farmer,V06,Chilli,Pro-tray,1600,1.43,0.0,2288.0,Cash,Walk-in,Self pickup
O005698,2026-07-03,C2493,Retail farmer,V04,Chilli,Nursery bed,4800,1.3,0.0,6240.0,Cash,Phone call,Self pickup
O005699,2026-07-03,C0561,Retail farmer,V06,Chilli,Pro-tray,1100,1.46,0.0,1606.0,UPI,WhatsApp,Self pickup
O005700,2026-07-03,C2417,Wholesale / dealer,V06,Chilli,Nursery bed,9500,0.98,9.9,8388.31,Cash,Phone call,Van delivery
O005701,2026-07-03,C2494,Wholesale / dealer,V07,Chilli,Nursery bed,8200,0.97,8.2,7301.77,Credit,Phone call,Van delivery
O005702,2026-07-03,C2495,Retail farmer,V06,Chilli,Pro-tray,1100,1.42,0.0,1562.0,Cash,Walk-in,Self pickup
O005703,2026-07-03,C0583,Home gardener,V14,Marigold,Pro-tray,170,1.93,0.0,328.1,Cash,Walk-in,Self pickup
O005704,2026-07-04,C2350,Retail farmer,V04,Chilli,Nursery bed,2600,1.29,0.0,3354.0,UPI,WhatsApp,Self pickup
O005705,2026-07-04,C1469,Retail farmer,V10,Chilli,Pro-tray,1700,1.46,0.0,2482.0,UPI,Walk-in,Self pickup
O005706,2026-07-04,C0026,Retail farmer,V10,Chilli,Pro-tray,1100,1.47,0.0,1617.0,Credit,Phone call,Self pickup
O005707,2026-07-04,C2496,Retail farmer,V06,Chilli,Nursery bed,2800,0.97,0.0,2716.0,Cash,Walk-in,Self pickup
O005708,2026-07-04,C2497,Retail farmer,V02,Chilli,Nursery bed,1400,1.15,0.0,1610.0,Credit,WhatsApp,Self pickup
O005709,2026-07-04,C2498,Retail farmer,V04,Chilli,Nursery bed,1500,1.35,0.0,2025.0,Cash,Phone call,Self pickup
O005710,2026-07-04,C1855,Retail farmer,V01,Chilli,Pro-tray,800,1.67,0.0,1336.0,UPI,Walk-in,Self pickup
O005711,2026-07-04,C2499,Retail farmer,V05,Chilli,Pro-tray,2400,1.76,0.0,4224.0,Credit,Phone call,Self pickup
O005712,2026-07-04,C2426,Wholesale / dealer,V04,Chilli,Pro-tray,3000,1.9,10.8,5084.4,Credit,WhatsApp,Self pickup
O005713,2026-07-04,C2500,Retail farmer,V11,Capsicum,Pro-tray,1300,3.44,0.0,4472.0,Cash,WhatsApp,Self pickup
O005714,2026-07-04,C0705,Retail farmer,V11,Capsicum,Pro-tray,600,3.49,0.0,2094.0,UPI,Phone call,Self pickup
O005715,2026-07-04,C2501,Retail farmer,V12,Tomato,Pro-tray,2200,1.98,0.0,4356.0,Credit,WhatsApp,Self pickup
O005716,2026-07-04,C0475,Wholesale / dealer,V16,Tobacco,Nursery bed,32400,0.13,10.9,3752.89,UPI,Walk-in,Van delivery
O005717,2026-07-04,C2502,Retail farmer,V16,Tobacco,Nursery bed,5600,0.13,0.3,725.82,UPI,Walk-in,Van delivery
O005718,2026-07-05,C2503,Retail farmer,V07,Chilli,Nursery bed,2900,0.98,0.0,2842.0,UPI,WhatsApp,Self pickup
O005719,2026-07-05,C2504,Retail farmer,V04,Chilli,Pro-tray,1500,1.88,0.0,2820.0,Cash,Walk-in,Self pickup
O005720,2026-07-05,C2065,Retail farmer,V04,Chilli,Nursery bed,1600,1.35,0.0,2160.0,Credit,Phone call,Van delivery
O005721,2026-07-05,C2166,Retail farmer,V06,Chilli,Nursery bed,1200,0.96,0.0,1152.0,UPI,Phone call,Self pickup
O005722,2026-07-05,C2505,Retail farmer,V06,Chilli,Pro-tray,1800,1.47,0.0,2646.0,UPI,Walk-in,Self pickup
O005723,2026-07-05,C1523,Retail farmer,V05,Chilli,Nursery bed,3400,1.23,0.0,4182.0,Cash,WhatsApp,Self pickup
O005724,2026-07-05,C1043,Retail farmer,V02,Chilli,Pro-tray,3400,1.6,0.0,5440.0,UPI,Walk-in,Van delivery
O005725,2026-07-05,C2506,Retail farmer,V07,Chilli,Pro-tray,1400,1.38,0.0,1932.0,Cash,Walk-in,Self pickup
O005726,2026-07-05,C1157,Retail farmer,V09,Chilli,Nursery bed,1400,1.34,0.0,1876.0,UPI,Walk-in,Self pickup
O005727,2026-07-05,C0005,Wholesale / dealer,V01,Chilli,Pro-tray,14900,1.71,9.3,23109.45,Credit,Walk-in,Self pickup
O005728,2026-07-05,C2507,Retail farmer,V04,Chilli,Pro-tray,1600,1.86,0.0,2976.0,UPI,Phone call,Self pickup
O005729,2026-07-05,C2491,Wholesale / dealer,V09,Chilli,Pro-tray,9800,1.85,8.7,16552.69,Credit,Walk-in,Van delivery
O005730,2026-07-05,C2508,Retail farmer,V01,Chilli,Pro-tray,4000,1.7,0.0,6800.0,Cash,Walk-in,Van delivery
O005731,2026-07-05,C1802,Retail farmer,V12,Tomato,Pro-tray,1100,2.0,0.0,2200.0,UPI,Walk-in,Self pickup
O005732,2026-07-05,C0147,Retail farmer,V12,Tomato,Pro-tray,1300,1.96,0.0,2548.0,Cash,Phone call,Self pickup
O005733,2026-07-05,C1820,Retail farmer,V12,Tomato,Nursery bed,300,1.39,0.0,417.0,UPI,Walk-in,Van delivery
O005734,2026-07-05,C0239,Retail farmer,V15,Marigold,Pro-tray,1200,1.84,0.0,2208.0,UPI,Phone call,Self pickup
O005735,2026-07-05,C2247,Wholesale / dealer,V16,Tobacco,Nursery bed,120800,0.13,9.0,14290.64,Credit,Walk-in,Van delivery
O005736,2026-07-06,C2061,Retail farmer,V01,Chilli,Pro-tray,1800,1.67,0.0,3006.0,UPI,Walk-in,Self pickup
O005737,2026-07-06,C0551,Wholesale / dealer,V04,Chilli,Nursery bed,8000,1.35,11.7,9536.4,Credit,Phone call,Van delivery
O005738,2026-07-06,C0431,Home gardener,V03,Chilli,Pro-tray,130,1.78,0.0,231.4,Credit,Walk-in,Van delivery
O005739,2026-07-06,C2509,Retail farmer,V02,Chilli,Pro-tray,1100,1.69,0.0,1859.0,Cash,Walk-in,Self pickup
O005740,2026-07-06,C2510,Retail farmer,V08,Chilli,Pro-tray,2600,1.67,0.0,4342.0,Cash,Walk-in,Van delivery
O005741,2026-07-06,C1623,Retail farmer,V10,Chilli,Pro-tray,1400,1.49,0.0,2086.0,UPI,Walk-in,Self pickup
O005742,2026-07-06,C2511,Retail farmer,V03,Chilli,Nursery bed,400,1.27,0.0,508.0,Cash,WhatsApp,Van delivery
O005743,2026-07-06,C1220,Retail farmer,V02,Chilli,Pro-tray,900,1.69,0.0,1521.0,UPI,Walk-in,Self pickup
O005744,2026-07-06,C1056,Wholesale / dealer,V07,Chilli,Nursery bed,8700,0.94,9.4,7409.27,UPI,Phone call,Van delivery
O005745,2026-07-06,C2512,Wholesale / dealer,V09,Chilli,Pro-tray,2400,1.9,8.1,4190.64,UPI,Walk-in,Self pickup
O005746,2026-07-06,C2513,Wholesale / dealer,V15,Marigold,Pro-tray,5600,1.86,10.0,9374.4,UPI,Walk-in,Van delivery
O005747,2026-07-06,C1641,Wholesale / dealer,V14,Marigold,Pro-tray,13100,1.97,10.0,23226.3,Credit,Walk-in,Van delivery
O005748,2026-07-06,C0964,Retail farmer,V16,Tobacco,Nursery bed,13900,0.13,3.1,1750.98,UPI,Phone call,Van delivery
O005749,2026-07-06,C0718,Wholesale / dealer,V16,Tobacco,Nursery bed,37200,0.13,9.0,4400.76,UPI,Phone call,Self pickup
O005750,2026-07-07,C2514,Retail farmer,V10,Chilli,Pro-tray,4400,1.46,0.0,6424.0,Cash,WhatsApp,Self pickup
O005751,2026-07-07,C0926,Wholesale / dealer,V07,Chilli,Pro-tray,3900,1.37,8.8,4872.82,UPI,Walk-in,Self pickup
O005752,2026-07-07,C0432,Retail farmer,V07,Chilli,Pro-tray,3400,1.39,0.0,4726.0,Cash,WhatsApp,Self pickup
O005753,2026-07-07,C0522,Wholesale / dealer,V06,Chilli,Pro-tray,4200,1.47,8.4,5655.38,UPI,Walk-in,Self pickup
O005754,2026-07-07,C0963,Retail farmer,V01,Chilli,Pro-tray,1200,1.72,0.0,2064.0,UPI,Phone call,Self pickup
O005755,2026-07-07,C1836,Retail farmer,V06,Chilli,Pro-tray,1100,1.39,0.0,1529.0,UPI,Walk-in,Self pickup
O005756,2026-07-07,C1491,Retail farmer,V04,Chilli,Nursery bed,700,1.33,0.0,931.0,Cash,Phone call,Self pickup
O005757,2026-07-07,C2515,Wholesale / dealer,V07,Chilli,Pro-tray,8900,1.38,11.4,10881.85,UPI,Walk-in,Van delivery
O005758,2026-07-07,C2516,Retail farmer,V04,Chilli,Pro-tray,1400,1.82,0.0,2548.0,Credit,WhatsApp,Self pickup
O005759,2026-07-07,C2517,Retail farmer,V01,Chilli,Pro-tray,1300,1.75,0.0,2275.0,Cash,Walk-in,Van delivery
O005760,2026-07-07,C2518,Retail farmer,V05,Chilli,Pro-tray,1200,1.71,0.0,2052.0,UPI,Phone call,Self pickup
O005761,2026-07-07,C2102,Wholesale / dealer,V01,Chilli,Pro-tray,9300,1.69,10.9,14003.85,Cash,Walk-in,Van delivery
O005762,2026-07-07,C2519,Wholesale / dealer,V11,Capsicum,Pro-tray,3100,3.46,10.7,9578.32,Credit,Walk-in,Self pickup
O005763,2026-07-07,C1368,Retail farmer,V14,Marigold,Pro-tray,500,2.02,0.0,1010.0,UPI,WhatsApp,Van delivery
O005764,2026-07-07,C2520,Retail farmer,V14,Marigold,Pro-tray,500,1.95,0.0,975.0,UPI,Phone call,Self pickup
O005765,2026-07-07,C0926,Wholesale / dealer,V16,Tobacco,Nursery bed,20000,0.13,11.8,2293.2,UPI,WhatsApp,Van delivery
O005766,2026-07-07,C1560,Retail farmer,V16,Tobacco,Nursery bed,7700,0.13,3.5,965.96,Cash,Walk-in,Van delivery
O005767,2026-07-08,C2521,Retail farmer,V07,Chilli,Nursery bed,1400,0.97,0.0,1358.0,UPI,WhatsApp,Self pickup
O005768,2026-07-08,C0438,Retail farmer,V10,Chilli,Pro-tray,1800,1.49,0.0,2682.0,Cash,Phone call,Self pickup
O005769,2026-07-08,C2522,Retail farmer,V07,Chilli,Pro-tray,1300,1.38,0.0,1794.0,UPI,Phone call,Self pickup
O005770,2026-07-08,C1347,Retail farmer,V06,Chilli,Pro-tray,1200,1.46,0.0,1752.0,Credit,Phone call,Self pickup
O005771,2026-07-08,C2487,Wholesale / dealer,V04,Chilli,Pro-tray,5400,1.91,10.9,9189.77,UPI,WhatsApp,Van delivery
O005772,2026-07-08,C2523,Retail farmer,V08,Chilli,Pro-tray,2100,1.75,0.0,3675.0,Credit,WhatsApp,Self pickup
O005773,2026-07-08,C2524,Wholesale / dealer,V08,Chilli,Pro-tray,7600,1.73,9.3,11925.24,UPI,Phone call,Van delivery
O005774,2026-07-08,C1324,Wholesale / dealer,V07,Chilli,Pro-tray,11000,1.37,8.3,13819.19,Cash,Walk-in,Self pickup
O005775,2026-07-08,C2525,Retail farmer,V06,Chilli,Nursery bed,600,1.01,0.0,606.0,UPI,WhatsApp,Self pickup
O005776,2026-07-08,C2526,Retail farmer,V12,Tomato,Pro-tray,1000,2.03,0.0,2030.0,UPI,Walk-in,Van delivery
O005777,2026-07-08,C0638,Wholesale / dealer,V12,Tomato,Pro-tray,4200,2.03,11.6,7536.98,Credit,WhatsApp,Self pickup
O005778,2026-07-08,C1519,Wholesale / dealer,V15,Marigold,Nursery bed,4400,1.36,11.4,5301.82,UPI,Walk-in,Self pickup
O005779,2026-07-08,C2453,Wholesale / dealer,V16,Tobacco,Nursery bed,44900,0.13,9.7,5270.81,UPI,WhatsApp,Van delivery
O005780,2026-07-08,C2527,Wholesale / dealer,V16,Tobacco,Nursery bed,14500,0.14,9.4,1839.18,UPI,Phone call,Van delivery
O005781,2026-07-09,C1168,Retail farmer,V01,Chilli,Pro-tray,1400,1.66,0.0,2324.0,UPI,Walk-in,Self pickup
O005782,2026-07-09,C2226,Retail farmer,V06,Chilli,Pro-tray,600,1.44,0.0,864.0,UPI,Walk-in,Self pickup
O005783,2026-07-09,C1459,Retail farmer,V08,Chilli,Pro-tray,3100,1.69,0.0,5239.0,Credit,Phone call,Self pickup
O005784,2026-07-09,C1606,Retail farmer,V06,Chilli,Nursery bed,2900,1.01,0.0,2929.0,UPI,WhatsApp,Self pickup
O005785,2026-07-09,C2528,Retail farmer,V01,Chilli,Pro-tray,1800,1.73,0.0,3114.0,Cash,Walk-in,Van delivery
O005786,2026-07-09,C1497,Wholesale / dealer,V04,Chilli,Pro-tray,8300,1.84,10.9,13607.35,UPI,Walk-in,Self pickup
O005787,2026-07-09,C2529,Retail farmer,V05,Chilli,Pro-tray,2000,1.77,0.0,3540.0,Credit,Walk-in,Self pickup
O005788,2026-07-09,C2530,Retail farmer,V06,Chilli,Pro-tray,1200,1.46,0.0,1752.0,UPI,Walk-in,Van delivery
O005789,2026-07-09,C2531,Home gardener,V10,Chilli,Pro-tray,20,1.52,0.0,30.4,Cash,Phone call,Self pickup
O005790,2026-07-09,C2532,Wholesale / dealer,V01,Chilli,Pro-tray,7800,1.68,9.5,11859.12,UPI,Phone call,Self pickup
O005791,2026-07-09,C2168,Retail farmer,V07,Chilli,Nursery bed,2600,0.97,0.0,2522.0,Cash,Phone call,Self pickup
O005792,2026-07-09,C1123,Retail farmer,V04,Chilli,Pro-tray,1500,1.87,0.0,2805.0,Credit,Phone call,Self pickup
O005793,2026-07-09,C2533,Retail farmer,V07,Chilli,Pro-tray,900,1.35,0.0,1215.0,UPI,Phone call,Self pickup
O005794,2026-07-09,C2510,Retail farmer,V11,Capsicum,Pro-tray,700,3.52,0.0,2464.0,Credit,Walk-in,Self pickup
O005795,2026-07-09,C2534,Retail farmer,V12,Tomato,Pro-tray,1600,1.98,0.0,3168.0,UPI,Phone call,Self pickup
O005796,2026-07-09,C1844,Wholesale / dealer,V14,Marigold,Pro-tray,2200,1.93,10.9,3783.19,UPI,Walk-in,Self pickup
O005797,2026-07-09,C1119,Retail farmer,V15,Marigold,Nursery bed,1900,1.34,0.0,2546.0,UPI,Phone call,Self pickup
O005798,2026-07-09,C2535,Home gardener,V14,Marigold,Pro-tray,150,2.0,0.0,300.0,UPI,Phone call,Self pickup
O005799,2026-07-09,C0085,Retail farmer,V15,Marigold,Pro-tray,2400,1.87,0.0,4488.0,Credit,Phone call,Self pickup
O005800,2026-07-09,C2536,Retail farmer,V16,Tobacco,Nursery bed,9200,0.13,3.2,1157.73,Cash,Walk-in,Van delivery
O005801,2026-07-09,C1728,Wholesale / dealer,V16,Tobacco,Nursery bed,28400,0.13,11.3,3274.8,Credit,Walk-in,Self pickup
O005802,2026-07-10,C2198,Wholesale / dealer,V05,Chilli,Pro-tray,4700,1.78,8.9,7621.43,Credit,Walk-in,Self pickup
O005803,2026-07-10,C2409,Retail farmer,V05,Chilli,Pro-tray,500,1.78,0.0,890.0,Cash,Walk-in,Self pickup
O005804,2026-07-10,C0462,Retail farmer,V09,Chilli,Pro-tray,2400,1.92,0.0,4608.0,UPI,Walk-in,Self pickup
O005805,2026-07-10,C2537,Retail farmer,V02,Chilli,Pro-tray,1000,1.7,0.0,1700.0,Cash,Phone call,Self pickup
O005806,2026-07-10,C2031,Retail farmer,V08,Chilli,Pro-tray,2900,1.74,0.0,5046.0,UPI,Walk-in,Self pickup
O005807,2026-07-10,C1490,Retail farmer,V03,Chilli,Pro-tray,1200,1.82,0.0,2184.0,Cash,Walk-in,Van delivery
O005808,2026-07-10,C1015,Retail farmer,V07,Chilli,Pro-tray,1500,1.39,0.0,2085.0,UPI,Walk-in,Self pickup
O005809,2026-07-10,C2538,Retail farmer,V06,Chilli,Nursery bed,700,0.99,0.0,693.0,Cash,Walk-in,Self pickup
O005810,2026-07-10,C1787,Retail farmer,V05,Chilli,Pro-tray,4200,1.77,0.0,7434.0,Credit,Phone call,Self pickup
O005811,2026-07-10,C2539,Retail farmer,V11,Capsicum,Pro-tray,1400,3.45,0.0,4830.0,Cash,Phone call,Self pickup
O005812,2026-07-10,C1854,Retail farmer,V13,Brinjal,Pro-tray,1400,1.29,0.0,1806.0,UPI,Walk-in,Self pickup
O005813,2026-07-10,C2540,Retail farmer,V13,Brinjal,Nursery bed,900,0.91,0.0,819.0,Cash,Phone call,Self pickup
O005814,2026-07-10,C1279,Retail farmer,V13,Brinjal,Nursery bed,300,0.88,0.0,264.0,Cash,WhatsApp,Self pickup
O005815,2026-07-10,C0780,Retail farmer,V15,Marigold,Pro-tray,900,1.9,0.0,1710.0,Cash,WhatsApp,Self pickup
O005816,2026-07-10,C2541,Retail farmer,V15,Marigold,Nursery bed,700,1.35,0.0,945.0,UPI,Walk-in,Self pickup
O005817,2026-07-10,C1756,Retail farmer,V14,Marigold,Pro-tray,1300,2.03,0.0,2639.0,Cash,Phone call,Self pickup
O005818,2026-07-10,C1088,Wholesale / dealer,V15,Marigold,Pro-tray,5800,1.81,10.5,9395.71,UPI,WhatsApp,Van delivery
O005819,2026-07-10,C2542,Retail farmer,V16,Tobacco,Nursery bed,5500,0.13,2.5,697.12,UPI,Walk-in,Self pickup
O005820,2026-07-10,C1518,Retail farmer,V16,Tobacco,Nursery bed,8500,0.13,1.8,1085.11,Cash,Phone call,Van delivery
O005821,2026-07-11,C0392,Retail farmer,V01,Chilli,Pro-tray,1600,1.71,0.0,2736.0,UPI,Walk-in,Self pickup
O005822,2026-07-11,C0464,Retail farmer,V03,Chilli,Pro-tray,1200,1.8,0.0,2160.0,UPI,Walk-in,Self pickup
O005823,2026-07-11,C2543,Retail farmer,V07,Chilli,Nursery bed,1800,0.99,0.0,1782.0,UPI,Walk-in,Self pickup
O005824,2026-07-11,C0163,Retail farmer,V05,Chilli,Pro-tray,1800,1.72,0.0,3096.0,UPI,WhatsApp,Self pickup
O005825,2026-07-11,C2544,Retail farmer,V08,Chilli,Pro-tray,500,1.66,0.0,830.0,Credit,Walk-in,Self pickup
O005826,2026-07-11,C2545,Retail farmer,V08,Chilli,Pro-tray,1400,1.74,0.0,2436.0,Credit,WhatsApp,Self pickup
O005827,2026-07-11,C1361,Retail farmer,V02,Chilli,Nursery bed,700,1.14,0.0,798.0,Credit,Walk-in,Self pickup
O005828,2026-07-11,C1489,Retail farmer,V04,Chilli,Pro-tray,2700,1.89,0.0,5103.0,Cash,Phone call,Van delivery
O005829,2026-07-11,C0182,Wholesale / dealer,V04,Chilli,Nursery bed,11800,1.35,10.2,14305.14,Credit,Walk-in,Van delivery
O005830,2026-07-11,C2546,Wholesale / dealer,V05,Chilli,Pro-tray,4200,1.76,9.5,6689.76,UPI,WhatsApp,Self pickup
O005831,2026-07-11,C0116,Retail farmer,V06,Chilli,Pro-tray,700,1.4,0.0,980.0,Cash,Walk-in,Self pickup
O005832,2026-07-11,C0640,Wholesale / dealer,V10,Chilli,Pro-tray,10800,1.51,8.9,14856.59,Credit,Walk-in,Van delivery
O005833,2026-07-11,C1176,Wholesale / dealer,V13,Brinjal,Pro-tray,5800,1.31,10.4,6807.81,Credit,WhatsApp,Van delivery
O005834,2026-07-11,C2547,Retail farmer,V13,Brinjal,Nursery bed,500,0.89,0.0,445.0,Credit,Phone call,Self pickup
O005835,2026-07-11,C1705,Wholesale / dealer,V13,Brinjal,Pro-tray,6600,1.32,9.9,7849.51,UPI,Walk-in,Van delivery
O005836,2026-07-11,C2451,Retail farmer,V14,Marigold,Pro-tray,2600,1.97,0.0,5122.0,UPI,Phone call,Self pickup
O005837,2026-07-11,C0056,Retail farmer,V16,Tobacco,Nursery bed,7600,0.13,0.3,985.04,Cash,Walk-in,Van delivery
O005838,2026-07-11,C0111,Retail farmer,V16,Tobacco,Nursery bed,20700,0.13,0.9,2666.78,Cash,Walk-in,Van delivery
O005839,2026-07-12,C2358,Wholesale / dealer,V03,Chilli,Nursery bed,8000,1.23,10.9,8767.44,Credit,Walk-in,Van delivery
O005840,2026-07-12,C2548,Home gardener,V01,Chilli,Pro-tray,180,1.67,0.0,300.6,UPI,Walk-in,Van delivery
O005841,2026-07-12,C2549,Retail farmer,V07,Chilli,Pro-tray,1300,1.39,0.0,1807.0,Cash,Walk-in,Self pickup
O005842,2026-07-12,C0937,Retail farmer,V05,Chilli,Pro-tray,1000,1.77,0.0,1770.0,UPI,WhatsApp,Self pickup
O005843,2026-07-12,C2550,Retail farmer,V04,Chilli,Pro-tray,1400,1.9,0.0,2660.0,UPI,WhatsApp,Self pickup
O005844,2026-07-12,C2551,Wholesale / dealer,V03,Chilli,Pro-tray,5200,1.87,10.5,8702.98,UPI,WhatsApp,Van delivery
O005845,2026-07-12,C2007,Retail farmer,V07,Chilli,Pro-tray,1900,1.39,0.0,2641.0,UPI,WhatsApp,Self pickup
O005846,2026-07-12,C2552,Retail farmer,V06,Chilli,Pro-tray,3200,1.39,0.0,4448.0,Cash,Walk-in,Self pickup
O005847,2026-07-12,C2553,Retail farmer,V03,Chilli,Nursery bed,1000,1.29,0.0,1290.0,UPI,Walk-in,Self pickup
O005848,2026-07-12,C2554,Retail farmer,V07,Chilli,Pro-tray,1100,1.4,0.0,1540.0,UPI,Walk-in,Self pickup
O005849,2026-07-12,C2555,Retail farmer,V05,Chilli,Pro-tray,600,1.75,0.0,1050.0,UPI,WhatsApp,Self pickup
O005850,2026-07-12,C2556,Retail farmer,V11,Capsicum,Pro-tray,1000,3.57,0.0,3570.0,UPI,Phone call,Self pickup
O005851,2026-07-12,C2044,Retail farmer,V13,Brinjal,Pro-tray,1300,1.32,0.0,1716.0,UPI,Phone call,Self pickup
O005852,2026-07-12,C1770,Retail farmer,V14,Marigold,Pro-tray,2300,1.95,0.0,4485.0,Credit,Phone call,Self pickup
O005853,2026-07-12,C2037,Retail farmer,V15,Marigold,Pro-tray,1200,1.9,0.0,2280.0,Cash,Phone call,Self pickup
O005854,2026-07-12,C0082,Retail farmer,V14,Marigold,Pro-tray,200,2.02,0.0,404.0,UPI,Walk-in,Self pickup
O005855,2026-07-12,C1561,Retail farmer,V14,Marigold,Pro-tray,1600,1.95,0.0,3120.0,Cash,Walk-in,Self pickup
O005856,2026-07-12,C2029,Retail farmer,V16,Tobacco,Nursery bed,9700,0.13,1.9,1237.04,Cash,Walk-in,Van delivery
O005857,2026-07-12,C0847,Wholesale / dealer,V16,Tobacco,Nursery bed,156400,0.14,8.6,20012.94,Credit,Walk-in,Van delivery
O005858,2026-07-12,C2367,Retail farmer,V16,Tobacco,Nursery bed,8400,0.13,3.2,1057.06,Cash,WhatsApp,Van delivery
O005859,2026-07-12,C2290,Retail farmer,V16,Tobacco,Nursery bed,4700,0.13,0.0,611.0,UPI,Phone call,Van delivery
O005860,2026-07-13,C1176,Wholesale / dealer,V02,Chilli,Pro-tray,4500,1.62,9.7,6582.87,Credit,Walk-in,Self pickup
O005861,2026-07-13,C1274,Retail farmer,V08,Chilli,Pro-tray,3400,1.68,0.0,5712.0,UPI,Phone call,Self pickup
O005862,2026-07-13,C1377,Retail farmer,V03,Chilli,Pro-tray,2400,1.82,0.0,4368.0,UPI,WhatsApp,Self pickup
O005863,2026-07-13,C2557,Retail farmer,V09,Chilli,Pro-tray,5200,1.83,0.3,9487.45,UPI,Walk-in,Van delivery
O005864,2026-07-13,C1610,Home gardener,V04,Chilli,Pro-tray,110,1.82,0.0,200.2,UPI,Walk-in,Self pickup
O005865,2026-07-13,C1124,Retail farmer,V04,Chilli,Nursery bed,1300,1.36,0.0,1768.0,Cash,WhatsApp,Self pickup
O005866,2026-07-13,C0644,Retail farmer,V08,Chilli,Pro-tray,1400,1.74,0.0,2436.0,UPI,Phone call,Self pickup
O005867,2026-07-13,C2558,Retail farmer,V10,Chilli,Pro-tray,1800,1.45,0.0,2610.0,UPI,WhatsApp,Self pickup
O005868,2026-07-13,C2559,Retail farmer,V06,Chilli,Pro-tray,3100,1.45,0.0,4495.0,UPI,Phone call,Self pickup
O005869,2026-07-13,C2560,Retail farmer,V01,Chilli,Nursery bed,1400,1.17,0.0,1638.0,Credit,Phone call,Self pickup
O005870,2026-07-13,C0254,Retail farmer,V05,Chilli,Nursery bed,1000,1.23,0.0,1230.0,UPI,Phone call,Van delivery
O005871,2026-07-13,C2561,Retail farmer,V12,Tomato,Pro-tray,1900,1.98,0.0,3762.0,UPI,Walk-in,Van delivery
O005872,2026-07-13,C2562,Home gardener,V12,Tomato,Pro-tray,70,2.0,0.0,140.0,UPI,Phone call,Self pickup
O005873,2026-07-13,C2563,Retail farmer,V12,Tomato,Pro-tray,1300,1.93,0.0,2509.0,Cash,WhatsApp,Self pickup
O005874,2026-07-13,C0985,Retail farmer,V12,Tomato,Nursery bed,900,1.38,0.0,1242.0,UPI,Phone call,Self pickup
O005875,2026-07-13,C2124,Retail farmer,V14,Marigold,Pro-tray,1600,1.94,0.0,3104.0,UPI,Walk-in,Self pickup
O005876,2026-07-13,C2389,Retail farmer,V14,Marigold,Pro-tray,1300,1.92,0.0,2496.0,UPI,WhatsApp,Self pickup
O005877,2026-07-13,C2300,Retail farmer,V16,Tobacco,Nursery bed,8500,0.13,1.9,1084.0,Cash,Walk-in,Van delivery
O005878,2026-07-13,C0581,Wholesale / dealer,V16,Tobacco,Nursery bed,34900,0.13,8.3,4160.43,Credit,Walk-in,Self pickup
O005879,2026-07-14,C2119,Wholesale / dealer,V08,Chilli,Nursery bed,6200,1.21,8.0,6901.84,UPI,WhatsApp,Van delivery
O005880,2026-07-14,C2564,Retail farmer,V04,Chilli,Pro-tray,1600,1.91,0.0,3056.0,UPI,Walk-in,Self pickup
O005881,2026-07-14,C2565,Retail farmer,V02,Chilli,Pro-tray,1100,1.66,0.0,1826.0,UPI,WhatsApp,Self pickup
O005882,2026-07-14,C2566,Retail farmer,V02,Chilli,Pro-tray,1100,1.66,0.0,1826.0,UPI,Phone call,Self pickup
O005883,2026-07-14,C2567,Retail farmer,V10,Chilli,Pro-tray,1100,1.52,0.0,1672.0,Credit,Walk-in,Self pickup
O005884,2026-07-14,C1736,Wholesale / dealer,V08,Chilli,Pro-tray,8000,1.7,11.9,11981.6,UPI,Phone call,Van delivery
O005885,2026-07-14,C2568,Retail farmer,V01,Chilli,Pro-tray,1700,1.67,0.0,2839.0,UPI,WhatsApp,Self pickup
O005886,2026-07-14,C2569,Retail farmer,V03,Chilli,Pro-tray,1300,1.87,0.0,2431.0,UPI,WhatsApp,Self pickup
O005887,2026-07-14,C2570,Retail farmer,V06,Chilli,Pro-tray,1900,1.45,0.0,2755.0,UPI,Walk-in,Self pickup
O005888,2026-07-14,C1621,Wholesale / dealer,V04,Chilli,Pro-tray,8400,1.84,9.4,14003.14,UPI,WhatsApp,Van delivery
O005889,2026-07-14,C2140,Retail farmer,V02,Chilli,Pro-tray,3500,1.66,0.0,5810.0,UPI,Walk-in,Self pickup
O005890,2026-07-14,C2546,Wholesale / dealer,V01,Chilli,Pro-tray,10500,1.73,10.2,16312.17,UPI,Walk-in,Van delivery
O005891,2026-07-14,C1819,Retail farmer,V03,Chilli,Pro-tray,1500,1.86,0.0,2790.0,Cash,WhatsApp,Self pickup
O005892,2026-07-14,C0205,Retail farmer,V11,Capsicum,Pro-tray,1300,3.45,0.0,4485.0,UPI,Walk-in,Self pickup
O005893,2026-07-14,C1899,Retail farmer,V12,Tomato,Pro-tray,1200,2.01,0.0,2412.0,UPI,Walk-in,Van delivery
O005894,2026-07-14,C2083,Wholesale / dealer,V12,Tomato,Pro-tray,3500,1.96,12.0,6036.8,Credit,WhatsApp,Self pickup
O005895,2026-07-14,C0667,Retail farmer,V12,Tomato,Nursery bed,1200,1.41,0.0,1692.0,UPI,Phone call,Van delivery
O005896,2026-07-14,C2571,Retail farmer,V15,Marigold,Pro-tray,1600,1.91,0.0,3056.0,UPI,WhatsApp,Self pickup
O005897,2026-07-14,C0125,Wholesale / dealer,V15,Marigold,Pro-tray,12500,1.83,9.6,20679.0,UPI,Walk-in,Van delivery
O005898,2026-07-14,C0004,Retail farmer,V16,Tobacco,Nursery bed,17800,0.13,2.3,2260.78,UPI,Walk-in,Van delivery
O005899,2026-07-15,C2572,Retail farmer,V04,Chilli,Pro-tray,1400,1.83,0.0,2562.0,UPI,Phone call,Van delivery
O005900,2026-07-15,C2573,Retail farmer,V09,Chilli,Pro-tray,1300,1.92,0.0,2496.0,Cash,WhatsApp,Self pickup
O005901,2026-07-15,C2574,Retail farmer,V01,Chilli,Pro-tray,5700,1.69,3.8,9266.95,UPI,Phone call,Van delivery
O005902,2026-07-15,C1349,Retail farmer,V04,Chilli,Nursery bed,2200,1.34,0.0,2948.0,UPI,Phone call,Self pickup
O005903,2026-07-15,C2575,Wholesale / dealer,V09,Chilli,Pro-tray,5100,1.82,11.6,8205.29,UPI,Phone call,Van delivery
O005904,2026-07-15,C0375,Retail farmer,V04,Chilli,Pro-tray,800,1.87,0.0,1496.0,Cash,Phone call,Self pickup
O005905,2026-07-15,C2576,Retail farmer,V03,Chilli,Pro-tray,1200,1.77,0.0,2124.0,Cash,Walk-in,Self pickup
O005906,2026-07-15,C2577,Retail farmer,V04,Chilli,Pro-tray,3200,1.84,0.0,5888.0,Cash,Phone call,Self pickup
O005907,2026-07-15,C1407,Retail farmer,V01,Chilli,Pro-tray,3700,1.73,0.0,6401.0,UPI,WhatsApp,Self pickup
O005908,2026-07-15,C0100,Retail farmer,V04,Chilli,Nursery bed,2200,1.32,0.0,2904.0,Cash,WhatsApp,Self pickup
O005909,2026-07-15,C0839,Retail farmer,V02,Chilli,Pro-tray,700,1.64,0.0,1148.0,Cash,Walk-in,Self pickup
O005910,2026-07-15,C2051,Wholesale / dealer,V06,Chilli,Pro-tray,3200,1.44,8.7,4207.1,UPI,WhatsApp,Self pickup
O005911,2026-07-15,C2578,Retail farmer,V03,Chilli,Pro-tray,1400,1.85,0.0,2590.0,Cash,Phone call,Self pickup
O005912,2026-07-15,C1938,Retail farmer,V10,Chilli,Pro-tray,700,1.52,0.0,1064.0,UPI,WhatsApp,Self pickup
O005913,2026-07-15,C1262,Retail farmer,V11,Capsicum,Pro-tray,500,3.46,0.0,1730.0,UPI,WhatsApp,Self pickup
O005914,2026-07-16,C0575,Retail farmer,V04,Chilli,Pro-tray,1000,1.86,0.0,1860.0,Cash,Phone call,Self pickup
O005915,2026-07-16,C2269,Retail farmer,V02,Chilli,Pro-tray,1500,1.7,0.0,2550.0,Cash,Phone call,Self pickup
O005916,2026-07-16,C2579,Retail farmer,V01,Chilli,Pro-tray,1100,1.72,0.0,1892.0,UPI,Phone call,Self pickup
O005917,2026-07-16,C2124,Retail farmer,V03,Chilli,Nursery bed,4300,1.28,0.0,5504.0,Credit,WhatsApp,Self pickup
O005918,2026-07-16,C1182,Retail farmer,V12,Tomato,Pro-tray,900,2.0,0.0,1800.0,UPI,Walk-in,Self pickup
O005919,2026-07-16,C0991,Retail farmer,V13,Brinjal,Nursery bed,500,0.87,0.0,435.0,UPI,Phone call,Self pickup
O005920,2026-07-16,C2034,Wholesale / dealer,V14,Marigold,Pro-tray,12300,2.04,11.1,22306.79,Credit,Phone call,Self pickup
O005921,2026-07-16,C1991,Retail farmer,V16,Tobacco,Nursery bed,9500,0.13,1.8,1212.77,Cash,Phone call,Van delivery
O005922,2026-07-17,C1333,Retail farmer,V02,Chilli,Pro-tray,1500,1.65,0.0,2475.0,UPI,Walk-in,Self pickup
O005923,2026-07-17,C2050,Home gardener,V06,Chilli,Pro-tray,150,1.41,0.0,211.5,Cash,Walk-in,Self pickup
O005924,2026-07-17,C0882,Retail farmer,V06,Chilli,Nursery bed,500,0.98,0.0,490.0,UPI,WhatsApp,Self pickup
O005925,2026-07-17,C0578,Wholesale / dealer,V06,Chilli,Pro-tray,2500,1.44,10.7,3214.8,Credit,Phone call,Van delivery
O005926,2026-07-17,C2580,Retail farmer,V05,Chilli,Nursery bed,3800,1.25,0.0,4750.0,UPI,WhatsApp,Self pickup
O005927,2026-07-17,C1343,Retail farmer,V02,Chilli,Pro-tray,1000,1.61,0.0,1610.0,UPI,WhatsApp,Self pickup
O005928,2026-07-17,C1651,Retail farmer,V03,Chilli,Pro-tray,2600,1.79,0.0,4654.0,UPI,WhatsApp,Self pickup
O005929,2026-07-17,C2581,Retail farmer,V01,Chilli,Nursery bed,6200,1.18,0.9,7250.16,UPI,WhatsApp,Van delivery
O005930,2026-07-17,C1468,Wholesale / dealer,V05,Chilli,Nursery bed,2600,1.24,11.7,2846.79,Credit,Walk-in,Van delivery
O005931,2026-07-17,C2582,Home gardener,V11,Capsicum,Pro-tray,130,3.6,0.0,468.0,UPI,Walk-in,Self pickup
O005932,2026-07-17,C2305,Retail farmer,V12,Tomato,Pro-tray,900,2.03,0.0,1827.0,Credit,Phone call,Self pickup
O005933,2026-07-17,C0754,Retail farmer,V12,Tomato,Nursery bed,1000,1.41,0.0,1410.0,Credit,WhatsApp,Self pickup
O005934,2026-07-17,C0900,Retail farmer,V12,Tomato,Pro-tray,1000,2.03,0.0,2030.0,Cash,Walk-in,Self pickup
O005935,2026-07-17,C1556,Wholesale / dealer,V12,Tomato,Pro-tray,7300,1.93,11.0,12539.21,UPI,Phone call,Self pickup
O005936,2026-07-17,C0599,Retail farmer,V13,Brinjal,Pro-tray,1200,1.3,0.0,1560.0,UPI,Phone call,Self pickup
O005937,2026-07-17,C1264,Retail farmer,V13,Brinjal,Pro-tray,500,1.34,0.0,670.0,UPI,Walk-in,Self pickup
O005938,2026-07-17,C0500,Wholesale / dealer,V14,Marigold,Pro-tray,3700,1.94,8.4,6575.05,Credit,Phone call,Self pickup
O005939,2026-07-17,C2583,Retail farmer,V14,Marigold,Pro-tray,1100,2.02,0.0,2222.0,Cash,Phone call,Self pickup
O005940,2026-07-17,C0247,Retail farmer,V15,Marigold,Pro-tray,1200,1.83,0.0,2196.0,UPI,Walk-in,Self pickup
O005941,2026-07-17,C2584,Retail farmer,V15,Marigold,Pro-tray,900,1.88,0.0,1692.0,UPI,Walk-in,Self pickup
O005942,2026-07-17,C0134,Retail farmer,V15,Marigold,Pro-tray,1200,1.87,0.0,2244.0,UPI,WhatsApp,Self pickup
O005943,2026-07-17,C2023,Wholesale / dealer,V16,Tobacco,Nursery bed,26500,0.13,10.2,3093.61,UPI,Walk-in,Van delivery
O005944,2026-07-18,C2585,Retail farmer,V05,Chilli,Pro-tray,1100,1.71,0.0,1881.0,Cash,Phone call,Self pickup
O005945,2026-07-18,C0063,Retail farmer,V02,Chilli,Nursery bed,1600,1.17,0.0,1872.0,Cash,WhatsApp,Self pickup
O005946,2026-07-18,C2586,Retail farmer,V05,Chilli,Pro-tray,700,1.79,0.0,1253.0,UPI,Phone call,Van delivery
O005947,2026-07-18,C2587,Retail farmer,V08,Chilli,Pro-tray,700,1.69,0.0,1183.0,UPI,Walk-in,Self pickup
O005948,2026-07-18,C1618,Retail farmer,V07,Chilli,Pro-tray,1600,1.38,0.0,2208.0,UPI,Walk-in,Self pickup
O005949,2026-07-18,C2588,Retail farmer,V06,Chilli,Nursery bed,1200,1.01,0.0,1212.0,UPI,Walk-in,Self pickup
O005950,2026-07-18,C0688,Retail farmer,V01,Chilli,Nursery bed,1800,1.22,0.0,2196.0,Credit,Walk-in,Self pickup
O005951,2026-07-18,C0514,Wholesale / dealer,V01,Chilli,Pro-tray,1300,1.72,10.8,1994.51,Credit,WhatsApp,Self pickup
O005952,2026-07-18,C2589,Wholesale / dealer,V01,Chilli,Pro-tray,14700,1.76,11.6,22870.85,Credit,Phone call,Van delivery
O005953,2026-07-18,C0550,Wholesale / dealer,V09,Chilli,Pro-tray,16200,1.85,10.2,26913.06,Credit,Phone call,Van delivery
O005954,2026-07-18,C0215,Wholesale / dealer,V01,Chilli,Pro-tray,6000,1.69,9.9,9136.14,Credit,Walk-in,Van delivery
O005955,2026-07-18,C1228,Retail farmer,V11,Capsicum,Pro-tray,900,3.45,0.0,3105.0,Cash,Phone call,Self pickup
O005956,2026-07-18,C2263,Retail farmer,V15,Marigold,Pro-tray,1200,1.86,0.0,2232.0,UPI,WhatsApp,Self pickup
O005957,2026-07-18,C2590,Home gardener,V14,Marigold,Pro-tray,200,2.03,0.0,406.0,UPI,Walk-in,Van delivery
O005958,2026-07-18,C2591,Home gardener,V15,Marigold,Pro-tray,170,1.83,0.0,311.1,UPI,WhatsApp,Self pickup
O005959,2026-07-19,C2592,Retail farmer,V09,Chilli,Pro-tray,2200,1.85,0.0,4070.0,Cash,Walk-in,Van delivery
O005960,2026-07-19,C2593,Retail farmer,V04,Chilli,Pro-tray,900,1.91,0.0,1719.0,Cash,Phone call,Self pickup
O005961,2026-07-19,C2594,Home gardener,V07,Chilli,Pro-tray,50,1.35,0.0,67.5,UPI,Walk-in,Van delivery
O005962,2026-07-19,C2137,Wholesale / dealer,V06,Chilli,Pro-tray,19100,1.41,8.7,24588.0,Credit,Walk-in,Van delivery
O005963,2026-07-19,C2595,Retail farmer,V02,Chilli,Pro-tray,3300,1.66,0.0,5478.0,Cash,Walk-in,Self pickup
O005964,2026-07-19,C0673,Retail farmer,V02,Chilli,Nursery bed,800,1.16,0.0,928.0,UPI,Walk-in,Self pickup
O005965,2026-07-19,C0843,Home gardener,V09,Chilli,Pro-tray,180,1.89,0.0,340.2,UPI,Walk-in,Self pickup
O005966,2026-07-19,C2596,Retail farmer,V07,Chilli,Nursery bed,600,0.99,0.0,594.0,Cash,WhatsApp,Self pickup
O005967,2026-07-19,C1282,Wholesale / dealer,V07,Chilli,Pro-tray,6700,1.38,10.8,8247.43,UPI,Walk-in,Self pickup
O005968,2026-07-19,C2597,Retail farmer,V04,Chilli,Pro-tray,3900,1.84,0.0,7176.0,Credit,Walk-in,Self pickup
O005969,2026-07-19,C2598,Retail farmer,V12,Tomato,Nursery bed,1600,1.36,0.0,2176.0,UPI,Phone call,Self pickup
O005970,2026-07-19,C0954,Retail farmer,V12,Tomato,Pro-tray,500,1.96,0.0,980.0,UPI,Walk-in,Self pickup
O005971,2026-07-19,C1426,Wholesale / dealer,V13,Brinjal,Nursery bed,7500,0.88,8.1,6065.4,UPI,Walk-in,Van delivery
O005972,2026-07-19,C2599,Home gardener,V13,Brinjal,Pro-tray,130,1.29,0.0,167.7,UPI,Phone call,Self pickup
O005973,2026-07-19,C2600,Home gardener,V14,Marigold,Pro-tray,120,2.02,0.0,242.4,Credit,Phone call,Self pickup
O005974,2026-07-19,C2601,Home gardener,V15,Marigold,Pro-tray,160,1.88,0.0,300.8,UPI,Walk-in,Van delivery
O005975,2026-07-19,C1783,Retail farmer,V16,Tobacco,Nursery bed,6400,0.13,2.7,809.54,UPI,Walk-in,Van delivery
O005976,2026-07-20,C1224,Retail farmer,V09,Chilli,Nursery bed,1000,1.35,0.0,1350.0,UPI,WhatsApp,Self pickup
O005977,2026-07-20,C2602,Retail farmer,V04,Chilli,Pro-tray,1100,1.82,0.0,2002.0,UPI,Walk-in,Self pickup
O005978,2026-07-20,C2603,Retail farmer,V01,Chilli,Nursery bed,1200,1.18,0.0,1416.0,UPI,Walk-in,Self pickup
O005979,2026-07-20,C2604,Retail farmer,V09,Chilli,Pro-tray,1000,1.82,0.0,1820.0,Cash,WhatsApp,Self pickup
O005980,2026-07-20,C2605,Home gardener,V05,Chilli,Pro-tray,70,1.81,0.0,126.7,Cash,Phone call,Self pickup
O005981,2026-07-20,C2606,Retail farmer,V09,Chilli,Nursery bed,2600,1.34,0.0,3484.0,Credit,WhatsApp,Self pickup
O005982,2026-07-20,C2607,Retail farmer,V01,Chilli,Nursery bed,1600,1.23,0.0,1968.0,UPI,Walk-in,Self pickup
O005983,2026-07-20,C1169,Retail farmer,V04,Chilli,Pro-tray,1500,1.87,0.0,2805.0,UPI,Phone call,Self pickup
O005984,2026-07-20,C1282,Wholesale / dealer,V07,Chilli,Pro-tray,5400,1.41,11.3,6753.62,UPI,Walk-in,Self pickup
O005985,2026-07-20,C2608,Wholesale / dealer,V07,Chilli,Nursery bed,5400,0.99,8.7,4880.9,UPI,Walk-in,Van delivery
O005986,2026-07-20,C0515,Retail farmer,V12,Tomato,Pro-tray,2000,1.96,0.0,3920.0,Credit,WhatsApp,Self pickup
O005987,2026-07-20,C2609,Retail farmer,V12,Tomato,Pro-tray,2300,2.01,0.0,4623.0,UPI,Phone call,Self pickup
O005988,2026-07-20,C2610,Retail farmer,V13,Brinjal,Nursery bed,1300,0.86,0.0,1118.0,UPI,Walk-in,Self pickup
O005989,2026-07-20,C1463,Home gardener,V13,Brinjal,Pro-tray,80,1.33,0.0,106.4,UPI,WhatsApp,Self pickup
O005990,2026-07-20,C2227,Retail farmer,V14,Marigold,Nursery bed,1400,1.46,0.0,2044.0,UPI,Walk-in,Self pickup
O005991,2026-07-20,C1155,Wholesale / dealer,V16,Tobacco,Nursery bed,65100,0.14,10.8,8129.69,Cash,Walk-in,Self pickup
O005992,2026-07-21,C2611,Wholesale / dealer,V08,Chilli,Pro-tray,3800,1.75,11.5,5885.25,Credit,WhatsApp,Self pickup
O005993,2026-07-21,C0608,Retail farmer,V04,Chilli,Pro-tray,2000,1.9,0.0,3800.0,UPI,Phone call,Van delivery
O005994,2026-07-21,C1025,Retail farmer,V05,Chilli,Pro-tray,2400,1.81,0.0,4344.0,UPI,Walk-in,Self pickup
O005995,2026-07-21,C2612,Home gardener,V01,Chilli,Pro-tray,40,1.68,0.0,67.2,UPI,WhatsApp,Self pickup
O005996,2026-07-21,C0649,Retail farmer,V07,Chilli,Pro-tray,800,1.38,0.0,1104.0,UPI,Walk-in,Self pickup
O005997,2026-07-21,C1929,Wholesale / dealer,V11,Capsicum,Pro-tray,4900,3.5,9.8,15469.3,Cash,Walk-in,Self pickup
O005998,2026-07-21,C2613,Retail farmer,V12,Tomato,Pro-tray,400,1.97,0.0,788.0,Cash,Walk-in,Self pickup
O005999,2026-07-21,C2614,Home gardener,V12,Tomato,Pro-tray,80,1.93,0.0,154.4,Cash,WhatsApp,Self pickup
O006000,2026-07-21,C2615,Retail farmer,V13,Brinjal,Pro-tray,800,1.35,0.0,1080.0,UPI,Walk-in,Self pickup
O006001,2026-07-21,C2206,Retail farmer,V14,Marigold,Pro-tray,1900,1.94,0.0,3686.0,Cash,Walk-in,Self pickup
O006002,2026-07-21,C2423,Retail farmer,V15,Marigold,Pro-tray,1300,1.87,0.0,2431.0,UPI,WhatsApp,Self pickup
O006003,2026-07-21,C0810,Retail farmer,V16,Tobacco,Nursery bed,9400,0.13,2.3,1193.89,UPI,Phone call,Van delivery
O006004,2026-07-21,C0072,Retail farmer,V16,Tobacco,Nursery bed,3200,0.13,0.0,416.0,UPI,Walk-in,Self pickup
O006005,2026-07-21,C2466,Wholesale / dealer,V16,Tobacco,Nursery bed,59900,0.13,8.4,7132.89,Credit,WhatsApp,Self pickup
O006006,2026-07-22,C1830,Retail farmer,V06,Chilli,Nursery bed,3400,0.97,0.0,3298.0,UPI,WhatsApp,Self pickup
O006007,2026-07-22,C1033,Retail farmer,V03,Chilli,Pro-tray,1800,1.77,0.0,3186.0,UPI,Phone call,Self pickup
O006008,2026-07-22,C2616,Retail farmer,V01,Chilli,Nursery bed,800,1.21,0.0,968.0,UPI,Walk-in,Self pickup
O006009,2026-07-22,C2617,Wholesale / dealer,V08,Chilli,Nursery bed,18900,1.22,8.6,21075.01,Cash,Walk-in,Van delivery
O006010,2026-07-22,C2618,Retail farmer,V01,Chilli,Nursery bed,1500,1.24,0.0,1860.0,UPI,WhatsApp,Self pickup
O006011,2026-07-22,C1810,Retail farmer,V05,Chilli,Pro-tray,1300,1.74,0.0,2262.0,UPI,WhatsApp,Van delivery
O006012,2026-07-22,C0422,Retail farmer,V07,Chilli,Pro-tray,2200,1.37,0.0,3014.0,Cash,Phone call,Self pickup
O006013,2026-07-22,C0205,Retail farmer,V01,Chilli,Pro-tray,3100,1.68,0.0,5208.0,Credit,WhatsApp,Self pickup
O006014,2026-07-22,C2619,Retail farmer,V04,Chilli,Pro-tray,1100,1.84,0.0,2024.0,UPI,Walk-in,Self pickup
O006015,2026-07-22,C0631,Retail farmer,V06,Chilli,Nursery bed,2200,0.96,0.0,2112.0,UPI,Walk-in,Van delivery
O006016,2026-07-22,C2620,Retail farmer,V03,Chilli,Pro-tray,1600,1.84,0.0,2944.0,Cash,Phone call,Self pickup
O006017,2026-07-22,C1305,Retail farmer,V04,Chilli,Nursery bed,1300,1.34,0.0,1742.0,Cash,Phone call,Self pickup
O006018,2026-07-22,C0262,Wholesale / dealer,V01,Chilli,Nursery bed,5200,1.18,9.4,5559.22,Cash,Walk-in,Van delivery
O006019,2026-07-22,C1313,Retail farmer,V11,Capsicum,Pro-tray,500,3.52,0.0,1760.0,UPI,WhatsApp,Van delivery
O006020,2026-07-22,C2591,Home gardener,V11,Capsicum,Pro-tray,40,3.54,0.0,141.6,UPI,Phone call,Self pickup
O006021,2026-07-22,C2621,Retail farmer,V14,Marigold,Nursery bed,1300,1.46,0.0,1898.0,Cash,Walk-in,Self pickup
O006022,2026-07-22,C2462,Retail farmer,V15,Marigold,Pro-tray,600,1.82,0.0,1092.0,UPI,Walk-in,Self pickup
O006023,2026-07-22,C2379,Retail farmer,V15,Marigold,Pro-tray,600,1.89,0.0,1134.0,Cash,WhatsApp,Van delivery
O006024,2026-07-22,C2622,Wholesale / dealer,V16,Tobacco,Nursery bed,40300,0.13,8.2,4809.4,Credit,Walk-in,Van delivery
O006025,2026-07-23,C2623,Home gardener,V08,Chilli,Pro-tray,130,1.68,0.0,218.4,UPI,Walk-in,Self pickup
O006026,2026-07-23,C2624,Wholesale / dealer,V09,Chilli,Pro-tray,2200,1.91,8.3,3853.23,Credit,Walk-in,Self pickup
O006027,2026-07-23,C2358,Wholesale / dealer,V01,Chilli,Nursery bed,8200,1.21,11.2,8810.74,Credit,Walk-in,Van delivery
O006028,2026-07-23,C2625,Retail farmer,V10,Chilli,Nursery bed,500,1.07,0.0,535.0,UPI,Walk-in,Self pickup
O006029,2026-07-23,C0727,Retail farmer,V01,Chilli,Pro-tray,1700,1.71,0.0,2907.0,UPI,Walk-in,Self pickup
O006030,2026-07-23,C0581,Wholesale / dealer,V04,Chilli,Pro-tray,8800,1.91,8.4,15396.13,UPI,Walk-in,Van delivery
O006031,2026-07-23,C0219,Retail farmer,V05,Chilli,Pro-tray,3100,1.74,0.0,5394.0,Credit,WhatsApp,Self pickup
O006032,2026-07-23,C2626,Retail farmer,V01,Chilli,Nursery bed,2200,1.17,0.0,2574.0,UPI,Walk-in,Self pickup
O006033,2026-07-23,C0873,Retail farmer,V09,Chilli,Pro-tray,700,1.91,0.0,1337.0,Cash,Phone call,Self pickup
O006034,2026-07-23,C1746,Retail farmer,V07,Chilli,Pro-tray,1300,1.36,0.0,1768.0,Cash,Walk-in,Self pickup
O006035,2026-07-23,C2627,Retail farmer,V07,Chilli,Pro-tray,500,1.36,0.0,680.0,Cash,Walk-in,Self pickup
O006036,2026-07-23,C2628,Retail farmer,V08,Chilli,Nursery bed,1800,1.24,0.0,2232.0,UPI,Phone call,Self pickup
O006037,2026-07-23,C0554,Retail farmer,V12,Tomato,Pro-tray,1000,2.02,0.0,2020.0,UPI,Walk-in,Self pickup
O006038,2026-07-23,C2377,Retail farmer,V13,Brinjal,Pro-tray,2000,1.32,0.0,2640.0,UPI,Walk-in,Self pickup
O006039,2026-07-23,C0701,Retail farmer,V13,Brinjal,Pro-tray,1100,1.28,0.0,1408.0,Cash,WhatsApp,Self pickup
O006040,2026-07-23,C2629,Retail farmer,V14,Marigold,Pro-tray,1400,1.99,0.0,2786.0,UPI,Walk-in,Self pickup
O006041,2026-07-23,C2630,Retail farmer,V16,Tobacco,Nursery bed,15200,0.13,2.1,1934.5,Cash,Walk-in,Van delivery
O006042,2026-07-23,C1389,Wholesale / dealer,V16,Tobacco,Nursery bed,76700,0.13,8.4,9133.44,Credit,Walk-in,Van delivery
O006043,2026-07-24,C2631,Retail farmer,V07,Chilli,Pro-tray,1400,1.36,0.0,1904.0,UPI,Walk-in,Van delivery
O006044,2026-07-24,C2632,Retail farmer,V02,Chilli,Pro-tray,2000,1.62,0.0,3240.0,UPI,Walk-in,Self pickup
O006045,2026-07-24,C0465,Retail farmer,V03,Chilli,Pro-tray,800,1.79,0.0,1432.0,Cash,Phone call,Self pickup
O006046,2026-07-24,C0729,Wholesale / dealer,V09,Chilli,Pro-tray,6700,1.86,9.4,11290.57,UPI,Phone call,Self pickup
O006047,2026-07-24,C0806,Retail farmer,V03,Chilli,Pro-tray,400,1.78,0.0,712.0,Cash,Walk-in,Self pickup
O006048,2026-07-24,C0464,Retail farmer,V06,Chilli,Nursery bed,1100,0.97,0.0,1067.0,UPI,Phone call,Self pickup
O006049,2026-07-24,C2484,Wholesale / dealer,V05,Chilli,Pro-tray,5200,1.74,11.0,8052.72,UPI,Phone call,Van delivery
O006050,2026-07-24,C2633,Wholesale / dealer,V06,Chilli,Pro-tray,2300,1.39,9.5,2893.29,Cash,Phone call,Self pickup
O006051,2026-07-24,C0640,Wholesale / dealer,V09,Chilli,Pro-tray,3300,1.85,8.2,5604.39,UPI,Walk-in,Self pickup
O006052,2026-07-24,C2634,Retail farmer,V01,Chilli,Nursery bed,700,1.23,0.0,861.0,Cash,Phone call,Self pickup
O006053,2026-07-24,C2635,Retail farmer,V04,Chilli,Pro-tray,1100,1.9,0.0,2090.0,UPI,Walk-in,Self pickup
O006054,2026-07-24,C0095,Retail farmer,V11,Capsicum,Pro-tray,500,3.55,0.0,1775.0,Cash,Phone call,Self pickup
O006055,2026-07-24,C1093,Wholesale / dealer,V12,Tomato,Pro-tray,2100,1.96,8.7,3757.91,UPI,Walk-in,Self pickup
O006056,2026-07-24,C2636,Retail farmer,V13,Brinjal,Nursery bed,800,0.87,0.0,696.0,UPI,Walk-in,Self pickup
O006057,2026-07-24,C2637,Retail farmer,V15,Marigold,Pro-tray,1300,1.86,0.0,2418.0,UPI,WhatsApp,Self pickup
O006058,2026-07-24,C2638,Retail farmer,V15,Marigold,Pro-tray,1400,1.92,0.0,2688.0,Cash,WhatsApp,Self pickup
O006059,2026-07-24,C2639,Retail farmer,V15,Marigold,Nursery bed,1200,1.38,0.0,1656.0,Credit,WhatsApp,Van delivery
O006060,2026-07-24,C0797,Retail farmer,V14,Marigold,Pro-tray,1200,1.98,0.0,2376.0,Credit,Phone call,Self pickup
O006061,2026-07-24,C2640,Retail farmer,V16,Tobacco,Nursery bed,7300,0.13,3.2,918.63,Credit,Walk-in,Self pickup
O006062,2026-07-24,C0249,Wholesale / dealer,V16,Tobacco,Nursery bed,32500,0.13,9.9,3806.72,UPI,WhatsApp,Van delivery
O006063,2026-07-24,C0034,Retail farmer,V16,Tobacco,Nursery bed,7000,0.13,2.8,884.52,UPI,WhatsApp,Van delivery
O006064,2026-07-25,C2505,Retail farmer,V09,Chilli,Nursery bed,2900,1.29,0.0,3741.0,UPI,Walk-in,Self pickup
O006065,2026-07-25,C0968,Retail farmer,V08,Chilli,Pro-tray,1700,1.66,0.0,2822.0,UPI,WhatsApp,Self pickup
O006066,2026-07-25,C2420,Retail farmer,V02,Chilli,Pro-tray,1300,1.64,0.0,2132.0,UPI,Walk-in,Self pickup
O006067,2026-07-25,C2641,Retail farmer,V03,Chilli,Pro-tray,1100,1.81,0.0,1991.0,UPI,WhatsApp,Self pickup
O006068,2026-07-25,C2642,Retail farmer,V07,Chilli,Nursery bed,3200,0.94,0.0,3008.0,UPI,Walk-in,Self pickup
O006069,2026-07-25,C2618,Retail farmer,V09,Chilli,Nursery bed,1300,1.32,0.0,1716.0,UPI,Phone call,Self pickup
O006070,2026-07-25,C0774,Retail farmer,V06,Chilli,Nursery bed,1200,0.99,0.0,1188.0,Cash,Walk-in,Self pickup
O006071,2026-07-25,C2643,Retail farmer,V09,Chilli,Pro-tray,1500,1.85,0.0,2775.0,UPI,Walk-in,Self pickup
O006072,2026-07-25,C2644,Retail farmer,V01,Chilli,Pro-tray,1700,1.67,0.0,2839.0,Credit,Walk-in,Self pickup
O006073,2026-07-25,C2645,Wholesale / dealer,V08,Chilli,Pro-tray,7300,1.75,8.9,11638.02,Credit,WhatsApp,Van delivery
O006074,2026-07-25,C1392,Retail farmer,V06,Chilli,Nursery bed,500,1.01,0.0,505.0,Cash,Walk-in,Self pickup
O006075,2026-07-25,C1723,Retail farmer,V06,Chilli,Pro-tray,1200,1.41,0.0,1692.0,Cash,WhatsApp,Self pickup
O006076,2026-07-25,C1426,Wholesale / dealer,V01,Chilli,Pro-tray,3000,1.7,9.7,4605.3,Credit,Walk-in,Self pickup
O006077,2026-07-25,C1864,Wholesale / dealer,V06,Chilli,Pro-tray,10400,1.46,10.9,13528.94,Credit,Walk-in,Van delivery
O006078,2026-07-25,C2646,Home gardener,V04,Chilli,Pro-tray,150,1.9,0.0,285.0,UPI,WhatsApp,Self pickup
O006079,2026-07-25,C2647,Retail farmer,V08,Chilli,Nursery bed,700,1.21,0.0,847.0,UPI,Phone call,Self pickup
O006080,2026-07-25,C0928,Wholesale / dealer,V12,Tomato,Pro-tray,12500,1.95,8.7,22254.38,UPI,Walk-in,Self pickup
O006081,2026-07-25,C2648,Home gardener,V12,Tomato,Pro-tray,20,2.01,0.0,40.2,Cash,Walk-in,Self pickup
O006082,2026-07-25,C2251,Retail farmer,V13,Brinjal,Pro-tray,900,1.32,0.0,1188.0,UPI,WhatsApp,Van delivery
O006083,2026-07-25,C0892,Wholesale / dealer,V14,Marigold,Pro-tray,9600,1.99,9.1,17365.54,Credit,Walk-in,Van delivery
O006084,2026-07-25,C2649,Home gardener,V15,Marigold,Pro-tray,180,1.84,0.0,331.2,UPI,Phone call,Self pickup
O006085,2026-07-25,C2650,Retail farmer,V16,Tobacco,Nursery bed,7100,0.14,3.3,961.2,Cash,WhatsApp,Self pickup
O006086,2026-07-25,C2651,Wholesale / dealer,V16,Tobacco,Nursery bed,28600,0.13,10.2,3338.76,UPI,Walk-in,Self pickup
O006087,2026-07-25,C2652,Wholesale / dealer,V16,Tobacco,Nursery bed,24200,0.13,8.9,2866.01,Cash,Phone call,Van delivery
O006088,2026-07-25,C1672,Wholesale / dealer,V16,Tobacco,Nursery bed,18800,0.13,11.5,2162.94,Cash,Walk-in,Van delivery
O006089,2026-07-26,C2231,Wholesale / dealer,V06,Chilli,Pro-tray,5100,1.44,11.4,6506.78,UPI,Phone call,Van delivery
O006090,2026-07-26,C2653,Retail farmer,V01,Chilli,Nursery bed,900,1.18,0.0,1062.0,UPI,WhatsApp,Self pickup
O006091,2026-07-26,C0765,Retail farmer,V07,Chilli,Nursery bed,1200,0.96,0.0,1152.0,UPI,Phone call,Self pickup
O006092,2026-07-26,C2180,Retail farmer,V08,Chilli,Pro-tray,1200,1.72,0.0,2064.0,UPI,Walk-in,Self pickup
O006093,2026-07-26,C2654,Retail farmer,V01,Chilli,Pro-tray,700,1.74,0.0,1218.0,Credit,Walk-in,Van delivery
O006094,2026-07-26,C2435,Retail farmer,V01,Chilli,Pro-tray,1300,1.66,0.0,2158.0,Credit,Phone call,Van delivery
O006095,2026-07-26,C0613,Retail farmer,V01,Chilli,Pro-tray,2500,1.72,0.0,4300.0,UPI,Walk-in,Self pickup
O006096,2026-07-26,C2655,Home gardener,V15,Marigold,Pro-tray,40,1.84,0.0,73.6,Credit,Phone call,Self pickup
O006097,2026-07-26,C2208,Retail farmer,V15,Marigold,Nursery bed,800,1.35,0.0,1080.0,Cash,Phone call,Self pickup
O006098,2026-07-26,C2284,Home gardener,V14,Marigold,Pro-tray,30,1.99,0.0,59.7,Cash,Walk-in,Self pickup
O006099,2026-07-26,C0655,Retail farmer,V14,Marigold,Pro-tray,2000,1.97,0.0,3940.0,UPI,WhatsApp,Self pickup
O006100,2026-07-26,C2656,Home gardener,V14,Marigold,Pro-tray,80,1.94,0.0,155.2,Cash,Walk-in,Van delivery
O006101,2026-07-26,C0579,Wholesale / dealer,V16,Tobacco,Nursery bed,40200,0.13,10.4,4682.5,UPI,WhatsApp,Van delivery
O006102,2026-07-27,C2657,Retail farmer,V10,Chilli,Pro-tray,2700,1.49,0.0,4023.0,Cash,Walk-in,Self pickup
O006103,2026-07-27,C2658,Retail farmer,V07,Chilli,Pro-tray,2300,1.37,0.0,3151.0,Cash,Phone call,Self pickup
O006104,2026-07-27,C2619,Retail farmer,V01,Chilli,Pro-tray,1800,1.71,0.0,3078.0,UPI,Walk-in,Self pickup
O006105,2026-07-27,C2659,Retail farmer,V01,Chilli,Nursery bed,1100,1.24,0.0,1364.0,UPI,WhatsApp,Self pickup
O006106,2026-07-27,C1129,Wholesale / dealer,V01,Chilli,Pro-tray,6300,1.66,9.7,9443.57,UPI,Phone call,Self pickup
O006107,2026-07-27,C2120,Retail farmer,V02,Chilli,Pro-tray,2900,1.66,0.0,4814.0,Cash,Walk-in,Self pickup
O006108,2026-07-27,C0750,Retail farmer,V06,Chilli,Pro-tray,2000,1.4,0.0,2800.0,Cash,Walk-in,Self pickup
O006109,2026-07-27,C2660,Retail farmer,V01,Chilli,Nursery bed,1400,1.22,0.0,1708.0,UPI,Phone call,Self pickup
O006110,2026-07-27,C1678,Retail farmer,V01,Chilli,Nursery bed,1700,1.24,0.0,2108.0,Cash,WhatsApp,Self pickup
O006111,2026-07-27,C1046,Retail farmer,V09,Chilli,Pro-tray,1400,1.82,0.0,2548.0,Cash,Walk-in,Self pickup
O006112,2026-07-27,C2661,Retail farmer,V04,Chilli,Pro-tray,1000,1.89,0.0,1890.0,Cash,WhatsApp,Self pickup
O006113,2026-07-27,C0919,Retail farmer,V04,Chilli,Pro-tray,800,1.83,0.0,1464.0,UPI,Walk-in,Self pickup
O006114,2026-07-27,C0186,Retail farmer,V05,Chilli,Nursery bed,1100,1.26,0.0,1386.0,UPI,Walk-in,Van delivery
O006115,2026-07-27,C2612,Home gardener,V09,Chilli,Pro-tray,20,1.91,0.0,38.2,UPI,Phone call,Van delivery
O006116,2026-07-27,C2096,Retail farmer,V01,Chilli,Nursery bed,800,1.21,0.0,968.0,Cash,Phone call,Self pickup
O006117,2026-07-27,C2662,Home gardener,V09,Chilli,Pro-tray,130,1.81,0.0,235.3,UPI,Walk-in,Self pickup
O006118,2026-07-27,C1338,Retail farmer,V07,Chilli,Pro-tray,1000,1.35,0.0,1350.0,UPI,WhatsApp,Self pickup
O006119,2026-07-27,C0797,Retail farmer,V09,Chilli,Pro-tray,1700,1.87,0.0,3179.0,UPI,Walk-in,Self pickup
O006120,2026-07-27,C0764,Retail farmer,V07,Chilli,Pro-tray,700,1.35,0.0,945.0,UPI,WhatsApp,Self pickup
O006121,2026-07-27,C2417,Wholesale / dealer,V04,Chilli,Nursery bed,5600,1.34,11.5,6641.04,UPI,Phone call,Van delivery
O006122,2026-07-27,C1397,Wholesale / dealer,V09,Chilli,Pro-tray,14300,1.91,11.7,24117.38,Credit,Phone call,Self pickup
O006123,2026-07-27,C2663,Retail farmer,V11,Capsicum,Pro-tray,1300,3.42,0.0,4446.0,UPI,Phone call,Self pickup
O006124,2026-07-27,C2664,Home gardener,V12,Tomato,Pro-tray,100,1.97,0.0,197.0,Cash,WhatsApp,Self pickup
O006125,2026-07-27,C2427,Home gardener,V13,Brinjal,Pro-tray,90,1.3,0.0,117.0,UPI,Walk-in,Self pickup
O006126,2026-07-27,C2665,Retail farmer,V15,Marigold,Pro-tray,1900,1.89,0.0,3591.0,UPI,Walk-in,Self pickup
O006127,2026-07-27,C1543,Retail farmer,V16,Tobacco,Nursery bed,12800,0.13,0.0,1664.0,UPI,Walk-in,Van delivery
O006128,2026-07-27,C0966,Wholesale / dealer,V16,Tobacco,Nursery bed,35800,0.13,9.6,4207.22,UPI,Walk-in,Self pickup
O006129,2026-07-28,C2666,Retail farmer,V01,Chilli,Nursery bed,2100,1.18,0.0,2478.0,UPI,Phone call,Van delivery
O006130,2026-07-28,C2667,Retail farmer,V01,Chilli,Pro-tray,1500,1.68,0.0,2520.0,UPI,Phone call,Self pickup
O006131,2026-07-28,C2575,Wholesale / dealer,V02,Chilli,Pro-tray,5800,1.64,9.8,8579.82,Credit,WhatsApp,Van delivery
O006132,2026-07-28,C2668,Retail farmer,V10,Chilli,Pro-tray,1500,1.45,0.0,2175.0,UPI,Walk-in,Self pickup
O006133,2026-07-28,C0719,Retail farmer,V07,Chilli,Pro-tray,800,1.4,0.0,1120.0,UPI,WhatsApp,Self pickup
O006134,2026-07-28,C2669,Home gardener,V07,Chilli,Pro-tray,200,1.33,0.0,266.0,Cash,Phone call,Self pickup
O006135,2026-07-28,C2670,Retail farmer,V09,Chilli,Pro-tray,3800,1.87,0.0,7106.0,UPI,Phone call,Self pickup
O006136,2026-07-28,C2671,Retail farmer,V09,Chilli,Pro-tray,1600,1.92,0.0,3072.0,UPI,WhatsApp,Van delivery
O006137,2026-07-28,C2118,Retail farmer,V06,Chilli,Nursery bed,1700,1.0,0.0,1700.0,UPI,Walk-in,Self pickup
O006138,2026-07-28,C2672,Retail farmer,V04,Chilli,Nursery bed,2000,1.34,0.0,2680.0,Cash,Phone call,Self pickup
O006139,2026-07-28,C0988,Retail farmer,V02,Chilli,Nursery bed,2300,1.17,0.0,2691.0,Credit,Phone call,Self pickup
O006140,2026-07-28,C1253,Retail farmer,V02,Chilli,Pro-tray,1400,1.66,0.0,2324.0,Cash,Phone call,Self pickup
O006141,2026-07-28,C0422,Retail farmer,V06,Chilli,Pro-tray,1000,1.39,0.0,1390.0,Cash,WhatsApp,Self pickup
O006142,2026-07-28,C2673,Retail farmer,V16,Tobacco,Nursery bed,8700,0.13,0.4,1126.48,UPI,Phone call,Self pickup
O006143,2026-07-29,C2674,Retail farmer,V09,Chilli,Pro-tray,1900,1.9,0.0,3610.0,Cash,Walk-in,Self pickup
O006144,2026-07-29,C2532,Wholesale / dealer,V09,Chilli,Pro-tray,5500,1.82,9.4,9069.06,UPI,Walk-in,Van delivery
O006145,2026-07-29,C2675,Retail farmer,V09,Chilli,Pro-tray,1700,1.83,0.0,3111.0,UPI,Walk-in,Self pickup
O006146,2026-07-29,C2676,Retail farmer,V06,Chilli,Pro-tray,7300,1.44,0.6,10448.93,Cash,Phone call,Van delivery
O006147,2026-07-29,C2677,Wholesale / dealer,V10,Chilli,Pro-tray,5000,1.48,11.9,6519.4,Credit,Phone call,Van delivery
O006148,2026-07-29,C2678,Retail farmer,V07,Chilli,Pro-tray,900,1.41,0.0,1269.0,Cash,WhatsApp,Self pickup
O006149,2026-07-29,C1743,Retail farmer,V07,Chilli,Pro-tray,500,1.37,0.0,685.0,Credit,Phone call,Self pickup
O006150,2026-07-29,C0698,Retail farmer,V06,Chilli,Pro-tray,1300,1.41,0.0,1833.0,UPI,Phone call,Self pickup
O006151,2026-07-29,C2679,Retail farmer,V03,Chilli,Nursery bed,1900,1.29,0.0,2451.0,Cash,Phone call,Self pickup
O006152,2026-07-29,C2680,Retail farmer,V11,Capsicum,Pro-tray,800,3.46,0.0,2768.0,Credit,Walk-in,Self pickup
O006153,2026-07-29,C2681,Retail farmer,V12,Tomato,Pro-tray,600,1.99,0.0,1194.0,UPI,Phone call,Self pickup
O006154,2026-07-29,C2682,Retail farmer,V12,Tomato,Pro-tray,3900,2.01,0.0,7839.0,Credit,Walk-in,Self pickup
O006155,2026-07-29,C2683,Retail farmer,V12,Tomato,Pro-tray,2300,2.04,0.0,4692.0,Cash,WhatsApp,Self pickup
O006156,2026-07-29,C2684,Home gardener,V12,Tomato,Pro-tray,30,1.99,0.0,59.7,UPI,WhatsApp,Self pickup
O006157,2026-07-29,C2685,Retail farmer,V12,Tomato,Pro-tray,700,1.95,0.0,1365.0,UPI,Walk-in,Self pickup
O006158,2026-07-29,C2686,Retail farmer,V13,Brinjal,Pro-tray,1000,1.31,0.0,1310.0,UPI,Phone call,Self pickup
O006159,2026-07-29,C1466,Wholesale / dealer,V13,Brinjal,Pro-tray,2000,1.3,11.6,2298.4,UPI,Walk-in,Self pickup
O006160,2026-07-29,C2687,Retail farmer,V13,Brinjal,Nursery bed,500,0.86,0.0,430.0,Credit,WhatsApp,Self pickup
O006161,2026-07-29,C1720,Retail farmer,V15,Marigold,Nursery bed,600,1.4,0.0,840.0,Cash,Phone call,Self pickup
O006162,2026-07-29,C2401,Retail farmer,V16,Tobacco,Nursery bed,3000,0.13,0.0,390.0,Cash,WhatsApp,Self pickup
O006163,2026-07-30,C2688,Wholesale / dealer,V07,Chilli,Nursery bed,6300,0.96,10.5,5412.96,Cash,Walk-in,Van delivery
O006164,2026-07-30,C0905,Retail farmer,V09,Chilli,Pro-tray,1700,1.87,0.0,3179.0,UPI,WhatsApp,Self pickup
O006165,2026-07-30,C2689,Retail farmer,V01,Chilli,Pro-tray,1600,1.69,0.0,2704.0,UPI,Walk-in,Self pickup
O006166,2026-07-30,C1369,Retail farmer,V08,Chilli,Pro-tray,1700,1.71,0.0,2907.0,UPI,Phone call,Self pickup
O006167,2026-07-30,C0931,Wholesale / dealer,V03,Chilli,Pro-tray,11900,1.8,8.9,19513.62,UPI,Phone call,Self pickup
O006168,2026-07-30,C2690,Retail farmer,V03,Chilli,Pro-tray,1000,1.8,0.0,1800.0,Cash,WhatsApp,Self pickup
O006169,2026-07-30,C0553,Retail farmer,V05,Chilli,Pro-tray,3300,1.75,0.0,5775.0,Cash,Walk-in,Self pickup
O006170,2026-07-30,C2691,Retail farmer,V01,Chilli,Nursery bed,3900,1.2,0.0,4680.0,UPI,WhatsApp,Self pickup
O006171,2026-07-30,C1210,Retail farmer,V07,Chilli,Pro-tray,3500,1.38,0.0,4830.0,Cash,Phone call,Self pickup
O006172,2026-07-30,C2692,Retail farmer,V01,Chilli,Pro-tray,1000,1.66,0.0,1660.0,UPI,WhatsApp,Self pickup
O006173,2026-07-30,C1756,Retail farmer,V03,Chilli,Pro-tray,4700,1.85,0.0,8695.0,Cash,Walk-in,Self pickup
O006174,2026-07-30,C0783,Retail farmer,V01,Chilli,Nursery bed,3600,1.21,0.0,4356.0,Cash,Walk-in,Self pickup
O006175,2026-07-30,C2136,Retail farmer,V03,Chilli,Pro-tray,1400,1.77,0.0,2478.0,Credit,Walk-in,Self pickup
O006176,2026-07-30,C1957,Retail farmer,V07,Chilli,Pro-tray,2200,1.37,0.0,3014.0,Credit,WhatsApp,Self pickup
O006177,2026-07-30,C2693,Retail farmer,V07,Chilli,Pro-tray,3200,1.34,0.0,4288.0,UPI,Walk-in,Self pickup
O006178,2026-07-30,C2694,Retail farmer,V03,Chilli,Pro-tray,1200,1.82,0.0,2184.0,Cash,Phone call,Self pickup
O006179,2026-07-30,C0699,Retail farmer,V06,Chilli,Pro-tray,1500,1.41,0.0,2115.0,UPI,Phone call,Self pickup
O006180,2026-07-30,C2695,Retail farmer,V07,Chilli,Pro-tray,1900,1.4,0.0,2660.0,UPI,WhatsApp,Self pickup
O006181,2026-07-30,C2696,Retail farmer,V03,Chilli,Pro-tray,1200,1.86,0.0,2232.0,UPI,Walk-in,Self pickup
O006182,2026-07-30,C1590,Retail farmer,V16,Tobacco,Nursery bed,3100,0.13,0.0,403.0,Cash,Phone call,Van delivery
O006183,2026-07-31,C2697,Home gardener,V10,Chilli,Pro-tray,180,1.52,0.0,273.6,UPI,Phone call,Self pickup
O006184,2026-07-31,C2698,Wholesale / dealer,V01,Chilli,Pro-tray,6600,1.7,9.5,10154.1,UPI,Walk-in,Self pickup
O006185,2026-07-31,C2699,Retail farmer,V04,Chilli,Pro-tray,4000,1.84,0.0,7360.0,Cash,WhatsApp,Self pickup
O006186,2026-07-31,C2700,Retail farmer,V01,Chilli,Pro-tray,400,1.74,0.0,696.0,UPI,WhatsApp,Self pickup
O006187,2026-07-31,C1654,Retail farmer,V01,Chilli,Pro-tray,1200,1.69,0.0,2028.0,Cash,Walk-in,Self pickup
O006188,2026-07-31,C2701,Retail farmer,V03,Chilli,Pro-tray,600,1.78,0.0,1068.0,Cash,Walk-in,Self pickup
O006189,2026-07-31,C1483,Retail farmer,V02,Chilli,Pro-tray,1800,1.66,0.0,2988.0,Credit,Walk-in,Self pickup
O006190,2026-07-31,C1632,Wholesale / dealer,V01,Chilli,Pro-tray,25400,1.74,8.8,40306.75,UPI,Phone call,Self pickup
O006191,2026-07-31,C2702,Retail farmer,V06,Chilli,Pro-tray,900,1.4,0.0,1260.0,UPI,Walk-in,Self pickup
O006192,2026-07-31,C2703,Wholesale / dealer,V09,Chilli,Pro-tray,13100,1.87,11.5,21679.84,UPI,WhatsApp,Van delivery
O006193,2026-07-31,C2704,Retail farmer,V03,Chilli,Pro-tray,700,1.79,0.0,1253.0,UPI,Phone call,Self pickup
O006194,2026-07-31,C1895,Wholesale / dealer,V06,Chilli,Pro-tray,5800,1.41,11.3,7253.89,UPI,Walk-in,Van delivery
O006195,2026-07-31,C0447,Retail farmer,V13,Brinjal,Nursery bed,400,0.87,0.0,348.0,Cash,Phone call,Van delivery
O006196,2026-07-31,C1944,Retail farmer,V13,Brinjal,Nursery bed,500,0.88,0.0,440.0,Cash,Walk-in,Self pickup
O006197,2026-07-31,C1068,Wholesale / dealer,V13,Brinjal,Pro-tray,3400,1.29,9.8,3956.17,UPI,Walk-in,Self pickup
O006198,2026-07-31,C2705,Home gardener,V14,Marigold,Pro-tray,40,1.93,0.0,77.2,UPI,WhatsApp,Self pickup
O006199,2026-07-31,C2706,Retail farmer,V15,Marigold,Pro-tray,1300,1.82,0.0,2366.0,Cash,WhatsApp,Self pickup
O006200,2026-07-31,C2707,Retail farmer,V14,Marigold,Pro-tray,600,1.99,0.0,1194.0,Cash,WhatsApp,Self pickup
O006201,2026-07-31,C2048,Wholesale / dealer,V16,Tobacco,Nursery bed,46800,0.13,11.3,5396.51,UPI,Walk-in,Van delivery
O006202,2026-07-31,C2708,Retail farmer,V16,Tobacco,Nursery bed,13000,0.13,1.5,1664.65,UPI,Phone call,Van delivery
O006203,2026-08-01,C1672,Wholesale / dealer,V05,Chilli,Nursery bed,7400,1.26,10.5,8344.98,Cash,Phone call,Van delivery
O006204,2026-08-01,C2709,Retail farmer,V01,Chilli,Nursery bed,1300,1.21,0.0,1573.0,Credit,Walk-in,Self pickup
O006205,2026-08-01,C1002,Retail farmer,V06,Chilli,Pro-tray,1200,1.45,0.0,1740.0,UPI,Walk-in,Self pickup
O006206,2026-08-01,C2710,Retail farmer,V07,Chilli,Nursery bed,1200,0.98,0.0,1176.0,Cash,Walk-in,Van delivery
O006207,2026-08-01,C2658,Retail farmer,V03,Chilli,Pro-tray,800,1.8,0.0,1440.0,UPI,Phone call,Self pickup
O006208,2026-08-01,C2711,Retail farmer,V01,Chilli,Pro-tray,1100,1.69,0.0,1859.0,UPI,Walk-in,Self pickup
O006209,2026-08-01,C2712,Retail farmer,V05,Chilli,Pro-tray,500,1.73,0.0,865.0,UPI,WhatsApp,Van delivery
O006210,2026-08-01,C1878,Retail farmer,V04,Chilli,Nursery bed,500,1.34,0.0,670.0,Credit,WhatsApp,Self pickup
O006211,2026-08-01,C2543,Retail farmer,V03,Chilli,Pro-tray,2500,1.82,0.0,4550.0,UPI,WhatsApp,Self pickup
O006212,2026-08-01,C1188,Retail farmer,V09,Chilli,Pro-tray,1100,1.89,0.0,2079.0,UPI,Walk-in,Self pickup
O006213,2026-08-01,C2713,Retail farmer,V06,Chilli,Nursery bed,3200,0.99,0.0,3168.0,UPI,WhatsApp,Self pickup
O006214,2026-08-01,C2714,Retail farmer,V03,Chilli,Pro-tray,1100,1.83,0.0,2013.0,UPI,Walk-in,Van delivery
O006215,2026-08-01,C0048,Retail farmer,V12,Tomato,Pro-tray,800,2.0,0.0,1600.0,UPI,Walk-in,Van delivery
O006216,2026-08-01,C2279,Retail farmer,V12,Tomato,Pro-tray,700,1.95,0.0,1365.0,UPI,Phone call,Self pickup
O006217,2026-08-01,C2429,Retail farmer,V13,Brinjal,Nursery bed,1900,0.9,0.0,1710.0,Credit,Walk-in,Self pickup
O006218,2026-08-01,C2715,Retail farmer,V13,Brinjal,Nursery bed,1200,0.86,0.0,1032.0,UPI,Walk-in,Self pickup
O006219,2026-08-01,C1769,Retail farmer,V14,Marigold,Nursery bed,2200,1.41,0.0,3102.0,UPI,Phone call,Self pickup
O006220,2026-08-01,C1758,Retail farmer,V15,Marigold,Pro-tray,1900,1.84,0.0,3496.0,Cash,Phone call,Self pickup
O006221,2026-08-01,C2716,Retail farmer,V15,Marigold,Pro-tray,1000,1.9,0.0,1900.0,Cash,WhatsApp,Van delivery
O006222,2026-08-01,C2717,Retail farmer,V14,Marigold,Pro-tray,1300,2.03,0.0,2639.0,UPI,Walk-in,Van delivery
O006223,2026-08-01,C2718,Retail farmer,V16,Tobacco,Nursery bed,7300,0.13,2.2,928.12,UPI,Phone call,Van delivery
O006224,2026-08-01,C2719,Retail farmer,V16,Tobacco,Nursery bed,5700,0.13,0.6,736.55,UPI,Phone call,Van delivery
O006225,2026-08-01,C0400,Retail farmer,V16,Tobacco,Nursery bed,6200,0.14,3.4,838.49,UPI,Phone call,Van delivery
O006226,2026-08-01,C0954,Retail farmer,V16,Tobacco,Nursery bed,10100,0.13,1.9,1288.05,Cash,Walk-in,Van delivery
O006227,2026-08-02,C2720,Retail farmer,V01,Chilli,Nursery bed,2100,1.22,0.0,2562.0,UPI,Phone call,Van delivery
O006228,2026-08-02,C2721,Retail farmer,V01,Chilli,Pro-tray,1100,1.68,0.0,1848.0,Credit,WhatsApp,Self pickup
O006229,2026-08-02,C1154,Retail farmer,V01,Chilli,Pro-tray,1700,1.74,0.0,2958.0,Cash,Walk-in,Self pickup
O006230,2026-08-02,C2603,Retail farmer,V01,Chilli,Nursery bed,3800,1.21,0.0,4598.0,UPI,WhatsApp,Van delivery
O006231,2026-08-02,C2722,Retail farmer,V04,Chilli,Pro-tray,2100,1.89,0.0,3969.0,UPI,Walk-in,Self pickup
O006232,2026-08-02,C2723,Retail farmer,V08,Chilli,Pro-tray,1500,1.69,0.0,2535.0,UPI,Walk-in,Self pickup
O006233,2026-08-02,C1838,Retail farmer,V03,Chilli,Nursery bed,2500,1.27,0.0,3175.0,Cash,Walk-in,Self pickup
O006234,2026-08-02,C1888,Retail farmer,V02,Chilli,Pro-tray,1300,1.65,0.0,2145.0,UPI,WhatsApp,Self pickup
O006235,2026-08-02,C2724,Home gardener,V03,Chilli,Pro-tray,90,1.76,0.0,158.4,Credit,WhatsApp,Self pickup
O006236,2026-08-02,C2725,Wholesale / dealer,V07,Chilli,Nursery bed,3800,0.97,8.4,3376.38,UPI,Walk-in,Self pickup
O006237,2026-08-02,C2726,Retail farmer,V01,Chilli,Pro-tray,2600,1.74,0.0,4524.0,Cash,Walk-in,Self pickup
O006238,2026-08-02,C2727,Retail farmer,V12,Tomato,Pro-tray,700,1.99,0.0,1393.0,Cash,WhatsApp,Self pickup
O006239,2026-08-02,C2728,Retail farmer,V13,Brinjal,Pro-tray,800,1.3,0.0,1040.0,Credit,Walk-in,Self pickup
O006240,2026-08-02,C1549,Retail farmer,V15,Marigold,Pro-tray,400,1.86,0.0,744.0,Credit,WhatsApp,Self pickup
O006241,2026-08-02,C1919,Retail farmer,V14,Marigold,Pro-tray,1100,2.02,0.0,2222.0,Cash,WhatsApp,Self pickup
O006242,2026-08-02,C2729,Home gardener,V14,Marigold,Pro-tray,100,1.97,0.0,197.0,Credit,WhatsApp,Self pickup
O006243,2026-08-02,C2730,Retail farmer,V16,Tobacco,Nursery bed,7600,0.13,3.0,958.36,UPI,Phone call,Self pickup
O006244,2026-08-02,C1061,Retail farmer,V16,Tobacco,Nursery bed,9900,0.13,1.1,1272.84,UPI,Phone call,Van delivery
O006245,2026-08-02,C2731,Retail farmer,V16,Tobacco,Nursery bed,6500,0.13,0.6,839.93,Cash,Phone call,Self pickup
O006246,2026-08-02,C2732,Wholesale / dealer,V16,Tobacco,Nursery bed,32100,0.13,8.6,3814.12,UPI,WhatsApp,Van delivery
O006247,2026-08-02,C0256,Wholesale / dealer,V16,Tobacco,Nursery bed,58500,0.13,11.8,6707.61,UPI,Walk-in,Van delivery
O006248,2026-08-02,C2733,Retail farmer,V16,Tobacco,Nursery bed,4300,0.13,0.0,559.0,UPI,WhatsApp,Self pickup
O006249,2026-08-02,C1229,Retail farmer,V16,Tobacco,Nursery bed,12800,0.13,3.4,1607.42,UPI,Walk-in,Van delivery
O006250,2026-08-03,C2734,Retail farmer,V03,Chilli,Nursery bed,3700,1.25,0.0,4625.0,Cash,Phone call,Self pickup
O006251,2026-08-03,C1471,Wholesale / dealer,V06,Chilli,Pro-tray,2300,1.43,10.7,2937.08,Cash,Phone call,Van delivery
O006252,2026-08-03,C2031,Retail farmer,V07,Chilli,Pro-tray,1600,1.34,0.0,2144.0,Cash,Walk-in,Self pickup
O006253,2026-08-03,C1894,Retail farmer,V01,Chilli,Pro-tray,2700,1.75,0.0,4725.0,UPI,Walk-in,Self pickup
O006254,2026-08-03,C2524,Wholesale / dealer,V08,Chilli,Pro-tray,12400,1.69,8.5,19174.74,Credit,Walk-in,Self pickup
O006255,2026-08-03,C2735,Retail farmer,V05,Chilli,Pro-tray,2900,1.74,0.0,5046.0,UPI,Phone call,Van delivery
O006256,2026-08-03,C2722,Retail farmer,V01,Chilli,Pro-tray,1700,1.7,0.0,2890.0,UPI,Phone call,Self pickup
O006257,2026-08-03,C2736,Retail farmer,V04,Chilli,Pro-tray,2800,1.84,0.0,5152.0,UPI,Walk-in,Self pickup
O006258,2026-08-03,C1468,Wholesale / dealer,V03,Chilli,Pro-tray,3500,1.76,9.4,5580.96,Credit,Walk-in,Self pickup
O006259,2026-08-03,C0716,Retail farmer,V10,Chilli,Pro-tray,1100,1.5,0.0,1650.0,UPI,WhatsApp,Self pickup
O006260,2026-08-03,C2737,Retail farmer,V07,Chilli,Pro-tray,1200,1.41,0.0,1692.0,UPI,WhatsApp,Van delivery
O006261,2026-08-03,C2028,Retail farmer,V06,Chilli,Pro-tray,1700,1.41,0.0,2397.0,Cash,Walk-in,Self pickup
O006262,2026-08-03,C2738,Retail farmer,V07,Chilli,Pro-tray,1300,1.35,0.0,1755.0,Cash,Walk-in,Self pickup
O006263,2026-08-03,C0941,Retail farmer,V04,Chilli,Pro-tray,4100,1.89,0.0,7749.0,Cash,Phone call,Self pickup
O006264,2026-08-03,C2739,Retail farmer,V07,Chilli,Pro-tray,2100,1.37,0.0,2877.0,Cash,Walk-in,Self pickup
O006265,2026-08-03,C2157,Retail farmer,V09,Chilli,Nursery bed,1200,1.32,0.0,1584.0,Cash,Walk-in,Self pickup
O006266,2026-08-03,C2736,Retail farmer,V06,Chilli,Nursery bed,1700,1.02,0.0,1734.0,UPI,Phone call,Self pickup
O006267,2026-08-03,C1680,Retail farmer,V11,Capsicum,Nursery bed,2100,2.57,0.0,5397.0,UPI,WhatsApp,Self pickup
O006268,2026-08-03,C2740,Retail farmer,V11,Capsicum,Pro-tray,900,3.42,0.0,3078.0,UPI,WhatsApp,Self pickup
O006269,2026-08-03,C2741,Retail farmer,V11,Capsicum,Pro-tray,1100,3.62,0.0,3982.0,UPI,WhatsApp,Self pickup
O006270,2026-08-03,C1561,Retail farmer,V12,Tomato,Pro-tray,1300,1.94,0.0,2522.0,Cash,Phone call,Self pickup
O006271,2026-08-03,C2742,Retail farmer,V12,Tomato,Nursery bed,800,1.38,0.0,1104.0,UPI,Phone call,Self pickup
O006272,2026-08-03,C2417,Wholesale / dealer,V12,Tomato,Pro-tray,3500,2.0,10.0,6300.0,Credit,Phone call,Self pickup
O006273,2026-08-03,C1387,Retail farmer,V12,Tomato,Pro-tray,1900,1.99,0.0,3781.0,UPI,WhatsApp,Self pickup
O006274,2026-08-03,C1820,Retail farmer,V12,Tomato,Pro-tray,500,1.94,0.0,970.0,Cash,WhatsApp,Self pickup
O006275,2026-08-03,C2743,Retail farmer,V12,Tomato,Pro-tray,1600,1.92,0.0,3072.0,UPI,Phone call,Self pickup
O006276,2026-08-03,C1220,Retail farmer,V13,Brinjal,Nursery bed,400,0.89,0.0,356.0,Cash,Walk-in,Self pickup
O006277,2026-08-03,C0535,Retail farmer,V14,Marigold,Pro-tray,800,2.02,0.0,1616.0,UPI,Walk-in,Self pickup
O006278,2026-08-03,C2744,Retail farmer,V15,Marigold,Pro-tray,700,1.82,0.0,1274.0,Cash,Phone call,Self pickup
O006279,2026-08-03,C2745,Retail farmer,V15,Marigold,Nursery bed,1100,1.38,0.0,1518.0,UPI,Phone call,Self pickup
O006280,2026-08-03,C2746,Retail farmer,V14,Marigold,Nursery bed,1700,1.47,0.0,2499.0,Credit,Walk-in,Self pickup
O006281,2026-08-03,C2747,Wholesale / dealer,V16,Tobacco,Nursery bed,60000,0.13,8.3,7152.6,Credit,Phone call,Van delivery
O006282,2026-08-03,C2748,Retail farmer,V16,Tobacco,Nursery bed,18000,0.13,0.2,2335.32,Cash,Phone call,Van delivery
O006283,2026-08-03,C0911,Retail farmer,V16,Tobacco,Nursery bed,10200,0.13,3.9,1274.29,Cash,Walk-in,Van delivery
O006284,2026-08-03,C1021,Retail farmer,V16,Tobacco,Nursery bed,6300,0.13,2.0,802.62,UPI,Phone call,Van delivery
O006285,2026-08-03,C2749,Retail farmer,V16,Tobacco,Nursery bed,8000,0.14,0.8,1111.04,Cash,Phone call,Van delivery
O006286,2026-08-03,C1592,Retail farmer,V16,Tobacco,Nursery bed,9200,0.14,0.6,1280.27,Credit,Walk-in,Self pickup
O006287,2026-08-03,C0380,Retail farmer,V16,Tobacco,Nursery bed,5900,0.13,0.0,767.0,UPI,Walk-in,Van delivery
O006288,2026-08-03,C2750,Retail farmer,V16,Tobacco,Nursery bed,10100,0.13,0.9,1301.18,UPI,WhatsApp,Van delivery
O006289,2026-08-04,C2082,Retail farmer,V03,Chilli,Pro-tray,600,1.78,0.0,1068.0,UPI,Phone call,Self pickup
O006290,2026-08-04,C2751,Wholesale / dealer,V01,Chilli,Pro-tray,2500,1.74,9.6,3932.4,Credit,Phone call,Self pickup
O006291,2026-08-04,C0004,Retail farmer,V08,Chilli,Nursery bed,1800,1.18,0.0,2124.0,Credit,Phone call,Self pickup
O006292,2026-08-04,C0971,Retail farmer,V09,Chilli,Pro-tray,1200,1.92,0.0,2304.0,Credit,Phone call,Self pickup
O006293,2026-08-04,C1526,Retail farmer,V07,Chilli,Pro-tray,1000,1.35,0.0,1350.0,UPI,WhatsApp,Self pickup
O006294,2026-08-04,C0124,Retail farmer,V09,Chilli,Pro-tray,1500,1.88,0.0,2820.0,UPI,Walk-in,Self pickup
O006295,2026-08-04,C2752,Retail farmer,V02,Chilli,Pro-tray,1300,1.67,0.0,2171.0,Cash,Walk-in,Self pickup
O006296,2026-08-04,C0757,Retail farmer,V04,Chilli,Pro-tray,1200,1.82,0.0,2184.0,UPI,Phone call,Self pickup
O006297,2026-08-04,C2753,Retail farmer,V08,Chilli,Nursery bed,1500,1.2,0.0,1800.0,UPI,WhatsApp,Self pickup
O006298,2026-08-04,C2754,Home gardener,V01,Chilli,Pro-tray,100,1.7,0.0,170.0,UPI,Walk-in,Self pickup
O006299,2026-08-04,C2755,Retail farmer,V05,Chilli,Pro-tray,2200,1.77,0.0,3894.0,UPI,Phone call,Self pickup
O006300,2026-08-04,C2756,Retail farmer,V03,Chilli,Pro-tray,900,1.78,0.0,1602.0,UPI,Walk-in,Self pickup
O006301,2026-08-04,C2757,Retail farmer,V11,Capsicum,Pro-tray,900,3.5,0.0,3150.0,UPI,WhatsApp,Self pickup
O006302,2026-08-04,C2024,Retail farmer,V11,Capsicum,Pro-tray,2000,3.54,0.0,7080.0,UPI,WhatsApp,Self pickup
O006303,2026-08-04,C1734,Retail farmer,V12,Tomato,Nursery bed,1900,1.34,0.0,2546.0,Cash,Phone call,Self pickup
O006304,2026-08-04,C2568,Retail farmer,V12,Tomato,Pro-tray,1100,1.98,0.0,2178.0,Credit,Walk-in,Self pickup
O006305,2026-08-04,C2758,Retail farmer,V12,Tomato,Nursery bed,1900,1.35,0.0,2565.0,Cash,Phone call,Self pickup
O006306,2026-08-04,C2759,Retail farmer,V16,Tobacco,Nursery bed,6100,0.13,1.3,782.69,UPI,WhatsApp,Van delivery
O006307,2026-08-04,C2760,Retail farmer,V16,Tobacco,Nursery bed,8800,0.13,1.0,1132.56,UPI,Phone call,Van delivery
O006308,2026-08-04,C2761,Retail farmer,V16,Tobacco,Nursery bed,8500,0.13,3.5,1066.32,UPI,Phone call,Van delivery
O006309,2026-08-05,C2762,Retail farmer,V02,Chilli,Pro-tray,1900,1.62,0.0,3078.0,Cash,Phone call,Self pickup
O006310,2026-08-05,C2763,Home gardener,V01,Chilli,Pro-tray,20,1.69,0.0,33.8,Cash,Phone call,Self pickup
O006311,2026-08-05,C2216,Wholesale / dealer,V10,Chilli,Nursery bed,7300,1.03,8.8,6857.33,Cash,Walk-in,Self pickup
O006312,2026-08-05,C1132,Retail farmer,V01,Chilli,Pro-tray,2000,1.74,0.0,3480.0,Cash,WhatsApp,Self pickup
O006313,2026-08-05,C2039,Retail farmer,V03,Chilli,Pro-tray,700,1.8,0.0,1260.0,Cash,Phone call,Self pickup
O006314,2026-08-05,C2764,Wholesale / dealer,V07,Chilli,Pro-tray,2000,1.35,11.6,2386.8,UPI,Phone call,Self pickup
O006315,2026-08-05,C2765,Retail farmer,V12,Tomato,Pro-tray,1700,2.03,0.0,3451.0,UPI,Walk-in,Self pickup
O006316,2026-08-05,C2766,Home gardener,V12,Tomato,Pro-tray,60,1.93,0.0,115.8,UPI,WhatsApp,Self pickup
O006317,2026-08-05,C2359,Retail farmer,V15,Marigold,Pro-tray,600,1.92,0.0,1152.0,UPI,WhatsApp,Self pickup
O006318,2026-08-05,C1864,Wholesale / dealer,V14,Marigold,Pro-tray,5800,1.97,8.3,10477.64,Credit,WhatsApp,Van delivery
O006319,2026-08-05,C2767,Retail farmer,V14,Marigold,Pro-tray,2200,2.01,0.0,4422.0,UPI,Phone call,Self pickup
O006320,2026-08-05,C2768,Home gardener,V15,Marigold,Pro-tray,130,1.82,0.0,236.6,UPI,WhatsApp,Self pickup
O006321,2026-08-05,C0189,Retail farmer,V14,Marigold,Pro-tray,1700,1.95,0.0,3315.0,Cash,Walk-in,Self pickup
O006322,2026-08-05,C0915,Wholesale / dealer,V16,Tobacco,Nursery bed,41400,0.13,9.2,4886.86,Cash,Walk-in,Self pickup
O006323,2026-08-05,C2769,Retail farmer,V16,Tobacco,Nursery bed,8600,0.13,2.3,1092.29,Cash,Phone call,Van delivery
O006324,2026-08-06,C1680,Retail farmer,V03,Chilli,Nursery bed,1900,1.24,0.0,2356.0,UPI,Walk-in,Self pickup
O006325,2026-08-06,C2484,Wholesale / dealer,V01,Chilli,Pro-tray,4600,1.67,11.9,6767.84,UPI,WhatsApp,Self pickup
O006326,2026-08-06,C1106,Retail farmer,V09,Chilli,Pro-tray,2200,1.86,0.0,4092.0,Cash,Walk-in,Self pickup
O006327,2026-08-06,C0254,Retail farmer,V04,Chilli,Pro-tray,1500,1.86,0.0,2790.0,UPI,Walk-in,Self pickup
O006328,2026-08-06,C1573,Retail farmer,V03,Chilli,Nursery bed,2200,1.26,0.0,2772.0,Credit,Phone call,Self pickup
O006329,2026-08-06,C0427,Wholesale / dealer,V08,Chilli,Pro-tray,9000,1.72,8.5,14164.2,UPI,WhatsApp,Van delivery
O006330,2026-08-06,C2770,Retail farmer,V03,Chilli,Nursery bed,1300,1.3,0.0,1690.0,UPI,WhatsApp,Van delivery
O006331,2026-08-06,C2013,Retail farmer,V11,Capsicum,Pro-tray,1200,3.46,0.0,4152.0,Cash,Walk-in,Self pickup
O006332,2026-08-06,C0333,Retail farmer,V11,Capsicum,Pro-tray,1200,3.53,0.0,4236.0,Credit,Phone call,Self pickup
O006333,2026-08-06,C2070,Retail farmer,V12,Tomato,Nursery bed,2000,1.4,0.0,2800.0,UPI,WhatsApp,Van delivery
O006334,2026-08-06,C1432,Retail farmer,V12,Tomato,Pro-tray,1000,2.02,0.0,2020.0,UPI,WhatsApp,Self pickup
O006335,2026-08-06,C0377,Retail farmer,V15,Marigold,Pro-tray,900,1.91,0.0,1719.0,UPI,Walk-in,Self pickup
O006336,2026-08-06,C2771,Retail farmer,V15,Marigold,Pro-tray,3600,1.87,0.0,6732.0,UPI,WhatsApp,Self pickup
O006337,2026-08-06,C2772,Retail farmer,V16,Tobacco,Nursery bed,7000,0.13,1.1,899.99,UPI,Phone call,Van delivery
O006338,2026-08-06,C2773,Wholesale / dealer,V16,Tobacco,Nursery bed,27200,0.13,10.1,3178.86,UPI,WhatsApp,Van delivery
O006339,2026-08-06,C1186,Retail farmer,V16,Tobacco,Nursery bed,6000,0.13,1.5,768.3,UPI,Walk-in,Van delivery
O006340,2026-08-07,C2774,Wholesale / dealer,V04,Chilli,Pro-tray,9400,1.82,10.6,15294.55,UPI,WhatsApp,Van delivery
O006341,2026-08-07,C0718,Wholesale / dealer,V04,Chilli,Nursery bed,8600,1.34,10.6,10302.46,UPI,Walk-in,Van delivery
O006342,2026-08-07,C0068,Wholesale / dealer,V03,Chilli,Nursery bed,5400,1.26,9.6,6150.82,Credit,Phone call,Self pickup
O006343,2026-08-07,C2775,Retail farmer,V08,Chilli,Pro-tray,1600,1.75,0.0,2800.0,UPI,Phone call,Self pickup
O006344,2026-08-07,C2776,Home gardener,V09,Chilli,Pro-tray,60,1.93,0.0,115.8,UPI,Phone call,Self pickup
O006345,2026-08-07,C1365,Retail farmer,V07,Chilli,Pro-tray,700,1.4,0.0,980.0,Credit,Phone call,Self pickup
O006346,2026-08-07,C2777,Retail farmer,V05,Chilli,Pro-tray,1600,1.77,0.0,2832.0,Cash,Phone call,Self pickup
O006347,2026-08-07,C2170,Retail farmer,V05,Chilli,Pro-tray,800,1.74,0.0,1392.0,Credit,Walk-in,Self pickup
O006348,2026-08-07,C0282,Retail farmer,V06,Chilli,Pro-tray,3600,1.4,0.0,5040.0,Credit,Walk-in,Self pickup
O006349,2026-08-07,C1440,Retail farmer,V01,Chilli,Pro-tray,1600,1.72,0.0,2752.0,Cash,Phone call,Self pickup
O006350,2026-08-07,C2546,Wholesale / dealer,V12,Tomato,Pro-tray,5700,1.97,12.0,9881.52,UPI,WhatsApp,Self pickup
O006351,2026-08-07,C2778,Retail farmer,V12,Tomato,Pro-tray,1400,1.97,0.0,2758.0,Credit,Phone call,Self pickup
O006352,2026-08-07,C2779,Retail farmer,V13,Brinjal,Nursery bed,1100,0.88,0.0,968.0,Cash,Walk-in,Van delivery
O006353,2026-08-07,C1328,Retail farmer,V14,Marigold,Pro-tray,1200,1.95,0.0,2340.0,Cash,Walk-in,Van delivery
O006354,2026-08-07,C2780,Retail farmer,V16,Tobacco,Nursery bed,15300,0.13,0.6,1977.07,UPI,Walk-in,Van delivery
O006355,2026-08-07,C2781,Retail farmer,V16,Tobacco,Nursery bed,20200,0.13,3.4,2536.72,Credit,Walk-in,Van delivery
O006356,2026-08-08,C2782,Retail farmer,V05,Chilli,Pro-tray,2000,1.74,0.0,3480.0,Cash,Walk-in,Self pickup
O006357,2026-08-08,C2279,Retail farmer,V01,Chilli,Nursery bed,1900,1.18,0.0,2242.0,Cash,Phone call,Self pickup
O006358,2026-08-08,C0680,Retail farmer,V03,Chilli,Pro-tray,1100,1.85,0.0,2035.0,Cash,WhatsApp,Self pickup
O006359,2026-08-08,C2783,Retail farmer,V04,Chilli,Pro-tray,1300,1.85,0.0,2405.0,Credit,Walk-in,Van delivery
O006360,2026-08-08,C1093,Wholesale / dealer,V07,Chilli,Pro-tray,10000,1.35,10.8,12042.0,UPI,WhatsApp,Van delivery
O006361,2026-08-08,C0596,Wholesale / dealer,V06,Chilli,Pro-tray,3700,1.44,9.1,4843.15,Credit,Walk-in,Self pickup
O006362,2026-08-08,C2784,Retail farmer,V01,Chilli,Pro-tray,900,1.74,0.0,1566.0,Cash,Phone call,Self pickup
O006363,2026-08-08,C0288,Retail farmer,V02,Chilli,Pro-tray,2000,1.67,0.0,3340.0,UPI,Phone call,Self pickup
O006364,2026-08-08,C0120,Retail farmer,V04,Chilli,Pro-tray,600,1.9,0.0,1140.0,UPI,Phone call,Self pickup
O006365,2026-08-08,C2785,Retail farmer,V07,Chilli,Nursery bed,700,0.98,0.0,686.0,UPI,Walk-in,Self pickup
O006366,2026-08-08,C2786,Retail farmer,V11,Capsicum,Pro-tray,1300,3.56,0.0,4628.0,Cash,Walk-in,Self pickup
O006367,2026-08-08,C2143,Retail farmer,V11,Capsicum,Pro-tray,600,3.56,0.0,2136.0,UPI,Phone call,Self pickup
O006368,2026-08-08,C0826,Retail farmer,V11,Capsicum,Pro-tray,300,3.58,0.0,1074.0,UPI,Walk-in,Self pickup
O006369,2026-08-08,C2787,Retail farmer,V11,Capsicum,Pro-tray,2900,3.43,0.0,9947.0,Cash,Walk-in,Van delivery
O006370,2026-08-08,C2788,Retail farmer,V11,Capsicum,Pro-tray,800,3.45,0.0,2760.0,Credit,Walk-in,Self pickup
O006371,2026-08-08,C2031,Retail farmer,V12,Tomato,Pro-tray,1100,1.95,0.0,2145.0,Cash,Walk-in,Self pickup
O006372,2026-08-08,C2789,Home gardener,V12,Tomato,Pro-tray,70,1.97,0.0,137.9,UPI,Phone call,Self pickup
O006373,2026-08-08,C2690,Retail farmer,V13,Brinjal,Pro-tray,300,1.33,0.0,399.0,UPI,Walk-in,Van delivery
O006374,2026-08-08,C2424,Retail farmer,V13,Brinjal,Pro-tray,800,1.31,0.0,1048.0,UPI,Walk-in,Self pickup
O006375,2026-08-08,C1702,Retail farmer,V14,Marigold,Pro-tray,1000,1.94,0.0,1940.0,Cash,Walk-in,Self pickup
O006376,2026-08-08,C2790,Retail farmer,V15,Marigold,Pro-tray,800,1.92,0.0,1536.0,UPI,WhatsApp,Van delivery
O006377,2026-08-08,C0352,Retail farmer,V15,Marigold,Pro-tray,1500,1.84,0.0,2760.0,UPI,Phone call,Self pickup
O006378,2026-08-08,C2791,Retail farmer,V14,Marigold,Pro-tray,2300,1.96,0.0,4508.0,Cash,Phone call,Self pickup
O006379,2026-08-08,C2792,Retail farmer,V16,Tobacco,Nursery bed,14100,0.13,2.6,1785.34,Cash,Walk-in,Van delivery
O006380,2026-08-09,C2793,Retail farmer,V05,Chilli,Nursery bed,2000,1.26,0.0,2520.0,UPI,Phone call,Van delivery
O006381,2026-08-09,C0064,Retail farmer,V04,Chilli,Nursery bed,4300,1.3,0.0,5590.0,Cash,WhatsApp,Self pickup
O006382,2026-08-09,C2794,Retail farmer,V01,Chilli,Pro-tray,1300,1.74,0.0,2262.0,UPI,Phone call,Self pickup
O006383,2026-08-09,C2795,Wholesale / dealer,V01,Chilli,Pro-tray,5700,1.71,11.1,8665.08,Credit,Walk-in,Van delivery
O006384,2026-08-09,C2104,Wholesale / dealer,V01,Chilli,Nursery bed,11000,1.21,8.8,12138.72,Credit,Walk-in,Van delivery
O006385,2026-08-09,C2796,Retail farmer,V04,Chilli,Pro-tray,1000,1.92,0.0,1920.0,UPI,Walk-in,Self pickup
O006386,2026-08-09,C2627,Retail farmer,V11,Capsicum,Pro-tray,1500,3.56,0.0,5340.0,Cash,Walk-in,Van delivery
O006387,2026-08-09,C1792,Retail farmer,V11,Capsicum,Pro-tray,800,3.46,0.0,2768.0,UPI,Walk-in,Self pickup
O006388,2026-08-09,C2764,Wholesale / dealer,V11,Capsicum,Pro-tray,2400,3.56,8.3,7834.85,UPI,Phone call,Self pickup
O006389,2026-08-09,C0964,Retail farmer,V11,Capsicum,Pro-tray,1400,3.58,0.0,5012.0,UPI,Walk-in,Self pickup
O006390,2026-08-09,C1575,Retail farmer,V11,Capsicum,Pro-tray,600,3.63,0.0,2178.0,Cash,Phone call,Self pickup
O006391,2026-08-09,C1046,Retail farmer,V11,Capsicum,Pro-tray,900,3.44,0.0,3096.0,UPI,Walk-in,Van delivery
O006392,2026-08-09,C1272,Retail farmer,V12,Tomato,Pro-tray,3100,1.98,0.0,6138.0,UPI,WhatsApp,Self pickup
O006393,2026-08-09,C2797,Retail farmer,V13,Brinjal,Pro-tray,800,1.3,0.0,1040.0,Cash,WhatsApp,Self pickup
O006394,2026-08-09,C0474,Retail farmer,V16,Tobacco,Nursery bed,8400,0.13,2.8,1061.42,UPI,WhatsApp,Van delivery
O006395,2026-08-09,C1573,Retail farmer,V16,Tobacco,Nursery bed,4500,0.13,0.0,585.0,Cash,Walk-in,Self pickup
O006396,2026-08-09,C2798,Retail farmer,V16,Tobacco,Nursery bed,5100,0.13,1.7,651.73,UPI,Phone call,Self pickup
O006397,2026-08-09,C1375,Retail farmer,V16,Tobacco,Nursery bed,8700,0.14,3.2,1179.02,Cash,Phone call,Van delivery
O006398,2026-08-09,C2799,Retail farmer,V16,Tobacco,Nursery bed,2600,0.13,0.0,338.0,Cash,Walk-in,Self pickup
O006399,2026-08-09,C2800,Retail farmer,V16,Tobacco,Nursery bed,4700,0.13,0.0,611.0,Cash,WhatsApp,Self pickup
O006400,2026-08-09,C2801,Retail farmer,V16,Tobacco,Nursery bed,12300,0.13,1.5,1575.02,Cash,WhatsApp,Self pickup
O006401,2026-08-09,C2363,Wholesale / dealer,V16,Tobacco,Nursery bed,107100,0.13,8.9,12683.85,UPI,Phone call,Van delivery
O006402,2026-08-09,C1040,Retail farmer,V16,Tobacco,Nursery bed,12800,0.13,1.8,1634.05,UPI,Walk-in,Van delivery
O006403,2026-08-10,C2802,Retail farmer,V03,Chilli,Pro-tray,2300,1.82,0.0,4186.0,Cash,Walk-in,Van delivery
O006404,2026-08-10,C2803,Retail farmer,V10,Chilli,Pro-tray,3600,1.52,0.0,5472.0,UPI,Phone call,Self pickup
O006405,2026-08-10,C0797,Retail farmer,V03,Chilli,Nursery bed,600,1.27,0.0,762.0,UPI,WhatsApp,Self pickup
O006406,2026-08-10,C0196,Retail farmer,V01,Chilli,Pro-tray,1200,1.65,0.0,1980.0,UPI,WhatsApp,Self pickup
O006407,2026-08-10,C1536,Retail farmer,V06,Chilli,Nursery bed,1000,1.01,0.0,1010.0,Cash,Walk-in,Self pickup
O006408,2026-08-10,C0795,Retail farmer,V06,Chilli,Nursery bed,1300,1.0,0.0,1300.0,UPI,Walk-in,Self pickup
O006409,2026-08-10,C2007,Retail farmer,V07,Chilli,Nursery bed,400,0.95,0.0,380.0,UPI,Walk-in,Self pickup
O006410,2026-08-10,C2804,Wholesale / dealer,V08,Chilli,Pro-tray,6900,1.73,11.8,10528.43,Credit,Walk-in,Van delivery
O006411,2026-08-10,C2805,Retail farmer,V04,Chilli,Pro-tray,1400,1.93,0.0,2702.0,UPI,Walk-in,Self pickup
O006412,2026-08-10,C1853,Wholesale / dealer,V03,Chilli,Nursery bed,5000,1.26,8.0,5796.0,Credit,Walk-in,Van delivery
O006413,2026-08-10,C2806,Retail farmer,V11,Capsicum,Pro-tray,1000,3.49,0.0,3490.0,UPI,Walk-in,Self pickup
O006414,2026-08-10,C2807,Retail farmer,V12,Tomato,Pro-tray,600,2.0,0.0,1200.0,Credit,Phone call,Self pickup
O006415,2026-08-10,C2808,Retail farmer,V12,Tomato,Pro-tray,700,1.92,0.0,1344.0,Cash,Walk-in,Self pickup
O006416,2026-08-10,C2809,Wholesale / dealer,V13,Brinjal,Nursery bed,7400,0.85,11.3,5579.23,Credit,WhatsApp,Van delivery
O006417,2026-08-10,C2810,Home gardener,V14,Marigold,Pro-tray,50,2.02,0.0,101.0,UPI,Walk-in,Self pickup
O006418,2026-08-10,C2811,Retail farmer,V15,Marigold,Nursery bed,800,1.36,0.0,1088.0,Cash,Walk-in,Self pickup
O006419,2026-08-10,C2812,Wholesale / dealer,V16,Tobacco,Nursery bed,32600,0.13,9.1,3852.34,UPI,WhatsApp,Van delivery
O006420,2026-08-10,C2624,Wholesale / dealer,V16,Tobacco,Nursery bed,76800,0.13,10.2,8965.63,Credit,WhatsApp,Self pickup
O006421,2026-08-11,C2694,Retail farmer,V06,Chilli,Pro-tray,1800,1.41,0.0,2538.0,Cash,Walk-in,Self pickup
O006422,2026-08-11,C2813,Retail farmer,V06,Chilli,Pro-tray,2200,1.44,0.0,3168.0,Cash,Phone call,Self pickup
O006423,2026-08-11,C0198,Retail farmer,V05,Chilli,Nursery bed,1100,1.2,0.0,1320.0,UPI,Walk-in,Self pickup
O006424,2026-08-11,C2814,Retail farmer,V03,Chilli,Pro-tray,2400,1.83,0.0,4392.0,Cash,Phone call,Self pickup
O006425,2026-08-11,C2815,Retail farmer,V10,Chilli,Pro-tray,600,1.47,0.0,882.0,UPI,Phone call,Self pickup
O006426,2026-08-11,C1061,Retail farmer,V06,Chilli,Pro-tray,900,1.47,0.0,1323.0,UPI,WhatsApp,Van delivery
O006427,2026-08-11,C2816,Retail farmer,V07,Chilli,Nursery bed,1400,0.97,0.0,1358.0,Cash,Phone call,Self pickup
O006428,2026-08-11,C2043,Retail farmer,V11,Capsicum,Pro-tray,200,3.43,0.0,686.0,Cash,Phone call,Self pickup
O006429,2026-08-11,C2817,Retail farmer,V12,Tomato,Pro-tray,1500,1.98,0.0,2970.0,UPI,Walk-in,Self pickup
O006430,2026-08-11,C0534,Retail farmer,V13,Brinjal,Pro-tray,1300,1.31,0.0,1703.0,Cash,Walk-in,Self pickup
O006431,2026-08-11,C2818,Retail farmer,V15,Marigold,Pro-tray,2000,1.9,0.0,3800.0,UPI,Walk-in,Van delivery
O006432,2026-08-11,C2819,Home gardener,V15,Marigold,Pro-tray,90,1.91,0.0,171.9,Cash,WhatsApp,Self pickup
O006433,2026-08-11,C2820,Retail farmer,V16,Tobacco,Nursery bed,3400,0.13,0.0,442.0,UPI,Walk-in,Self pickup
O006434,2026-08-11,C2821,Retail farmer,V16,Tobacco,Nursery bed,6700,0.13,2.2,851.84,Cash,Phone call,Van delivery
O006435,2026-08-11,C2822,Retail farmer,V16,Tobacco,Nursery bed,4500,0.13,0.0,585.0,UPI,WhatsApp,Self pickup
O006436,2026-08-12,C0520,Retail farmer,V01,Chilli,Pro-tray,2600,1.75,0.0,4550.0,UPI,Walk-in,Self pickup
O006437,2026-08-12,C2095,Retail farmer,V04,Chilli,Pro-tray,900,1.91,0.0,1719.0,Cash,Phone call,Self pickup
O006438,2026-08-12,C2823,Wholesale / dealer,V03,Chilli,Pro-tray,5300,1.79,9.5,8585.74,UPI,WhatsApp,Van delivery
O006439,2026-08-12,C2824,Wholesale / dealer,V07,Chilli,Pro-tray,16300,1.39,8.8,20663.18,Credit,Phone call,Van delivery
O006440,2026-08-12,C1532,Retail farmer,V01,Chilli,Pro-tray,1300,1.71,0.0,2223.0,UPI,Walk-in,Self pickup
O006441,2026-08-12,C2825,Retail farmer,V11,Capsicum,Pro-tray,1000,3.46,0.0,3460.0,Cash,Walk-in,Self pickup
O006442,2026-08-12,C2826,Retail farmer,V12,Tomato,Nursery bed,3200,1.37,0.0,4384.0,Cash,Walk-in,Self pickup
O006443,2026-08-12,C0614,Retail farmer,V12,Tomato,Pro-tray,1400,1.99,0.0,2786.0,UPI,Walk-in,Van delivery
O006444,2026-08-12,C0915,Wholesale / dealer,V12,Tomato,Pro-tray,2800,2.01,9.9,5070.83,UPI,Walk-in,Self pickup
O006445,2026-08-12,C2827,Retail farmer,V12,Tomato,Nursery bed,1000,1.36,0.0,1360.0,Cash,WhatsApp,Self pickup
O006446,2026-08-12,C2828,Retail farmer,V13,Brinjal,Nursery bed,700,0.87,0.0,609.0,Credit,Phone call,Self pickup
O006447,2026-08-12,C1867,Retail farmer,V13,Brinjal,Pro-tray,1600,1.28,0.0,2048.0,UPI,Phone call,Self pickup
O006448,2026-08-12,C2523,Retail farmer,V14,Marigold,Nursery bed,1000,1.43,0.0,1430.0,Cash,Phone call,Self pickup
O006449,2026-08-12,C1197,Retail farmer,V15,Marigold,Pro-tray,700,1.84,0.0,1288.0,UPI,Walk-in,Self pickup
O006450,2026-08-12,C1833,Retail farmer,V14,Marigold,Pro-tray,1200,2.0,0.0,2400.0,Cash,Phone call,Self pickup
O006451,2026-08-12,C2829,Retail farmer,V15,Marigold,Pro-tray,2800,1.85,0.0,5180.0,Cash,Phone call,Self pickup
O006452,2026-08-12,C1580,Retail farmer,V15,Marigold,Pro-tray,700,1.83,0.0,1281.0,UPI,WhatsApp,Self pickup
O006453,2026-08-12,C2830,Wholesale / dealer,V16,Tobacco,Nursery bed,42600,0.14,10.9,5313.92,UPI,Walk-in,Van delivery
O006454,2026-08-12,C2831,Retail farmer,V16,Tobacco,Nursery bed,19100,0.13,3.1,2406.03,Credit,WhatsApp,Self pickup
O006455,2026-08-12,C1103,Retail farmer,V16,Tobacco,Nursery bed,12500,0.13,1.7,1597.38,UPI,Phone call,Self pickup
O006456,2026-08-12,C0902,Retail farmer,V16,Tobacco,Nursery bed,9900,0.13,2.8,1250.96,UPI,Walk-in,Van delivery
O006457,2026-08-12,C0957,Retail farmer,V16,Tobacco,Nursery bed,2400,0.13,0.0,312.0,UPI,Phone call,Self pickup
O006458,2026-08-13,C2832,Retail farmer,V08,Chilli,Pro-tray,1700,1.67,0.0,2839.0,UPI,Phone call,Van delivery
O006459,2026-08-13,C2833,Retail farmer,V08,Chilli,Nursery bed,2400,1.23,0.0,2952.0,UPI,Walk-in,Self pickup
O006460,2026-08-13,C0295,Retail farmer,V04,Chilli,Pro-tray,1300,1.92,0.0,2496.0,Cash,Phone call,Self pickup
O006461,2026-08-13,C2834,Home gardener,V03,Chilli,Pro-tray,120,1.81,0.0,217.2,Cash,Walk-in,Self pickup
O006462,2026-08-13,C2835,Wholesale / dealer,V08,Chilli,Pro-tray,10700,1.75,11.9,16496.72,UPI,Walk-in,Self pickup
O006463,2026-08-13,C0266,Wholesale / dealer,V11,Capsicum,Nursery bed,2900,2.72,11.5,6980.88,UPI,WhatsApp,Self pickup
O006464,2026-08-13,C2836,Retail farmer,V11,Capsicum,Pro-tray,900,3.58,0.0,3222.0,UPI,Walk-in,Self pickup
O006465,2026-08-13,C0951,Retail farmer,V11,Capsicum,Pro-tray,1200,3.61,0.0,4332.0,Cash,WhatsApp,Van delivery
O006466,2026-08-13,C2802,Retail farmer,V11,Capsicum,Pro-tray,1400,3.43,0.0,4802.0,Cash,Phone call,Self pickup
O006467,2026-08-13,C2837,Retail farmer,V12,Tomato,Pro-tray,700,1.92,0.0,1344.0,UPI,Walk-in,Self pickup
O006468,2026-08-13,C1858,Retail farmer,V13,Brinjal,Pro-tray,1800,1.35,0.0,2430.0,UPI,Walk-in,Self pickup
O006469,2026-08-13,C2838,Home gardener,V15,Marigold,Pro-tray,130,1.82,0.0,236.6,Credit,Walk-in,Self pickup
O006470,2026-08-13,C0769,Wholesale / dealer,V14,Marigold,Pro-tray,3600,2.03,9.8,6591.82,Credit,Phone call,Self pickup
O006471,2026-08-13,C2839,Retail farmer,V16,Tobacco,Nursery bed,4100,0.14,0.0,574.0,Credit,Walk-in,Self pickup
O006472,2026-08-13,C2840,Retail farmer,V16,Tobacco,Nursery bed,3400,0.13,0.0,442.0,UPI,Phone call,Self pickup
O006473,2026-08-13,C2487,Wholesale / dealer,V16,Tobacco,Nursery bed,26300,0.13,11.3,3032.65,UPI,WhatsApp,Van delivery
O006474,2026-08-14,C1409,Wholesale / dealer,V09,Chilli,Pro-tray,10900,1.89,10.5,18437.9,UPI,Phone call,Van delivery
O006475,2026-08-14,C2826,Retail farmer,V09,Chilli,Pro-tray,1100,1.9,0.0,2090.0,Cash,Phone call,Self pickup
O006476,2026-08-14,C0154,Retail farmer,V01,Chilli,Pro-tray,900,1.75,0.0,1575.0,UPI,Phone call,Self pickup
O006477,2026-08-14,C2216,Wholesale / dealer,V01,Chilli,Pro-tray,10500,1.72,8.0,16615.2,UPI,Phone call,Self pickup
O006478,2026-08-14,C2841,Retail farmer,V06,Chilli,Nursery bed,800,1.01,0.0,808.0,Credit,Walk-in,Self pickup
O006479,2026-08-14,C2716,Retail farmer,V02,Chilli,Pro-tray,3900,1.66,0.0,6474.0,Cash,WhatsApp,Self pickup
O006480,2026-08-14,C1966,Retail farmer,V06,Chilli,Pro-tray,1500,1.46,0.0,2190.0,UPI,Walk-in,Self pickup
O006481,2026-08-14,C2842,Retail farmer,V01,Chilli,Pro-tray,3100,1.68,0.0,5208.0,Cash,Walk-in,Self pickup
O006482,2026-08-14,C2843,Retail farmer,V07,Chilli,Nursery bed,700,0.99,0.0,693.0,UPI,WhatsApp,Self pickup
O006483,2026-08-14,C2844,Wholesale / dealer,V01,Chilli,Nursery bed,3100,1.21,9.2,3405.91,UPI,WhatsApp,Self pickup
O006484,2026-08-14,C1528,Wholesale / dealer,V08,Chilli,Pro-tray,13800,1.66,8.5,20960.82,UPI,Phone call,Van delivery
O006485,2026-08-14,C0927,Wholesale / dealer,V01,Chilli,Pro-tray,12200,1.68,8.8,18692.35,UPI,Walk-in,Van delivery
O006486,2026-08-14,C2159,Retail farmer,V11,Capsicum,Pro-tray,500,3.54,0.0,1770.0,Cash,Walk-in,Van delivery
O006487,2026-08-14,C2845,Retail farmer,V12,Tomato,Nursery bed,900,1.34,0.0,1206.0,UPI,Phone call,Van delivery
O006488,2026-08-14,C2846,Retail farmer,V12,Tomato,Nursery bed,2600,1.4,0.0,3640.0,Cash,Phone call,Self pickup
O006489,2026-08-14,C2735,Retail farmer,V12,Tomato,Pro-tray,900,1.95,0.0,1755.0,Cash,Phone call,Self pickup
O006490,2026-08-14,C2847,Retail farmer,V13,Brinjal,Nursery bed,1700,0.89,0.0,1513.0,UPI,Walk-in,Self pickup
O006491,2026-08-14,C0765,Retail farmer,V15,Marigold,Pro-tray,1200,1.9,0.0,2280.0,Cash,Phone call,Self pickup
O006492,2026-08-14,C2848,Retail farmer,V14,Marigold,Pro-tray,2500,2.01,0.0,5025.0,Credit,WhatsApp,Self pickup
O006493,2026-08-14,C0427,Wholesale / dealer,V16,Tobacco,Nursery bed,21000,0.14,11.1,2613.66,UPI,Phone call,Van delivery
O006494,2026-08-14,C2824,Wholesale / dealer,V16,Tobacco,Nursery bed,27100,0.13,8.9,3209.45,Credit,WhatsApp,Van delivery
O006495,2026-08-15,C2849,Retail farmer,V01,Chilli,Pro-tray,1500,1.69,0.0,2535.0,UPI,Walk-in,Self pickup
O006496,2026-08-15,C2850,Retail farmer,V02,Chilli,Pro-tray,4300,1.62,0.0,6966.0,Cash,WhatsApp,Self pickup
O006497,2026-08-15,C2851,Retail farmer,V08,Chilli,Pro-tray,2000,1.73,0.0,3460.0,Cash,Walk-in,Self pickup
O006498,2026-08-15,C2306,Retail farmer,V06,Chilli,Pro-tray,2600,1.44,0.0,3744.0,Credit,Phone call,Self pickup
O006499,2026-08-15,C2232,Retail farmer,V04,Chilli,Pro-tray,1000,1.88,0.0,1880.0,Credit,Phone call,Self pickup
O006500,2026-08-15,C0218,Home gardener,V01,Chilli,Pro-tray,20,1.7,0.0,34.0,Cash,Walk-in,Self pickup
O006501,2026-08-15,C2852,Retail farmer,V01,Chilli,Pro-tray,3300,1.73,0.0,5709.0,UPI,Phone call,Van delivery
O006502,2026-08-15,C1072,Retail farmer,V09,Chilli,Pro-tray,1200,1.84,0.0,2208.0,Cash,WhatsApp,Self pickup
O006503,2026-08-15,C2557,Retail farmer,V04,Chilli,Pro-tray,1700,1.84,0.0,3128.0,Cash,Walk-in,Van delivery
O006504,2026-08-15,C0793,Retail farmer,V01,Chilli,Nursery bed,1800,1.23,0.0,2214.0,Cash,Phone call,Self pickup
O006505,2026-08-15,C2853,Retail farmer,V01,Chilli,Nursery bed,600,1.22,0.0,732.0,Cash,Phone call,Self pickup
O006506,2026-08-15,C1644,Retail farmer,V02,Chilli,Pro-tray,1500,1.63,0.0,2445.0,Cash,Walk-in,Self pickup
O006507,2026-08-15,C1789,Retail farmer,V11,Capsicum,Pro-tray,200,3.53,0.0,706.0,UPI,WhatsApp,Self pickup
O006508,2026-08-15,C2278,Retail farmer,V12,Tomato,Pro-tray,1300,1.99,0.0,2587.0,UPI,WhatsApp,Self pickup
O006509,2026-08-15,C2854,Retail farmer,V12,Tomato,Pro-tray,600,1.93,0.0,1158.0,UPI,Phone call,Self pickup
O006510,2026-08-15,C2855,Retail farmer,V15,Marigold,Pro-tray,1500,1.9,0.0,2850.0,Cash,Phone call,Self pickup
O006511,2026-08-15,C1174,Retail farmer,V15,Marigold,Pro-tray,1900,1.84,0.0,3496.0,Cash,Walk-in,Self pickup
O006512,2026-08-15,C0729,Wholesale / dealer,V15,Marigold,Pro-tray,9100,1.92,8.3,16021.82,UPI,WhatsApp,Van delivery
O006513,2026-08-15,C2856,Wholesale / dealer,V16,Tobacco,Nursery bed,33400,0.13,8.6,3968.59,UPI,WhatsApp,Van delivery
O006514,2026-08-15,C2857,Retail farmer,V16,Tobacco,Nursery bed,14300,0.13,2.7,1808.81,Credit,Phone call,Self pickup
O006515,2026-08-16,C2858,Retail farmer,V09,Chilli,Pro-tray,1400,1.87,0.0,2618.0,Cash,Phone call,Self pickup
O006516,2026-08-16,C0847,Wholesale / dealer,V04,Chilli,Pro-tray,4900,1.85,11.8,7995.33,UPI,Walk-in,Self pickup
O006517,2026-08-16,C1526,Retail farmer,V01,Chilli,Nursery bed,1000,1.22,0.0,1220.0,UPI,Walk-in,Self pickup
O006518,2026-08-16,C1093,Wholesale / dealer,V03,Chilli,Pro-tray,4500,1.87,11.5,7447.28,Credit,WhatsApp,Self pickup
O006519,2026-08-16,C0849,Retail farmer,V07,Chilli,Pro-tray,1000,1.35,0.0,1350.0,Cash,Walk-in,Self pickup
O006520,2026-08-16,C2859,Retail farmer,V03,Chilli,Nursery bed,700,1.23,0.0,861.0,UPI,WhatsApp,Self pickup
O006521,2026-08-16,C2860,Retail farmer,V01,Chilli,Nursery bed,2300,1.19,0.0,2737.0,UPI,Phone call,Self pickup
O006522,2026-08-16,C2033,Retail farmer,V08,Chilli,Pro-tray,1500,1.72,0.0,2580.0,UPI,WhatsApp,Self pickup
O006523,2026-08-16,C1987,Retail farmer,V11,Capsicum,Pro-tray,1400,3.44,0.0,4816.0,Cash,Phone call,Self pickup
O006524,2026-08-16,C2861,Retail farmer,V11,Capsicum,Pro-tray,500,3.6,0.0,1800.0,Cash,Walk-in,Self pickup
O006525,2026-08-16,C2862,Wholesale / dealer,V11,Capsicum,Pro-tray,5100,3.63,8.2,16994.93,UPI,Walk-in,Van delivery
O006526,2026-08-16,C2863,Retail farmer,V12,Tomato,Pro-tray,1300,1.95,0.0,2535.0,Cash,Phone call,Self pickup
O006527,2026-08-16,C2864,Retail farmer,V15,Marigold,Pro-tray,1300,1.87,0.0,2431.0,UPI,Walk-in,Self pickup
O006528,2026-08-16,C2865,Retail farmer,V14,Marigold,Pro-tray,500,1.95,0.0,975.0,UPI,Walk-in,Self pickup
O006529,2026-08-16,C1747,Retail farmer,V14,Marigold,Pro-tray,700,2.03,0.0,1421.0,UPI,Phone call,Self pickup
O006530,2026-08-16,C2866,Retail farmer,V16,Tobacco,Nursery bed,7400,0.13,1.2,950.46,UPI,Walk-in,Van delivery
O006531,2026-08-16,C2397,Retail farmer,V16,Tobacco,Nursery bed,7800,0.14,0.8,1083.26,UPI,Walk-in,Van delivery
O006532,2026-08-16,C2190,Retail farmer,V16,Tobacco,Nursery bed,7100,0.13,3.8,887.93,UPI,WhatsApp,Van delivery
O006533,2026-08-16,C1140,Retail farmer,V16,Tobacco,Nursery bed,5900,0.13,1.6,754.73,Credit,Walk-in,Van delivery
O006534,2026-08-16,C2867,Retail farmer,V16,Tobacco,Nursery bed,15500,0.13,0.5,2004.92,UPI,Walk-in,Van delivery
O006535,2026-08-17,C0712,Retail farmer,V07,Chilli,Pro-tray,2000,1.39,0.0,2780.0,UPI,Walk-in,Self pickup
O006536,2026-08-17,C0762,Wholesale / dealer,V09,Chilli,Nursery bed,10700,1.32,10.5,12640.98,Credit,WhatsApp,Self pickup
O006537,2026-08-17,C2201,Wholesale / dealer,V01,Chilli,Pro-tray,1300,1.74,10.2,2031.28,UPI,WhatsApp,Self pickup
O006538,2026-08-17,C2868,Retail farmer,V03,Chilli,Nursery bed,1600,1.24,0.0,1984.0,UPI,Walk-in,Self pickup
O006539,2026-08-17,C2869,Retail farmer,V04,Chilli,Pro-tray,2900,1.89,0.0,5481.0,Cash,Phone call,Van delivery
O006540,2026-08-17,C2870,Retail farmer,V03,Chilli,Nursery bed,900,1.26,0.0,1134.0,UPI,Walk-in,Van delivery
O006541,2026-08-17,C2152,Retail farmer,V09,Chilli,Pro-tray,1000,1.89,0.0,1890.0,Cash,Walk-in,Self pickup
O006542,2026-08-17,C2871,Retail farmer,V09,Chilli,Pro-tray,500,1.83,0.0,915.0,UPI,Walk-in,Self pickup
O006543,2026-08-17,C2872,Home gardener,V04,Chilli,Pro-tray,100,1.82,0.0,182.0,Cash,Walk-in,Self pickup
O006544,2026-08-17,C0985,Retail farmer,V11,Capsicum,Pro-tray,800,3.42,0.0,2736.0,UPI,Walk-in,Self pickup
O006545,2026-08-17,C2873,Retail farmer,V12,Tomato,Nursery bed,1100,1.35,0.0,1485.0,Cash,Phone call,Self pickup
O006546,2026-08-17,C2874,Wholesale / dealer,V13,Brinjal,Pro-tray,3900,1.36,9.3,4810.73,UPI,WhatsApp,Self pickup
O006547,2026-08-17,C1599,Retail farmer,V15,Marigold,Pro-tray,2000,1.85,0.0,3700.0,Cash,Phone call,Self pickup
O006548,2026-08-17,C0147,Retail farmer,V16,Tobacco,Nursery bed,3200,0.14,0.0,448.0,UPI,Phone call,Self pickup
O006549,2026-08-17,C2875,Wholesale / dealer,V16,Tobacco,Nursery bed,14600,0.14,11.2,1815.07,UPI,WhatsApp,Self pickup
O006550,2026-08-18,C2876,Wholesale / dealer,V08,Chilli,Pro-tray,8700,1.71,11.8,13121.51,Cash,Walk-in,Van delivery
O006551,2026-08-18,C2877,Retail farmer,V09,Chilli,Pro-tray,2300,1.9,0.0,4370.0,UPI,WhatsApp,Self pickup
O006552,2026-08-18,C2857,Retail farmer,V07,Chilli,Pro-tray,700,1.41,0.0,987.0,Cash,Walk-in,Self pickup
O006553,2026-08-18,C2878,Retail farmer,V08,Chilli,Pro-tray,1100,1.72,0.0,1892.0,UPI,WhatsApp,Van delivery
O006554,2026-08-18,C2879,Wholesale / dealer,V01,Chilli,Pro-tray,900,1.68,12.0,1330.56,UPI,Walk-in,Self pickup
O006555,2026-08-18,C2880,Wholesale / dealer,V06,Chilli,Pro-tray,3900,1.46,9.3,5164.46,UPI,Phone call,Van delivery
O006556,2026-08-18,C2528,Retail farmer,V05,Chilli,Nursery bed,1200,1.24,0.0,1488.0,UPI,Walk-in,Self pickup
O006557,2026-08-18,C2881,Retail farmer,V09,Chilli,Pro-tray,1100,1.82,0.0,2002.0,UPI,Walk-in,Self pickup
O006558,2026-08-18,C2647,Retail farmer,V12,Tomato,Nursery bed,1300,1.4,0.0,1820.0,UPI,Phone call,Self pickup
O006559,2026-08-18,C0536,Retail farmer,V12,Tomato,Nursery bed,1600,1.41,0.0,2256.0,Cash,Walk-in,Self pickup
O006560,2026-08-18,C2882,Retail farmer,V13,Brinjal,Nursery bed,900,0.86,0.0,774.0,Cash,WhatsApp,Self pickup
O006561,2026-08-18,C0365,Retail farmer,V13,Brinjal,Pro-tray,800,1.3,0.0,1040.0,Credit,WhatsApp,Self pickup
O006562,2026-08-18,C2883,Retail farmer,V15,Marigold,Pro-tray,1400,1.88,0.0,2632.0,Cash,WhatsApp,Self pickup
O006563,2026-08-18,C2884,Retail farmer,V16,Tobacco,Nursery bed,10700,0.13,4.0,1335.36,Credit,Walk-in,Van delivery
O006564,2026-08-18,C2885,Retail farmer,V16,Tobacco,Nursery bed,3100,0.13,0.0,403.0,UPI,Phone call,Self pickup
O006565,2026-08-19,C2055,Wholesale / dealer,V01,Chilli,Pro-tray,4400,1.66,12.0,6427.52,Credit,Phone call,Self pickup
O006566,2026-08-19,C2886,Retail farmer,V01,Chilli,Pro-tray,2600,1.76,0.0,4576.0,UPI,WhatsApp,Self pickup
O006567,2026-08-19,C2200,Retail farmer,V08,Chilli,Pro-tray,3900,1.68,0.0,6552.0,Cash,Phone call,Self pickup
O006568,2026-08-19,C0668,Home gardener,V05,Chilli,Pro-tray,60,1.74,0.0,104.4,UPI,Walk-in,Self pickup
O006569,2026-08-19,C0550,Wholesale / dealer,V07,Chilli,Pro-tray,4200,1.4,9.9,5297.88,Credit,Walk-in,Self pickup
O006570,2026-08-19,C2224,Retail farmer,V05,Chilli,Pro-tray,1300,1.75,0.0,2275.0,UPI,Walk-in,Self pickup
O006571,2026-08-19,C2887,Retail farmer,V07,Chilli,Pro-tray,2200,1.35,0.0,2970.0,UPI,Walk-in,Van delivery
O006572,2026-08-19,C2888,Wholesale / dealer,V04,Chilli,Pro-tray,4000,1.9,8.7,6938.8,Credit,Phone call,Self pickup
O006573,2026-08-19,C2889,Retail farmer,V09,Chilli,Nursery bed,1200,1.31,0.0,1572.0,UPI,Walk-in,Self pickup
O006574,2026-08-19,C2890,Wholesale / dealer,V01,Chilli,Pro-tray,7500,1.74,11.1,11601.45,Credit,Phone call,Van delivery
O006575,2026-08-19,C1537,Retail farmer,V03,Chilli,Pro-tray,2900,1.82,0.0,5278.0,Cash,Phone call,Self pickup
O006576,2026-08-19,C1615,Retail farmer,V03,Chilli,Pro-tray,1400,1.86,0.0,2604.0,Cash,Walk-in,Self pickup
O006577,2026-08-19,C2891,Retail farmer,V04,Chilli,Nursery bed,2200,1.34,0.0,2948.0,Credit,WhatsApp,Van delivery
O006578,2026-08-19,C0417,Wholesale / dealer,V03,Chilli,Pro-tray,8900,1.85,8.1,15131.34,Credit,Phone call,Van delivery
O006579,2026-08-19,C0262,Wholesale / dealer,V06,Chilli,Nursery bed,8300,0.98,10.5,7279.93,UPI,Walk-in,Self pickup
O006580,2026-08-19,C2892,Retail farmer,V11,Capsicum,Pro-tray,800,3.53,0.0,2824.0,UPI,WhatsApp,Self pickup
O006581,2026-08-19,C2893,Retail farmer,V11,Capsicum,Pro-tray,300,3.43,0.0,1029.0,Credit,WhatsApp,Self pickup
O006582,2026-08-19,C0006,Retail farmer,V12,Tomato,Pro-tray,2600,1.99,0.0,5174.0,UPI,Walk-in,Self pickup
O006583,2026-08-19,C0885,Retail farmer,V13,Brinjal,Pro-tray,600,1.29,0.0,774.0,UPI,WhatsApp,Self pickup
O006584,2026-08-19,C1493,Retail farmer,V14,Marigold,Nursery bed,500,1.41,0.0,705.0,UPI,Walk-in,Van delivery
O006585,2026-08-20,C0751,Retail farmer,V02,Chilli,Pro-tray,800,1.66,0.0,1328.0,Credit,WhatsApp,Self pickup
O006586,2026-08-20,C2894,Retail farmer,V01,Chilli,Nursery bed,2000,1.18,0.0,2360.0,UPI,WhatsApp,Self pickup
O006587,2026-08-20,C2366,Retail farmer,V02,Chilli,Pro-tray,1700,1.66,0.0,2822.0,UPI,Phone call,Self pickup
O006588,2026-08-20,C2895,Retail farmer,V03,Chilli,Pro-tray,1700,1.79,0.0,3043.0,Cash,Walk-in,Self pickup
O006589,2026-08-20,C2896,Retail farmer,V03,Chilli,Nursery bed,1300,1.29,0.0,1677.0,UPI,Phone call,Van delivery
O006590,2026-08-20,C0636,Retail farmer,V01,Chilli,Nursery bed,700,1.2,0.0,840.0,Cash,Walk-in,Self pickup
O006591,2026-08-20,C1269,Retail farmer,V09,Chilli,Pro-tray,900,1.9,0.0,1710.0,Cash,Phone call,Self pickup
O006592,2026-08-20,C2897,Retail farmer,V02,Chilli,Nursery bed,1400,1.14,0.0,1596.0,UPI,WhatsApp,Self pickup
O006593,2026-08-20,C2415,Retail farmer,V01,Chilli,Pro-tray,900,1.75,0.0,1575.0,Credit,Phone call,Self pickup
O006594,2026-08-20,C2898,Wholesale / dealer,V03,Chilli,Pro-tray,5600,1.8,9.9,9082.08,Credit,Phone call,Van delivery
O006595,2026-08-20,C2899,Retail farmer,V02,Chilli,Nursery bed,2400,1.18,0.0,2832.0,UPI,WhatsApp,Self pickup
O006596,2026-08-20,C2900,Home gardener,V01,Chilli,Pro-tray,80,1.71,0.0,136.8,Credit,Walk-in,Van delivery
O006597,2026-08-20,C1796,Retail farmer,V11,Capsicum,Pro-tray,1200,3.53,0.0,4236.0,Credit,Phone call,Self pickup
O006598,2026-08-20,C1883,Retail farmer,V12,Tomato,Pro-tray,1800,1.99,0.0,3582.0,UPI,Walk-in,Self pickup
O006599,2026-08-20,C1295,Retail farmer,V13,Brinjal,Pro-tray,500,1.33,0.0,665.0,Cash,Phone call,Self pickup
O006600,2026-08-20,C2568,Retail farmer,V15,Marigold,Pro-tray,1200,1.93,0.0,2316.0,Credit,Walk-in,Self pickup
O006601,2026-08-20,C2901,Retail farmer,V16,Tobacco,Nursery bed,8900,0.13,0.4,1152.37,UPI,WhatsApp,Van delivery
O006602,2026-08-20,C0068,Wholesale / dealer,V16,Tobacco,Nursery bed,17600,0.14,9.7,2224.99,UPI,Phone call,Self pickup
O006603,2026-08-20,C2527,Wholesale / dealer,V16,Tobacco,Nursery bed,46200,0.13,10.7,5363.36,UPI,WhatsApp,Van delivery
O006604,2026-08-20,C0303,Retail farmer,V16,Tobacco,Nursery bed,12200,0.13,3.8,1525.73,Cash,Walk-in,Van delivery
O006605,2026-08-20,C2902,Retail farmer,V16,Tobacco,Nursery bed,8400,0.13,0.1,1090.91,UPI,Phone call,Van delivery
O006606,2026-08-20,C2903,Retail farmer,V16,Tobacco,Nursery bed,4000,0.13,0.0,520.0,Cash,Phone call,Self pickup
O006607,2026-08-21,C2904,Retail farmer,V03,Chilli,Pro-tray,1000,1.81,0.0,1810.0,Cash,Walk-in,Self pickup
O006608,2026-08-21,C2905,Retail farmer,V04,Chilli,Pro-tray,2100,1.86,0.0,3906.0,UPI,WhatsApp,Self pickup
O006609,2026-08-21,C2906,Retail farmer,V01,Chilli,Pro-tray,1100,1.68,0.0,1848.0,UPI,Walk-in,Self pickup
O006610,2026-08-21,C2907,Retail farmer,V04,Chilli,Pro-tray,2000,1.89,0.0,3780.0,UPI,Walk-in,Self pickup
O006611,2026-08-21,C2908,Home gardener,V06,Chilli,Pro-tray,160,1.46,0.0,233.6,UPI,Walk-in,Self pickup
O006612,2026-08-21,C2909,Wholesale / dealer,V04,Chilli,Nursery bed,6400,1.34,8.1,7881.34,Cash,Walk-in,Van delivery
O006613,2026-08-21,C2910,Retail farmer,V09,Chilli,Pro-tray,1300,1.92,0.0,2496.0,Credit,Phone call,Self pickup
O006614,2026-08-21,C1301,Retail farmer,V09,Chilli,Nursery bed,4300,1.34,0.0,5762.0,UPI,WhatsApp,Van delivery
O006615,2026-08-21,C2911,Retail farmer,V04,Chilli,Nursery bed,2400,1.29,0.0,3096.0,Credit,Phone call,Self pickup
O006616,2026-08-21,C2137,Wholesale / dealer,V02,Chilli,Pro-tray,3000,1.68,10.2,4525.92,Credit,Walk-in,Self pickup
O006617,2026-08-21,C2477,Retail farmer,V07,Chilli,Pro-tray,1800,1.34,0.0,2412.0,Cash,Phone call,Self pickup
O006618,2026-08-21,C0379,Retail farmer,V12,Tomato,Pro-tray,3500,1.98,0.0,6930.0,UPI,Phone call,Self pickup
O006619,2026-08-21,C2912,Home gardener,V12,Tomato,Pro-tray,130,1.94,0.0,252.2,UPI,Phone call,Self pickup
O006620,2026-08-21,C0552,Retail farmer,V14,Marigold,Pro-tray,600,1.96,0.0,1176.0,UPI,WhatsApp,Self pickup
O006621,2026-08-21,C0314,Retail farmer,V16,Tobacco,Nursery bed,7300,0.13,0.9,940.46,Cash,Phone call,Self pickup
O006622,2026-08-21,C0879,Retail farmer,V16,Tobacco,Nursery bed,17700,0.14,1.6,2438.35,Cash,Walk-in,Van delivery
O006623,2026-08-21,C1139,Wholesale / dealer,V16,Tobacco,Nursery bed,33300,0.13,10.1,3891.77,Cash,Phone call,Self pickup
O006624,2026-08-21,C2913,Wholesale / dealer,V16,Tobacco,Nursery bed,21500,0.13,9.2,2537.86,UPI,WhatsApp,Van delivery
O006625,2026-08-21,C2849,Retail farmer,V16,Tobacco,Nursery bed,2000,0.13,0.0,260.0,UPI,Phone call,Self pickup
O006626,2026-08-21,C2786,Retail farmer,V16,Tobacco,Nursery bed,9500,0.13,3.8,1188.07,UPI,Phone call,Van delivery
O006627,2026-08-22,C2914,Retail farmer,V04,Chilli,Pro-tray,1000,1.86,0.0,1860.0,UPI,Phone call,Self pickup
O006628,2026-08-22,C1229,Retail farmer,V09,Chilli,Nursery bed,600,1.3,0.0,780.0,UPI,Phone call,Self pickup
O006629,2026-08-22,C1464,Retail farmer,V04,Chilli,Pro-tray,1400,1.86,0.0,2604.0,Cash,Phone call,Self pickup
O006630,2026-08-22,C1091,Retail farmer,V09,Chilli,Nursery bed,600,1.29,0.0,774.0,Credit,Phone call,Self pickup
O006631,2026-08-22,C2310,Retail farmer,V07,Chilli,Pro-tray,6200,1.34,3.7,8000.6,UPI,WhatsApp,Van delivery
O006632,2026-08-22,C2915,Retail farmer,V02,Chilli,Nursery bed,4800,1.12,0.0,5376.0,UPI,Walk-in,Self pickup
O006633,2026-08-22,C0718,Wholesale / dealer,V04,Chilli,Nursery bed,18700,1.28,8.6,21877.5,Credit,Phone call,Self pickup
O006634,2026-08-22,C0537,Retail farmer,V04,Chilli,Pro-tray,1700,1.86,0.0,3162.0,Credit,Walk-in,Self pickup
O006635,2026-08-22,C2916,Retail farmer,V03,Chilli,Pro-tray,2000,1.8,0.0,3600.0,Cash,Walk-in,Self pickup
O006636,2026-08-22,C2917,Retail farmer,V11,Capsicum,Pro-tray,500,3.45,0.0,1725.0,Cash,Walk-in,Self pickup
O006637,2026-08-22,C2918,Retail farmer,V12,Tomato,Pro-tray,1200,2.01,0.0,2412.0,UPI,Walk-in,Self pickup
O006638,2026-08-22,C2919,Retail farmer,V12,Tomato,Pro-tray,1700,2.0,0.0,3400.0,Cash,Walk-in,Self pickup
O006639,2026-08-22,C0016,Retail farmer,V13,Brinjal,Pro-tray,1300,1.35,0.0,1755.0,UPI,Phone call,Self pickup
O006640,2026-08-22,C1527,Wholesale / dealer,V16,Tobacco,Nursery bed,16400,0.13,11.2,1893.22,UPI,Phone call,Van delivery
O006641,2026-08-22,C2532,Wholesale / dealer,V16,Tobacco,Nursery bed,24500,0.13,8.3,2920.64,UPI,Phone call,Van delivery
O006642,2026-08-22,C1637,Retail farmer,V16,Tobacco,Nursery bed,10700,0.13,0.8,1379.87,UPI,Walk-in,Van delivery
O006643,2026-08-23,C0673,Retail farmer,V05,Chilli,Nursery bed,2100,1.21,0.0,2541.0,UPI,Phone call,Self pickup
O006644,2026-08-23,C2876,Wholesale / dealer,V09,Chilli,Nursery bed,4600,1.31,8.6,5507.76,Credit,Walk-in,Self pickup
O006645,2026-08-23,C0044,Retail farmer,V07,Chilli,Nursery bed,2700,0.95,0.0,2565.0,UPI,Walk-in,Self pickup
O006646,2026-08-23,C0494,Wholesale / dealer,V06,Chilli,Nursery bed,1900,1.01,10.9,1709.83,Credit,Walk-in,Self pickup
O006647,2026-08-23,C0485,Wholesale / dealer,V03,Chilli,Nursery bed,5700,1.29,9.6,6647.11,UPI,Walk-in,Van delivery
O006648,2026-08-23,C2920,Retail farmer,V07,Chilli,Nursery bed,2600,0.94,0.0,2444.0,UPI,Phone call,Van delivery
O006649,2026-08-23,C2921,Retail farmer,V08,Chilli,Pro-tray,4700,1.7,0.0,7990.0,Cash,WhatsApp,Self pickup
O006650,2026-08-23,C2922,Retail farmer,V12,Tomato,Pro-tray,800,1.95,0.0,1560.0,UPI,Phone call,Self pickup
O006651,2026-08-23,C2923,Retail farmer,V14,Marigold,Pro-tray,1000,1.95,0.0,1950.0,UPI,WhatsApp,Self pickup
O006652,2026-08-23,C2924,Home gardener,V14,Marigold,Pro-tray,160,1.95,0.0,312.0,Credit,Phone call,Self pickup
O006653,2026-08-23,C2925,Retail farmer,V15,Marigold,Pro-tray,1600,1.84,0.0,2944.0,UPI,Phone call,Self pickup
O006654,2026-08-23,C2926,Home gardener,V15,Marigold,Pro-tray,40,1.82,0.0,72.8,Cash,Walk-in,Self pickup
O006655,2026-08-23,C1029,Home gardener,V14,Marigold,Pro-tray,180,2.0,0.0,360.0,Cash,Walk-in,Self pickup
O006656,2026-08-23,C2927,Retail farmer,V14,Marigold,Pro-tray,2000,1.96,0.0,3920.0,Cash,WhatsApp,Van delivery
O006657,2026-08-23,C2854,Retail farmer,V16,Tobacco,Nursery bed,11000,0.13,3.2,1384.24,UPI,WhatsApp,Van delivery
O006658,2026-08-23,C1447,Retail farmer,V16,Tobacco,Nursery bed,8500,0.13,1.7,1086.21,Cash,Phone call,Van delivery
O006659,2026-08-23,C2928,Retail farmer,V16,Tobacco,Nursery bed,7900,0.13,2.4,1002.35,UPI,Walk-in,Van delivery
O006660,2026-08-23,C0847,Wholesale / dealer,V16,Tobacco,Nursery bed,47800,0.14,8.2,6143.26,UPI,WhatsApp,Van delivery
O006661,2026-08-23,C0081,Retail farmer,V16,Tobacco,Nursery bed,9900,0.13,1.4,1268.98,UPI,WhatsApp,Van delivery
O006662,2026-08-23,C2841,Retail farmer,V16,Tobacco,Nursery bed,11200,0.13,0.4,1450.18,UPI,Phone call,Self pickup
O006663,2026-08-24,C2929,Wholesale / dealer,V02,Chilli,Nursery bed,10600,1.12,10.3,10649.18,UPI,WhatsApp,Van delivery
O006664,2026-08-24,C2930,Home gardener,V05,Chilli,Pro-tray,100,1.77,0.0,177.0,UPI,Phone call,Self pickup
O006665,2026-08-24,C2931,Retail farmer,V01,Chilli,Pro-tray,900,1.73,0.0,1557.0,UPI,Phone call,Self pickup
O006666,2026-08-24,C2932,Home gardener,V09,Chilli,Pro-tray,20,1.89,0.0,37.8,UPI,Phone call,Self pickup
O006667,2026-08-24,C0990,Retail farmer,V10,Chilli,Pro-tray,1900,1.53,0.0,2907.0,UPI,Walk-in,Self pickup
O006668,2026-08-24,C1790,Retail farmer,V04,Chilli,Pro-tray,600,1.85,0.0,1110.0,Cash,Walk-in,Self pickup
O006669,2026-08-24,C1993,Retail farmer,V03,Chilli,Pro-tray,1000,1.78,0.0,1780.0,Cash,WhatsApp,Van delivery
O006670,2026-08-24,C2933,Retail farmer,V04,Chilli,Pro-tray,1900,1.91,0.0,3629.0,Cash,Phone call,Self pickup
O006671,2026-08-24,C0103,Retail farmer,V01,Chilli,Nursery bed,1200,1.18,0.0,1416.0,UPI,WhatsApp,Van delivery
O006672,2026-08-24,C0261,Retail farmer,V10,Chilli,Pro-tray,1400,1.46,0.0,2044.0,Credit,Walk-in,Self pickup
O006673,2026-08-24,C1587,Retail farmer,V09,Chilli,Pro-tray,1800,1.89,0.0,3402.0,UPI,Walk-in,Self pickup
O006674,2026-08-24,C2934,Retail farmer,V09,Chilli,Pro-tray,4600,1.87,0.0,8602.0,UPI,Phone call,Self pickup
O006675,2026-08-24,C0696,Retail farmer,V11,Capsicum,Pro-tray,600,3.6,0.0,2160.0,Cash,Walk-in,Van delivery
O006676,2026-08-24,C2935,Retail farmer,V11,Capsicum,Pro-tray,1400,3.61,0.0,5054.0,UPI,Phone call,Self pickup
O006677,2026-08-24,C2120,Retail farmer,V12,Tomato,Pro-tray,1000,2.0,0.0,2000.0,UPI,Phone call,Self pickup
O006678,2026-08-24,C2584,Retail farmer,V13,Brinjal,Pro-tray,1200,1.31,0.0,1572.0,UPI,Walk-in,Van delivery
O006679,2026-08-24,C0541,Retail farmer,V15,Marigold,Pro-tray,1000,1.87,0.0,1870.0,Cash,WhatsApp,Self pickup
O006680,2026-08-24,C2936,Retail farmer,V15,Marigold,Pro-tray,1400,1.9,0.0,2660.0,Credit,WhatsApp,Self pickup
O006681,2026-08-24,C1511,Wholesale / dealer,V15,Marigold,Pro-tray,2000,1.85,11.7,3267.1,Cash,WhatsApp,Self pickup
O006682,2026-08-24,C2937,Retail farmer,V16,Tobacco,Nursery bed,14500,0.13,0.2,1881.23,Credit,WhatsApp,Van delivery
O006683,2026-08-24,C0847,Wholesale / dealer,V16,Tobacco,Nursery bed,20300,0.13,10.7,2356.63,Cash,Phone call,Van delivery
O006684,2026-08-24,C2935,Retail farmer,V16,Tobacco,Nursery bed,5800,0.13,3.1,730.63,UPI,WhatsApp,Self pickup
O006685,2026-08-24,C0660,Retail farmer,V16,Tobacco,Nursery bed,13000,0.13,1.1,1671.41,UPI,Walk-in,Self pickup
O006686,2026-08-24,C0047,Retail farmer,V16,Tobacco,Nursery bed,3300,0.13,0.0,429.0,UPI,Phone call,Self pickup
O006687,2026-08-25,C2938,Retail farmer,V07,Chilli,Pro-tray,1600,1.39,0.0,2224.0,Credit,Walk-in,Self pickup
O006688,2026-08-25,C2939,Retail farmer,V08,Chilli,Pro-tray,1200,1.68,0.0,2016.0,UPI,Phone call,Self pickup
O006689,2026-08-25,C1508,Retail farmer,V09,Chilli,Nursery bed,2200,1.34,0.0,2948.0,UPI,Walk-in,Self pickup
O006690,2026-08-25,C2801,Retail farmer,V09,Chilli,Pro-tray,2400,1.88,0.0,4512.0,Cash,Phone call,Self pickup
O006691,2026-08-25,C2940,Retail farmer,V04,Chilli,Pro-tray,2800,1.86,0.0,5208.0,Cash,Phone call,Self pickup
O006692,2026-08-25,C1683,Retail farmer,V02,Chilli,Pro-tray,1300,1.64,0.0,2132.0,Cash,Walk-in,Self pickup
O006693,2026-08-25,C0230,Retail farmer,V08,Chilli,Pro-tray,700,1.71,0.0,1197.0,Cash,Walk-in,Self pickup
O006694,2026-08-25,C2941,Retail farmer,V11,Capsicum,Pro-tray,1900,3.58,0.0,6802.0,Cash,Phone call,Self pickup
O006695,2026-08-25,C1501,Retail farmer,V12,Tomato,Pro-tray,1000,1.93,0.0,1930.0,UPI,Walk-in,Self pickup
O006696,2026-08-25,C2619,Retail farmer,V12,Tomato,Nursery bed,1200,1.4,0.0,1680.0,Cash,WhatsApp,Self pickup
O006697,2026-08-25,C2437,Retail farmer,V13,Brinjal,Nursery bed,900,0.9,0.0,810.0,UPI,Phone call,Self pickup
O006698,2026-08-25,C2942,Retail farmer,V14,Marigold,Pro-tray,700,1.99,0.0,1393.0,UPI,WhatsApp,Self pickup
O006699,2026-08-25,C2943,Retail farmer,V14,Marigold,Pro-tray,3100,1.99,0.0,6169.0,Cash,Walk-in,Self pickup
O006700,2026-08-25,C2095,Retail farmer,V14,Marigold,Pro-tray,5100,1.97,0.2,10026.91,UPI,Phone call,Van delivery
O006701,2026-08-25,C2944,Retail farmer,V16,Tobacco,Nursery bed,4800,0.13,0.0,624.0,UPI,Phone call,Self pickup
O006702,2026-08-25,C0596,Wholesale / dealer,V16,Tobacco,Nursery bed,13300,0.13,11.4,1531.89,UPI,Walk-in,Van delivery
O006703,2026-08-25,C2945,Retail farmer,V16,Tobacco,Nursery bed,4800,0.14,0.0,672.0,Cash,Phone call,Self pickup
O006704,2026-08-25,C1485,Retail farmer,V16,Tobacco,Nursery bed,7300,0.13,3.3,917.68,UPI,Walk-in,Van delivery
O006705,2026-08-25,C0400,Retail farmer,V16,Tobacco,Nursery bed,8800,0.13,2.1,1119.98,UPI,Phone call,Van delivery
O006706,2026-08-26,C1224,Retail farmer,V05,Chilli,Nursery bed,2900,1.26,0.0,3654.0,Cash,Walk-in,Self pickup
O006707,2026-08-26,C2946,Retail farmer,V01,Chilli,Pro-tray,2300,1.74,0.0,4002.0,UPI,Walk-in,Self pickup
O006708,2026-08-26,C2947,Retail farmer,V01,Chilli,Nursery bed,2000,1.2,0.0,2400.0,UPI,Phone call,Self pickup
O006709,2026-08-26,C0708,Retail farmer,V08,Chilli,Pro-tray,4800,1.7,0.0,8160.0,UPI,Walk-in,Self pickup
O006710,2026-08-26,C2948,Retail farmer,V03,Chilli,Pro-tray,1000,1.78,0.0,1780.0,UPI,Walk-in,Self pickup
O006711,2026-08-26,C1129,Wholesale / dealer,V06,Chilli,Pro-tray,7400,1.43,8.1,9724.86,UPI,Walk-in,Van delivery
O006712,2026-08-26,C2949,Retail farmer,V06,Chilli,Pro-tray,1300,1.41,0.0,1833.0,UPI,Walk-in,Self pickup
O006713,2026-08-26,C2950,Retail farmer,V11,Capsicum,Pro-tray,1300,3.62,0.0,4706.0,Credit,WhatsApp,Self pickup
O006714,2026-08-26,C1154,Retail farmer,V11,Capsicum,Pro-tray,1800,3.47,0.0,6246.0,UPI,Phone call,Self pickup
O006715,2026-08-26,C2951,Home gardener,V12,Tomato,Pro-tray,80,1.97,0.0,157.6,Cash,Walk-in,Self pickup
O006716,2026-08-26,C2952,Retail farmer,V12,Tomato,Nursery bed,1000,1.38,0.0,1380.0,UPI,WhatsApp,Self pickup
O006717,2026-08-26,C2953,Retail farmer,V15,Marigold,Pro-tray,900,1.87,0.0,1683.0,UPI,Walk-in,Self pickup
O006718,2026-08-26,C2954,Retail farmer,V14,Marigold,Nursery bed,700,1.47,0.0,1029.0,UPI,Walk-in,Self pickup
O006719,2026-08-26,C2955,Home gardener,V15,Marigold,Pro-tray,20,1.83,0.0,36.6,UPI,Walk-in,Self pickup
O006720,2026-08-26,C0116,Retail farmer,V15,Marigold,Nursery bed,2400,1.41,0.0,3384.0,Cash,Walk-in,Self pickup
O006721,2026-08-26,C1924,Home gardener,V15,Marigold,Pro-tray,70,1.83,0.0,128.1,UPI,Phone call,Self pickup
O006722,2026-08-26,C1202,Wholesale / dealer,V14,Marigold,Pro-tray,8300,1.96,9.9,14657.47,Credit,Phone call,Self pickup
O006723,2026-08-26,C0640,Wholesale / dealer,V16,Tobacco,Nursery bed,67900,0.13,10.1,7935.47,Credit,Phone call,Van delivery
O006724,2026-08-26,C1801,Wholesale / dealer,V16,Tobacco,Nursery bed,41100,0.13,11.8,4712.53,UPI,WhatsApp,Van delivery
O006725,2026-08-26,C1150,Retail farmer,V16,Tobacco,Nursery bed,4500,0.13,0.0,585.0,Cash,Phone call,Self pickup
O006726,2026-08-27,C1697,Wholesale / dealer,V01,Chilli,Pro-tray,7500,1.75,11.6,11602.5,UPI,WhatsApp,Self pickup
O006727,2026-08-27,C2956,Retail farmer,V04,Chilli,Nursery bed,700,1.32,0.0,924.0,Cash,Phone call,Self pickup
O006728,2026-08-27,C2957,Home gardener,V05,Chilli,Pro-tray,160,1.74,0.0,278.4,UPI,Walk-in,Self pickup
O006729,2026-08-27,C1041,Retail farmer,V03,Chilli,Pro-tray,1800,1.79,0.0,3222.0,UPI,WhatsApp,Self pickup
O006730,2026-08-27,C0838,Retail farmer,V05,Chilli,Nursery bed,1000,1.24,0.0,1240.0,UPI,Walk-in,Self pickup
O006731,2026-08-27,C2958,Retail farmer,V11,Capsicum,Pro-tray,500,3.59,0.0,1795.0,Cash,Phone call,Self pickup
O006732,2026-08-27,C1066,Retail farmer,V12,Tomato,Pro-tray,800,2.0,0.0,1600.0,Cash,WhatsApp,Van delivery
O006733,2026-08-27,C2959,Retail farmer,V12,Tomato,Pro-tray,3500,2.03,0.0,7105.0,Credit,Walk-in,Self pickup
O006734,2026-08-27,C2960,Home gardener,V12,Tomato,Pro-tray,30,2.01,0.0,60.3,UPI,WhatsApp,Self pickup
O006735,2026-08-27,C2961,Retail farmer,V15,Marigold,Pro-tray,1200,1.87,0.0,2244.0,UPI,Walk-in,Self pickup
O006736,2026-08-27,C2962,Retail farmer,V14,Marigold,Pro-tray,2300,2.03,0.0,4669.0,Credit,Walk-in,Self pickup
O006737,2026-08-27,C1702,Retail farmer,V16,Tobacco,Nursery bed,12500,0.13,1.1,1607.12,Cash,Walk-in,Self pickup
O006738,2026-08-27,C2963,Retail farmer,V16,Tobacco,Nursery bed,6800,0.14,1.8,934.86,UPI,Walk-in,Self pickup
O006739,2026-08-27,C0530,Wholesale / dealer,V16,Tobacco,Nursery bed,39200,0.13,10.7,4550.73,UPI,WhatsApp,Van delivery
O006740,2026-08-27,C0768,Retail farmer,V16,Tobacco,Nursery bed,4200,0.13,0.0,546.0,UPI,Walk-in,Self pickup
O006741,2026-08-28,C2296,Wholesale / dealer,V08,Chilli,Nursery bed,3700,1.21,11.1,3980.05,Credit,WhatsApp,Self pickup
O006742,2026-08-28,C2964,Retail farmer,V03,Chilli,Pro-tray,1500,1.79,0.0,2685.0,UPI,Walk-in,Self pickup
O006743,2026-08-28,C2455,Retail farmer,V07,Chilli,Pro-tray,3000,1.38,0.0,4140.0,Credit,Walk-in,Self pickup
O006744,2026-08-28,C1267,Retail farmer,V09,Chilli,Pro-tray,1200,1.84,0.0,2208.0,UPI,WhatsApp,Self pickup
O006745,2026-08-28,C0874,Wholesale / dealer,V02,Chilli,Pro-tray,8000,1.65,11.5,11682.0,UPI,Walk-in,Van delivery
O006746,2026-08-28,C1500,Retail farmer,V08,Chilli,Pro-tray,1800,1.65,0.0,2970.0,UPI,WhatsApp,Self pickup
O006747,2026-08-28,C2965,Wholesale / dealer,V03,Chilli,Pro-tray,2800,1.86,11.2,4624.7,UPI,Walk-in,Self pickup
O006748,2026-08-28,C2966,Retail farmer,V01,Chilli,Pro-tray,400,1.68,0.0,672.0,Cash,Walk-in,Self pickup
O006749,2026-08-28,C2967,Retail farmer,V08,Chilli,Pro-tray,1900,1.7,0.0,3230.0,UPI,Walk-in,Self pickup
O006750,2026-08-28,C1029,Home gardener,V03,Chilli,Pro-tray,190,1.79,0.0,340.1,UPI,Walk-in,Self pickup
O006751,2026-08-28,C1976,Retail farmer,V06,Chilli,Pro-tray,1600,1.44,0.0,2304.0,UPI,WhatsApp,Van delivery
O006752,2026-08-28,C1698,Retail farmer,V02,Chilli,Pro-tray,1500,1.69,0.0,2535.0,Cash,Phone call,Self pickup
O006753,2026-08-28,C2664,Home gardener,V07,Chilli,Pro-tray,160,1.38,0.0,220.8,UPI,Walk-in,Self pickup
O006754,2026-08-28,C0108,Retail farmer,V04,Chilli,Nursery bed,1800,1.34,0.0,2412.0,Cash,Phone call,Self pickup
O006755,2026-08-28,C2968,Retail farmer,V03,Chilli,Nursery bed,600,1.26,0.0,756.0,UPI,Phone call,Self pickup
O006756,2026-08-28,C2969,Wholesale / dealer,V11,Capsicum,Pro-tray,10500,3.55,8.6,34069.35,Credit,WhatsApp,Van delivery
O006757,2026-08-28,C2299,Wholesale / dealer,V12,Tomato,Pro-tray,6900,2.01,9.9,12495.97,Credit,WhatsApp,Self pickup
O006758,2026-08-28,C1461,Retail farmer,V13,Brinjal,Pro-tray,500,1.35,0.0,675.0,UPI,Walk-in,Self pickup
O006759,2026-08-28,C2970,Retail farmer,V14,Marigold,Pro-tray,700,1.97,0.0,1379.0,Cash,Phone call,Self pickup
O006760,2026-08-28,C1757,Retail farmer,V16,Tobacco,Nursery bed,30900,0.13,3.5,3876.4,Credit,WhatsApp,Van delivery
O006761,2026-08-28,C0847,Wholesale / dealer,V16,Tobacco,Nursery bed,86300,0.13,8.4,10276.6,UPI,Phone call,Van delivery
O006762,2026-08-28,C2971,Wholesale / dealer,V16,Tobacco,Nursery bed,34900,0.13,9.0,4128.67,UPI,Phone call,Van delivery
O006763,2026-08-29,C2972,Wholesale / dealer,V03,Chilli,Nursery bed,11800,1.24,8.2,13432.18,UPI,Walk-in,Van delivery
O006764,2026-08-29,C1739,Retail farmer,V05,Chilli,Pro-tray,800,1.78,0.0,1424.0,Cash,Walk-in,Self pickup
O006765,2026-08-29,C2216,Wholesale / dealer,V01,Chilli,Pro-tray,18100,1.66,8.1,27612.27,Credit,Walk-in,Self pickup
O006766,2026-08-29,C2973,Retail farmer,V08,Chilli,Pro-tray,1200,1.7,0.0,2040.0,Credit,WhatsApp,Self pickup
O006767,2026-08-29,C2974,Retail farmer,V07,Chilli,Pro-tray,2000,1.37,0.0,2740.0,Credit,Walk-in,Self pickup
O006768,2026-08-29,C2975,Retail farmer,V08,Chilli,Nursery bed,1500,1.22,0.0,1830.0,Cash,WhatsApp,Self pickup
O006769,2026-08-29,C2976,Retail farmer,V07,Chilli,Pro-tray,1300,1.38,0.0,1794.0,Cash,Phone call,Self pickup
O006770,2026-08-29,C1070,Retail farmer,V07,Chilli,Pro-tray,1500,1.37,0.0,2055.0,Cash,Walk-in,Self pickup
O006771,2026-08-29,C2977,Retail farmer,V10,Chilli,Pro-tray,2100,1.46,0.0,3066.0,UPI,Walk-in,Self pickup
O006772,2026-08-29,C0247,Retail farmer,V01,Chilli,Nursery bed,1700,1.22,0.0,2074.0,Cash,Walk-in,Self pickup
O006773,2026-08-29,C0797,Retail farmer,V09,Chilli,Pro-tray,1600,1.91,0.0,3056.0,Cash,Walk-in,Van delivery
O006774,2026-08-29,C2978,Home gardener,V02,Chilli,Pro-tray,200,1.61,0.0,322.0,Cash,Phone call,Self pickup
O006775,2026-08-29,C1892,Retail farmer,V06,Chilli,Pro-tray,2300,1.47,0.0,3381.0,Cash,Phone call,Self pickup
O006776,2026-08-29,C2979,Wholesale / dealer,V01,Chilli,Pro-tray,51700,1.74,11.3,79792.75,UPI,Walk-in,Self pickup
O006777,2026-08-29,C2980,Retail farmer,V11,Capsicum,Pro-tray,900,3.61,0.0,3249.0,UPI,WhatsApp,Self pickup
O006778,2026-08-29,C2981,Retail farmer,V11,Capsicum,Pro-tray,1100,3.54,0.0,3894.0,UPI,Phone call,Self pickup
O006779,2026-08-29,C2982,Retail farmer,V11,Capsicum,Pro-tray,3900,3.45,0.0,13455.0,Cash,Phone call,Self pickup
O006780,2026-08-29,C2693,Retail farmer,V12,Tomato,Nursery bed,900,1.37,0.0,1233.0,UPI,WhatsApp,Van delivery
O006781,2026-08-29,C2972,Wholesale / dealer,V12,Tomato,Pro-tray,7700,1.97,11.1,13485.24,UPI,Walk-in,Van delivery
O006782,2026-08-29,C2983,Retail farmer,V13,Brinjal,Pro-tray,2300,1.31,0.0,3013.0,UPI,Walk-in,Van delivery
O006783,2026-08-29,C2984,Retail farmer,V13,Brinjal,Nursery bed,400,0.9,0.0,360.0,Cash,WhatsApp,Self pickup
O006784,2026-08-29,C2985,Retail farmer,V16,Tobacco,Nursery bed,7600,0.13,0.3,985.04,Credit,WhatsApp,Van delivery
O006785,2026-08-29,C2986,Retail farmer,V16,Tobacco,Nursery bed,4800,0.13,0.0,624.0,UPI,Walk-in,Van delivery
O006786,2026-08-29,C2987,Retail farmer,V16,Tobacco,Nursery bed,11600,0.13,3.2,1459.74,UPI,Phone call,Van delivery
O006787,2026-08-29,C0061,Retail farmer,V16,Tobacco,Nursery bed,4200,0.13,0.0,546.0,UPI,WhatsApp,Self pickup
O006788,2026-08-29,C1355,Retail farmer,V16,Tobacco,Nursery bed,5700,0.13,2.0,726.18,UPI,WhatsApp,Self pickup
O006789,2026-08-29,C1055,Retail farmer,V16,Tobacco,Nursery bed,4400,0.13,0.0,572.0,UPI,Walk-in,Self pickup
O006790,2026-08-30,C1569,Wholesale / dealer,V01,Chilli,Pro-tray,6800,1.75,8.9,10840.9,Credit,Phone call,Van delivery
O006791,2026-08-30,C0551,Wholesale / dealer,V01,Chilli,Nursery bed,46700,1.2,8.3,51388.68,Credit,Walk-in,Van delivery
O006792,2026-08-30,C1449,Wholesale / dealer,V05,Chilli,Pro-tray,17100,1.72,8.7,26853.16,UPI,Phone call,Van delivery
O006793,2026-08-30,C2988,Retail farmer,V03,Chilli,Pro-tray,700,1.79,0.0,1253.0,Cash,WhatsApp,Self pickup
O006794,2026-08-30,C2989,Retail farmer,V01,Chilli,Pro-tray,2000,1.72,0.0,3440.0,Cash,Walk-in,Self pickup
O006795,2026-08-30,C1244,Retail farmer,V08,Chilli,Nursery bed,700,1.22,0.0,854.0,UPI,WhatsApp,Self pickup
O006796,2026-08-30,C0417,Wholesale / dealer,V03,Chilli,Nursery bed,12800,1.29,9.4,14959.87,UPI,Walk-in,Self pickup
O006797,2026-08-30,C2802,Retail farmer,V04,Chilli,Pro-tray,2400,1.85,0.0,4440.0,UPI,WhatsApp,Self pickup
O006798,2026-08-30,C1133,Wholesale / dealer,V06,Chilli,Pro-tray,5700,1.45,9.2,7504.62,UPI,WhatsApp,Van delivery
O006799,2026-08-30,C1140,Retail farmer,V03,Chilli,Nursery bed,3500,1.25,0.0,4375.0,Cash,Walk-in,Self pickup
O006800,2026-08-30,C2990,Retail farmer,V03,Chilli,Pro-tray,3600,1.8,0.0,6480.0,UPI,WhatsApp,Self pickup
O006801,2026-08-30,C2991,Wholesale / dealer,V05,Chilli,Nursery bed,11200,1.25,8.7,12782.0,Cash,WhatsApp,Van delivery
O006802,2026-08-30,C2992,Home gardener,V15,Marigold,Pro-tray,90,1.83,0.0,164.7,UPI,WhatsApp,Self pickup
O006803,2026-08-30,C2993,Retail farmer,V16,Tobacco,Nursery bed,2900,0.14,0.0,406.0,UPI,Walk-in,Self pickup
O006804,2026-08-30,C2353,Retail farmer,V16,Tobacco,Nursery bed,6600,0.13,1.7,843.41,UPI,Phone call,Van delivery
O006805,2026-08-30,C2994,Wholesale / dealer,V16,Tobacco,Nursery bed,32200,0.13,9.3,3796.7,UPI,Walk-in,Van delivery
O006806,2026-08-31,C2345,Retail farmer,V04,Chilli,Nursery bed,1700,1.35,0.0,2295.0,Cash,Walk-in,Self pickup
O006807,2026-08-31,C1347,Retail farmer,V06,Chilli,Nursery bed,2500,0.98,0.0,2450.0,UPI,WhatsApp,Self pickup
O006808,2026-08-31,C1066,Retail farmer,V09,Chilli,Pro-tray,1700,1.87,0.0,3179.0,UPI,Walk-in,Van delivery
O006809,2026-08-31,C2995,Retail farmer,V06,Chilli,Pro-tray,2000,1.42,0.0,2840.0,UPI,Walk-in,Self pickup
O006810,2026-08-31,C2996,Retail farmer,V01,Chilli,Pro-tray,1100,1.67,0.0,1837.0,Cash,Walk-in,Self pickup
O006811,2026-08-31,C2791,Retail farmer,V05,Chilli,Pro-tray,3100,1.81,0.0,5611.0,Credit,Walk-in,Self pickup
O006812,2026-08-31,C1209,Retail farmer,V01,Chilli,Pro-tray,2600,1.7,0.0,4420.0,Cash,Phone call,Self pickup
O006813,2026-08-31,C2997,Retail farmer,V06,Chilli,Pro-tray,1100,1.46,0.0,1606.0,UPI,Phone call,Self pickup
O006814,2026-08-31,C2224,Retail farmer,V01,Chilli,Pro-tray,1600,1.71,0.0,2736.0,UPI,Phone call,Self pickup
O006815,2026-08-31,C0677,Retail farmer,V04,Chilli,Pro-tray,800,1.85,0.0,1480.0,Cash,Phone call,Van delivery
O006816,2026-08-31,C2998,Home gardener,V04,Chilli,Pro-tray,160,1.83,0.0,292.8,UPI,Walk-in,Self pickup
O006817,2026-08-31,C2999,Retail farmer,V11,Capsicum,Pro-tray,700,3.51,0.0,2457.0,Cash,Walk-in,Self pickup
O006818,2026-08-31,C0475,Wholesale / dealer,V12,Tomato,Pro-tray,17700,2.01,9.0,32375.07,Credit,WhatsApp,Van delivery
O006819,2026-08-31,C3000,Retail farmer,V15,Marigold,Pro-tray,1000,1.82,0.0,1820.0,Cash,Walk-in,Self pickup
O006820,2026-08-31,C2294,Wholesale / dealer,V15,Marigold,Pro-tray,6400,1.83,8.1,10763.33,UPI,Phone call,Van delivery
O006821,2026-08-31,C2346,Retail farmer,V16,Tobacco,Nursery bed,9900,0.13,0.6,1279.28,Credit,WhatsApp,Van delivery
O006822,2026-08-31,C1306,Wholesale / dealer,V16,Tobacco,Nursery bed,54300,0.13,11.5,6247.22,Credit,WhatsApp,Van delivery
O006823,2026-08-31,C3001,Retail farmer,V16,Tobacco,Nursery bed,15500,0.13,0.8,1998.88,Cash,WhatsApp,Self pickup
O006824,2026-08-31,C2352,Retail farmer,V16,Tobacco,Nursery bed,15100,0.13,4.0,1884.48,UPI,WhatsApp,Van delivery
